ID,CODE_GENDER,FLAG_OWN_CAR,FLAG_OWN_REALTY,CNT_CHILDREN,AMT_INCOME_TOTAL,NAME_INCOME_TYPE,NAME_EDUCATION_TYPE,NAME_FAMILY_STATUS,NAME_HOUSING_TYPE,DAYS_BIRTH,DAYS_EMPLOYED,FLAG_MOBIL,FLAG_WORK_PHONE,FLAG_PHONE,FLAG_EMAIL,OCCUPATION_TYPE,CNT_FAM_MEMBERS
5008804,M,Y,Y,0,150967.33,Student,Higher education,Married,House / apartment,-11423,-2540,1,0,1,0,Laborers,2
5008805,F,N,Y,1,160574.76,Pensioner,Higher education,Civil marriage,House / apartment,-9262,365243,1,0,1,0,,3
5008806,F,N,N,0,79108.22,State servant,Lower secondary,Widow,Municipal apartment,-17581,-7809,1,0,1,1,Core staff,1
5008807,M,N,Y,0,218730.67,Commercial associate,Higher education,Civil marriage,Co-op apartment,-23749,-11194,1,0,0,0,High skill tech staff,2
5008808,F,N,Y,0,182705.83,Working,Higher education,Single / not married,Office apartment,-22714,-5204,1,1,1,0,HR staff,1
5008809,M,Y,Y,0,111157.38,Student,Secondary / secondary special,Single / not married,Office apartment,-16142,-7275,1,0,0,0,Managers,1
5008810,F,N,Y,0,126929.52,Pensioner,Secondary / secondary special,Civil marriage,Co-op apartment,-13509,365243,1,1,1,0,,2
5008811,M,N,N,0,150589.9,Commercial associate,Secondary / secondary special,Civil marriage,Co-op apartment,-16385,-2097,1,0,0,0,Private service staff,2
5008812,F,Y,N,1,156447.9,Pensioner,Higher education,Widow,House / apartment,-9140,365243,1,1,0,1,,2
5008813,M,Y,Y,0,113308.36,Student,Secondary / secondary special,Widow,Co-op apartment,-19513,-9276,1,1,1,0,Low-skill Laborers,1
5008814,F,Y,Y,0,156112.82,Commercial associate,Secondary / secondary special,Married,With parents,-8827,-247,1,0,0,0,Cleaning staff,2
5008815,F,Y,Y,2,86537.17,State servant,Secondary / secondary special,Separated,With parents,-9289,-1851,1,1,1,0,Private service staff,3
5008816,M,N,N,0,123157.38,Pensioner,Secondary / secondary special,Single / not married,With parents,-16876,365243,1,0,1,0,,1
5008817,F,Y,N,0,40679.76,Student,Incomplete higher,Widow,House / apartment,-24304,-16438,1,0,1,0,Medicine staff,1
5008818,M,N,N,0,45382.89,State servant,Secondary / secondary special,Separated,Municipal apartment,-14931,-8008,1,1,0,0,IT staff,1
5008819,M,N,Y,0,140999.51,Working,Higher education,Widow,With parents,-8646,-1142,1,0,0,0,High skill tech staff,1
5008820,M,N,N,0,134105.45,Working,Secondary / secondary special,Widow,Office apartment,-16644,-9424,1,1,0,0,Accountants,1
5008821,M,N,Y,0,204802.89,Working,Higher education,Widow,With parents,-16354,-1453,1,0,0,0,Private service staff,1
5008822,M,N,Y,0,79101.63,Student,Lower secondary,Single / not married,Municipal apartment,-9651,-492,1,0,1,0,IT staff,1
5008823,M,N,Y,0,106859.42,State servant,Secondary / secondary special,Civil marriage,With parents,-20394,-7706,1,0,0,0,Waiters/barmen staff,2
5008824,M,N,N,0,100515.01,Commercial associate,Secondary / secondary special,Married,Municipal apartment,-11276,-1310,1,1,1,1,Managers,2
5008825,M,N,Y,0,254308.12,Commercial associate,Higher education,Separated,Co-op apartment,-22503,-12948,1,0,0,0,Security staff,1
5008826,M,N,Y,1,44073.09,Pensioner,Secondary / secondary special,Separated,Municipal apartment,-12452,365243,1,0,1,0,,2
5008827,F,N,N,0,81949.3,Pensioner,Secondary / secondary special,Separated,Municipal apartment,-20177,365243,1,1,1,0,,1
5008828,M,N,Y,0,207064.77,Working,Higher education,Single / not married,Municipal apartment,-15074,-8074,1,1,0,0,Cleaning staff,1
5008829,F,N,Y,0,155869.62,Student,Higher education,Separated,Co-op apartment,-20513,-2576,1,1,0,0,Cooking staff,1
5008830,M,N,Y,0,144654.45,State servant,Secondary / secondary special,Single / not married,Co-op apartment,-9125,-1403,1,0,0,0,Cleaning staff,1
5008831,M,N,Y,0,104142.07,Student,Lower secondary,Single / not married,Co-op apartment,-19624,-6543,1,0,0,0,Medicine staff,1
5008832,M,N,Y,1,158891.26,State servant,Higher education,Married,Rented apartment,-9959,-1670,1,1,1,0,Realty agents,3
5008833,F,N,Y,2,186196.82,State servant,Higher education,Civil marriage,Office apartment,-15989,-2391,1,0,1,0,Secretaries,4
5008834,F,Y,Y,0,165136.94,Commercial associate,Secondary / secondary special,Separated,Municipal apartment,-16985,-4435,1,1,1,1,Accountants,1
5008835,M,N,N,0,77345.7,Pensioner,Secondary / secondary special,Separated,Office apartment,-20502,365243,1,0,1,0,,1
5008836,F,N,Y,0,298422.98,Commercial associate,Higher education,Married,House / apartment,-18704,-1803,1,0,0,0,Secretaries,2
5008837,F,Y,Y,1,101484.02,State servant,Secondary / secondary special,Married,Co-op apartment,-16930,-10354,1,0,0,0,Private service staff,3
5008838,M,N,N,0,115919.43,Commercial associate,Secondary / secondary special,Married,Office apartment,-23940,-8173,1,1,0,0,Security staff,2
5008839,M,N,Y,0,156551.46,Pensioner,Secondary / secondary special,Separated,Rented apartment,-23832,365243,1,0,0,0,,1
5008840,M,Y,N,1,246830.14,Working,Higher education,Married,Municipal apartment,-16815,-6836,1,1,0,0,Sales staff,3
5008841,F,Y,N,0,213370.15,Commercial associate,Higher education,Civil marriage,Office apartment,-21544,-8140,1,1,1,0,HR staff,2
5008842,F,Y,Y,2,87164.85,State servant,Secondary / secondary special,Widow,Co-op apartment,-14176,-395,1,0,1,0,Cleaning staff,3
5008843,F,Y,N,1,121410.46,Working,Secondary / secondary special,Single / not married,Co-op apartment,-14647,-4563,1,1,1,0,Medicine staff,2
5008844,M,Y,Y,0,99871.4,Student,Secondary / secondary special,Civil marriage,Rented apartment,-24779,-10101,1,1,1,0,Private service staff,2
5008845,M,Y,Y,0,69023.8,Commercial associate,Secondary / secondary special,Civil marriage,Co-op apartment,-17791,-8571,1,0,0,0,Cooking staff,2
5008846,F,Y,Y,0,132101.0,Working,Secondary / secondary special,Single / not married,Co-op apartment,-22578,-7949,1,1,1,0,Laborers,1
5008847,F,Y,Y,2,112641.28,Working,Secondary / secondary special,Married,With parents,-10231,-2138,1,0,0,0,Cooking staff,4
5008848,F,N,N,0,159894.9,State servant,Secondary / secondary special,Widow,Rented apartment,-12912,-4005,1,0,0,0,Managers,1
5008849,M,Y,Y,0,144514.55,State servant,Secondary / secondary special,Married,With parents,-12616,-1839,1,0,0,1,Secretaries,2
5008850,M,N,Y,0,97411.68,Commercial associate,Incomplete higher,Widow,Municipal apartment,-15209,-4144,1,1,1,0,Cooking staff,1
5008851,F,N,Y,2,181148.3,Student,Higher education,Widow,Office apartment,-23992,-17410,1,0,0,0,Security staff,3
5008852,F,N,Y,0,260731.55,State servant,Higher education,Separated,Municipal apartment,-13181,-854,1,1,1,0,High skill tech staff,1
5008853,F,N,Y,1,101191.75,Working,Secondary / secondary special,Separated,Office apartment,-21831,-199,1,1,1,0,IT staff,2
5008854,F,N,Y,0,146697.57,Pensioner,Secondary / secondary special,Separated,Co-op apartment,-15991,365243,1,0,0,0,,1
5008855,F,N,Y,0,267002.39,Working,Academic degree,Single / not married,Rented apartment,-23680,-5122,1,1,1,1,Security staff,1
5008856,M,N,Y,0,184514.46,Commercial associate,Secondary / secondary special,Separated,Municipal apartment,-23708,-8789,1,1,1,0,Laborers,1
5008857,F,N,Y,0,30000.0,Student,Secondary / secondary special,Single / not married,Co-op apartment,-11769,-2102,1,0,1,0,Waiters/barmen staff,1
5008858,F,N,Y,1,167803.63,State servant,Lower secondary,Married,Rented apartment,-9381,-2572,1,0,1,0,Laborers,3
5008859,M,Y,N,0,269362.69,State servant,Higher education,Widow,Rented apartment,-24049,-11021,1,0,0,0,HR staff,1
5008860,F,N,N,0,107369.75,Working,Secondary / secondary special,Married,House / apartment,-13238,-546,1,1,1,0,Private service staff,2
5008861,F,N,N,0,130820.58,State servant,Secondary / secondary special,Widow,With parents,-11656,-3307,1,1,0,0,Secretaries,1
5008862,F,N,Y,0,95755.74,Pensioner,Secondary / secondary special,Separated,Rented apartment,-9501,365243,1,1,1,0,,1
5008863,F,Y,N,0,144577.35,Working,Secondary / secondary special,Civil marriage,With parents,-18598,-7535,1,0,0,0,Drivers,2
5008864,F,Y,Y,0,120600.72,Pensioner,Incomplete higher,Single / not married,Office apartment,-22716,365243,1,1,1,0,,1
5008865,F,N,N,2,139266.52,Pensioner,Secondary / secondary special,Married,With parents,-20616,365243,1,0,1,1,,4
5008866,F,Y,Y,0,136195.15,Pensioner,Secondary / secondary special,Widow,Rented apartment,-21788,365243,1,1,0,0,,1
5008867,F,Y,N,0,177789.85,Commercial associate,Incomplete higher,Separated,Co-op apartment,-12857,-2673,1,0,0,0,Drivers,1
5008868,F,Y,Y,0,145546.05,Pensioner,Secondary / secondary special,Widow,Rented apartment,-17752,365243,1,0,1,0,,1
5008869,F,N,N,0,151425.24,Commercial associate,Higher education,Civil marriage,House / apartment,-24509,-6703,1,0,1,0,Private service staff,2
5008870,M,N,N,0,144777.17,Student,Secondary / secondary special,Widow,With parents,-17736,-9109,1,1,0,0,Medicine staff,1
5008871,M,Y,N,3,110629.89,Commercial associate,Secondary / secondary special,Single / not married,Office apartment,-13228,-1310,1,0,1,0,Core staff,4
5008872,M,N,N,0,70356.18,Student,Secondary / secondary special,Widow,Municipal apartment,-15533,-8643,1,1,1,0,Core staff,1
5008873,M,N,N,0,92383.28,Student,Secondary / secondary special,Widow,Co-op apartment,-17719,-7989,1,1,1,0,Low-skill Laborers,1
5008874,F,Y,N,1,219305.38,Student,Higher education,Separated,With parents,-14774,-6816,1,1,0,0,Low-skill Laborers,2
5008875,F,N,Y,0,101697.31,Working,Incomplete higher,Civil marriage,With parents,-17221,-6319,1,1,0,0,IT staff,2
5008876,F,N,N,2,124778.6,Pensioner,Higher education,Single / not married,Co-op apartment,-15947,365243,1,0,1,0,,3
5008877,F,Y,Y,0,141812.22,Student,Secondary / secondary special,Married,Office apartment,-23619,-14169,1,0,0,0,Security staff,2
5008878,F,N,Y,0,123353.22,State servant,Secondary / secondary special,Separated,Municipal apartment,-10372,-1309,1,0,0,0,Cleaning staff,1
5008879,M,N,Y,0,112492.89,State servant,Secondary / secondary special,Widow,House / apartment,-13595,-940,1,1,0,0,HR staff,1
5008880,M,Y,Y,0,83581.69,Pensioner,Secondary / secondary special,Separated,Co-op apartment,-15063,365243,1,0,1,0,,1
5008881,M,N,N,1,111898.72,Working,Secondary / secondary special,Married,Municipal apartment,-17554,-6373,1,1,0,0,Waiters/barmen staff,3
5008882,F,Y,N,0,137157.19,Pensioner,Higher education,Widow,House / apartment,-14464,365243,1,1,1,0,,1
5008883,M,Y,Y,0,111709.89,Pensioner,Secondary / secondary special,Married,With parents,-12064,365243,1,0,0,0,,2
5008884,M,Y,N,0,153772.25,Student,Higher education,Widow,Co-op apartment,-18576,-7563,1,0,1,0,Cleaning staff,1
5008885,F,N,N,0,96262.81,Working,Secondary / secondary special,Married,Municipal apartment,-21947,-1348,1,1,1,0,Sales staff,2
5008886,M,N,N,0,122219.28,State servant,Secondary / secondary special,Separated,House / apartment,-21591,-12604,1,0,0,0,Sales staff,1
5008887,F,N,Y,0,65745.48,Pensioner,Secondary / secondary special,Widow,House / apartment,-21218,365243,1,1,0,0,,1
5008888,F,Y,N,0,122595.34,Commercial associate,Incomplete higher,Single / not married,Municipal apartment,-12995,-4275,1,0,0,0,Low-skill Laborers,1
5008889,F,N,Y,0,200593.31,Student,Higher education,Civil marriage,With parents,-23998,-6074,1,0,0,1,HR staff,2
5008890,M,Y,N,0,152173.44,Student,Higher education,Widow,With parents,-17923,-1904,1,0,1,0,High skill tech staff,1
5008891,F,N,Y,0,96009.13,State servant,Secondary / secondary special,Separated,With parents,-13984,-7028,1,1,1,0,Secretaries,1
5008892,F,N,N,1,40836.8,Pensioner,Secondary / secondary special,Civil marriage,Office apartment,-23709,365243,1,0,1,0,,3
5008893,M,Y,N,0,200485.91,Commercial associate,Secondary / secondary special,Separated,Office apartment,-14089,-3014,1,1,0,0,Sales staff,1
5008894,M,N,Y,1,154293.35,Pensioner,Secondary / secondary special,Single / not married,Co-op apartment,-15723,365243,1,0,0,0,,2
5008895,M,N,Y,1,144858.7,Working,Secondary / secondary special,Married,House / apartment,-11763,-3381,1,0,0,0,Secretaries,3
5008896,F,N,Y,0,126475.49,Commercial associate,Secondary / secondary special,Single / not married,Co-op apartment,-19141,-6665,1,0,0,0,Private service staff,1
5008897,F,Y,Y,0,210217.7,Pensioner,Higher education,Married,Office apartment,-20291,365243,1,1,0,0,,2
5008898,F,N,Y,1,167956.23,State servant,Secondary / secondary special,Married,Co-op apartment,-20994,-6698,1,0,0,0,Cooking staff,3
5008899,M,Y,Y,0,131385.24,State servant,Higher education,Single / not married,Municipal apartment,-13798,-5680,1,1,0,0,Cleaning staff,1
5008900,F,N,N,2,149481.49,Commercial associate,Secondary / secondary special,Widow,Municipal apartment,-21423,-10846,1,1,0,0,Sales staff,3
5008901,F,Y,Y,0,78864.32,State servant,Secondary / secondary special,Separated,House / apartment,-20147,-12389,1,1,0,0,Waiters/barmen staff,1
5008902,F,N,N,0,224325.1,Commercial associate,Lower secondary,Separated,House / apartment,-9837,-909,1,1,1,1,Private service staff,1
5008903,M,N,Y,2,130780.37,Working,Secondary / secondary special,Separated,Municipal apartment,-18821,-3193,1,0,0,0,Managers,3
5008904,F,N,Y,1,286169.92,Commercial associate,Higher education,Married,With parents,-22310,-7213,1,0,1,0,Secretaries,3
5008905,M,N,Y,0,191025.97,Commercial associate,Secondary / secondary special,Married,With parents,-21267,-3617,1,0,1,0,HR staff,2
5008906,F,N,N,0,151665.49,Working,Incomplete higher,Separated,Office apartment,-8936,-2301,1,1,1,0,Sales staff,1
5008907,F,Y,N,0,98214.52,Commercial associate,Secondary / secondary special,Married,House / apartment,-16564,-3165,1,1,0,0,High skill tech staff,2
5008908,F,N,Y,0,172250.53,Commercial associate,Secondary / secondary special,Married,Office apartment,-18673,-7235,1,0,1,0,Drivers,2
5008909,M,N,Y,0,179536.56,Student,Higher education,Widow,Rented apartment,-18281,-531,1,1,1,0,IT staff,1
5008910,F,Y,Y,0,116301.92,State servant,Secondary / secondary special,Single / not married,Municipal apartment,-22459,-5196,1,1,0,0,Private service staff,1
5008911,M,Y,Y,0,162946.93,Working,Secondary / secondary special,Single / not married,Municipal apartment,-23699,-12400,1,0,1,1,Accountants,1
5008912,F,N,Y,0,116134.61,Student,Incomplete higher,Widow,Municipal apartment,-8505,-674,1,1,0,0,HR staff,1
5008913,F,Y,Y,0,104124.02,Working,Secondary / secondary special,Single / not married,Municipal apartment,-17167,-948,1,1,1,0,Realty agents,1
5008914,M,Y,Y,0,77930.48,Student,Lower secondary,Widow,House / apartment,-8447,-414,1,1,1,0,Cleaning staff,1
5008915,M,Y,Y,0,263053.96,Pensioner,Academic degree,Widow,Office apartment,-16079,365243,1,1,1,0,,1
5008916,F,Y,Y,0,129054.22,Working,Secondary / secondary special,Widow,Office apartment,-11576,-430,1,0,1,0,HR staff,1
5008917,M,Y,N,0,90505.95,Pensioner,Secondary / secondary special,Single / not married,Rented apartment,-16284,365243,1,1,0,0,,1
5008918,M,N,N,0,144071.33,Commercial associate,Secondary / secondary special,Widow,Municipal apartment,-19272,-11041,1,1,0,1,Security staff,1
5008919,F,N,Y,2,145391.68,Pensioner,Secondary / secondary special,Separated,Municipal apartment,-15906,365243,1,1,1,0,,3
5008920,F,N,Y,0,209814.73,Commercial associate,Higher education,Married,Municipal apartment,-23532,-11186,1,0,0,0,HR staff,2
5008921,F,N,N,0,235907.49,Student,Higher education,Single / not married,House / apartment,-9390,-1052,1,0,0,0,HR staff,1
5008922,M,N,N,1,174638.06,Commercial associate,Secondary / secondary special,Civil marriage,Co-op apartment,-8685,-1665,1,0,0,0,Medicine staff,3
5008923,M,N,Y,1,235871.17,Commercial associate,Higher education,Single / not married,Office apartment,-15704,-1907,1,1,0,0,Managers,2
5008924,F,N,Y,0,151148.17,Commercial associate,Secondary / secondary special,Married,With parents,-24522,-8664,1,0,1,0,Medicine staff,2
5008925,F,N,N,0,174451.49,Working,Higher education,Single / not married,House / apartment,-19133,-5942,1,1,1,0,High skill tech staff,1
5008926,F,N,Y,2,163118.23,State servant,Secondary / secondary special,Separated,Co-op apartment,-17098,-5051,1,0,0,0,IT staff,3
5008927,M,N,Y,0,53519.18,Working,Incomplete higher,Widow,With parents,-17501,-1792,1,1,0,0,Cleaning staff,1
5008928,F,Y,Y,1,106691.56,Student,Secondary / secondary special,Widow,Rented apartment,-19219,-4023,1,1,1,0,Laborers,2
5008929,M,N,Y,0,92931.19,Working,Secondary / secondary special,Separated,Municipal apartment,-24714,-7050,1,1,0,0,Low-skill Laborers,1
5008930,M,N,Y,0,214232.53,Student,Secondary / secondary special,Civil marriage,Rented apartment,-19232,-6974,1,1,0,0,IT staff,2
5008931,F,Y,Y,1,236567.19,Working,Higher education,Married,With parents,-11208,-631,1,1,0,0,Core staff,3
5008932,M,N,Y,0,132360.86,Working,Incomplete higher,Civil marriage,With parents,-12850,-1055,1,0,1,0,Realty agents,2
5008933,M,N,Y,1,124021.06,State servant,Secondary / secondary special,Civil marriage,Co-op apartment,-19195,-9956,1,1,1,0,Cleaning staff,3
5008934,F,Y,Y,0,282893.1,Commercial associate,Secondary / secondary special,Widow,Office apartment,-9972,-963,1,1,0,1,Accountants,1
5008935,F,Y,N,0,175884.24,Student,Secondary / secondary special,Single / not married,Office apartment,-20104,-7641,1,0,1,0,HR staff,1
5008936,M,Y,Y,1,223174.63,State servant,Higher education,Single / not married,Office apartment,-13191,-2003,1,1,1,0,Secretaries,2
5008937,F,N,N,1,225180.42,Pensioner,Higher education,Separated,House / apartment,-17326,365243,1,0,0,0,,2
5008938,F,Y,Y,0,149861.22,Commercial associate,Secondary / secondary special,Civil marriage,Municipal apartment,-20774,-7031,1,1,0,0,HR staff,2
5008939,F,Y,N,0,130209.89,Student,Incomplete higher,Married,Co-op apartment,-8503,-193,1,0,0,0,Drivers,2
5008940,M,Y,Y,0,193812.46,Student,Higher education,Civil marriage,Office apartment,-24450,-485,1,0,0,1,Waiters/barmen staff,2
5008941,M,Y,Y,0,116282.18,State servant,Secondary / secondary special,Single / not married,Municipal apartment,-19413,-10913,1,0,1,0,Core staff,1
5008942,F,Y,Y,0,134869.54,State servant,Secondary / secondary special,Married,Office apartment,-23449,-4017,1,1,0,1,HR staff,2
5008943,F,N,Y,0,68411.65,Pensioner,Incomplete higher,Widow,Rented apartment,-19292,365243,1,1,1,0,,1
5008944,M,N,N,0,125593.88,Pensioner,Higher education,Married,Municipal apartment,-18059,365243,1,1,1,0,,2
5008945,F,N,Y,0,105399.33,State servant,Secondary / secondary special,Separated,House / apartment,-20925,-4367,1,0,0,0,Medicine staff,1
5008946,F,N,Y,1,104109.66,Working,Secondary / secondary special,Married,With parents,-9168,-1222,1,1,0,0,IT staff,3
5008947,F,N,Y,1,96668.32,Working,Incomplete higher,Married,Co-op apartment,-23139,-15012,1,0,1,0,Medicine staff,3
5008948,F,Y,Y,0,56773.53,State servant,Secondary / secondary special,Civil marriage,Municipal apartment,-23879,-12526,1,0,1,0,HR staff,2
5008949,F,Y,Y,1,92795.77,Pensioner,Secondary / secondary special,Widow,With parents,-12827,365243,1,0,1,0,,2
5008950,F,N,Y,0,148703.46,Student,Secondary / secondary special,Civil marriage,Rented apartment,-13936,-6874,1,0,0,1,Accountants,2
5008951,F,N,Y,1,187547.74,Working,Higher education,Civil marriage,With parents,-12007,-992,1,1,0,0,Waiters/barmen staff,3
5008952,F,N,Y,2,134310.95,State servant,Incomplete higher,Civil marriage,Co-op apartment,-23043,-8926,1,0,0,0,Sales staff,4
5008953,F,Y,Y,0,247924.81,State servant,Higher education,Separated,House / apartment,-7851,-465,1,0,1,0,Realty agents,1
5008954,F,N,Y,0,118322.0,Working,Secondary / secondary special,Married,House / apartment,-21941,-11269,1,1,1,0,Private service staff,2
5008955,M,N,Y,0,182240.97,State servant,Higher education,Married,House / apartment,-22247,-10220,1,0,0,0,High skill tech staff,2
5008956,F,N,N,0,87201.71,Commercial associate,Secondary / secondary special,Separated,House / apartment,-20328,-12167,1,1,1,0,Secretaries,1
5008957,M,Y,N,1,164378.53,Working,Secondary / secondary special,Civil marriage,Municipal apartment,-11053,-672,1,1,1,0,HR staff,3
5008958,M,Y,N,0,250103.09,Pensioner,Higher education,Single / not married,Municipal apartment,-9693,365243,1,1,0,0,,1
5008959,M,N,Y,0,148022.78,Commercial associate,Secondary / secondary special,Single / not married,Office apartment,-10534,-1273,1,1,1,0,High skill tech staff,1
5008960,F,N,Y,0,120738.89,Student,Secondary / secondary special,Separated,Rented apartment,-19861,-5998,1,0,0,0,High skill tech staff,1
5008961,M,Y,Y,0,139806.38,State servant,Secondary / secondary special,Separated,Office apartment,-16439,-5727,1,1,0,0,Security staff,1
5008962,F,N,N,0,224704.79,Commercial associate,Higher education,Married,Rented apartment,-22524,-2033,1,0,1,0,Medicine staff,2
5008963,F,Y,Y,0,130280.91,Working,Secondary / secondary special,Widow,Office apartment,-10560,-3906,1,1,1,1,Cooking staff,1
5008964,M,Y,N,0,128847.64,Pensioner,Secondary / secondary special,Single / not married,With parents,-10180,365243,1,1,0,0,,1
5008965,F,N,Y,0,150898.7,State servant,Secondary / secondary special,Civil marriage,Co-op apartment,-23744,-6452,1,1,0,0,HR staff,2
5008966,M,N,Y,0,153688.0,Working,Secondary / secondary special,Separated,With parents,-16162,-3219,1,1,0,0,Cooking staff,1
5008967,F,N,N,1,76816.31,State servant,Secondary / secondary special,Separated,With parents,-24763,-16557,1,0,1,0,Cooking staff,2
5008968,F,Y,Y,2,151455.25,State servant,Secondary / secondary special,Single / not married,Rented apartment,-18922,-8743,1,0,1,0,Laborers,3
5008969,M,N,Y,0,177986.05,Working,Secondary / secondary special,Single / not married,Rented apartment,-8886,-998,1,0,1,0,Managers,1
5008970,F,Y,N,1,82183.47,Commercial associate,Secondary / secondary special,Widow,Co-op apartment,-10487,-1492,1,0,1,0,Accountants,2
5008971,F,N,Y,0,224339.79,Student,Higher education,Separated,Municipal apartment,-21250,-3773,1,0,1,0,Sales staff,1
5008972,M,N,Y,0,84873.89,Student,Secondary / secondary special,Married,With parents,-16165,-1243,1,0,0,1,HR staff,2
5008973,F,Y,N,0,109777.98,Commercial associate,Secondary / secondary special,Married,House / apartment,-23956,-7027,1,1,1,0,Cooking staff,2
5008974,M,N,Y,0,120973.57,Working,Secondary / secondary special,Single / not married,Office apartment,-13279,-4007,1,1,1,0,Sales staff,1
5008975,M,Y,Y,0,133156.64,Student,Secondary / secondary special,Married,Co-op apartment,-10025,-219,1,1,1,0,HR staff,2
5008976,M,N,N,1,100160.83,Working,Secondary / secondary special,Widow,House / apartment,-12184,-5474,1,1,1,0,Sales staff,2
5008977,M,N,Y,0,203021.89,Working,Secondary / secondary special,Married,With parents,-20387,-217,1,0,0,0,Laborers,2
5008978,F,N,Y,2,94852.81,State servant,Secondary / secondary special,Civil marriage,Municipal apartment,-21849,-8808,1,0,0,0,Managers,4
5008979,M,N,Y,0,73482.72,Pensioner,Secondary / secondary special,Married,Municipal apartment,-11115,365243,1,1,0,0,,2
5008980,F,N,N,1,180431.61,Commercial associate,Secondary / secondary special,Married,Municipal apartment,-7695,-799,1,0,0,0,Cooking staff,3
5008981,M,N,N,2,156768.0,Pensioner,Secondary / secondary special,Civil marriage,Rented apartment,-24400,365243,1,0,0,0,,4
5008982,F,Y,Y,0,54113.1,Commercial associate,Lower secondary,Separated,Co-op apartment,-21951,-5139,1,1,0,0,Secretaries,1
5008983,M,Y,N,0,116075.17,State servant,Secondary / secondary special,Widow,Municipal apartment,-24229,-3810,1,1,1,0,Cooking staff,1
5008984,M,Y,N,1,116451.34,Working,Higher education,Civil marriage,Rented apartment,-16484,-6769,1,0,0,1,Security staff,3
5008985,F,N,Y,0,174790.4,Commercial associate,Secondary / secondary special,Single / not married,Rented apartment,-14060,-4785,1,1,0,0,Sales staff,1
5008986,M,Y,Y,1,83354.87,Pensioner,Secondary / secondary special,Separated,House / apartment,-14240,365243,1,1,0,0,,2
5008987,M,Y,Y,0,175252.29,Student,Higher education,Separated,Office apartment,-15893,-984,1,0,1,0,Low-skill Laborers,1
5008988,M,N,N,1,93621.68,Pensioner,Lower secondary,Civil marriage,Office apartment,-16294,365243,1,1,1,0,,3
5008989,F,N,Y,1,128662.27,State servant,Secondary / secondary special,Single / not married,With parents,-9389,-1911,1,0,0,0,Security staff,2
5008990,F,N,N,1,72313.92,Student,Secondary / secondary special,Civil marriage,Office apartment,-8154,-1161,1,0,1,0,Drivers,3
5008991,M,N,Y,0,117739.79,Student,Secondary / secondary special,Widow,With parents,-21514,-5211,1,1,0,0,High skill tech staff,1
5008992,M,N,N,1,141542.67,Pensioner,Lower secondary,Widow,House / apartment,-13447,365243,1,1,0,1,,2
5008993,F,N,N,0,145353.55,Student,Secondary / secondary special,Widow,With parents,-14165,-5620,1,0,0,0,Cooking staff,1
5008994,F,N,N,0,55915.55,Pensioner,Secondary / secondary special,Separated,With parents,-13355,365243,1,0,0,0,,1
5008995,F,Y,N,0,175015.82,Pensioner,Higher education,Single / not married,Co-op apartment,-8834,365243,1,1,0,0,,1
5008996,M,N,N,2,160380.37,State servant,Incomplete higher,Separated,House / apartment,-21898,-12124,1,0,1,0,Medicine staff,3
5008997,M,Y,Y,2,181724.96,Commercial associate,Secondary / secondary special,Married,Office apartment,-23838,-16888,1,1,0,0,Cleaning staff,4
5008998,M,N,Y,0,136038.37,Commercial associate,Secondary / secondary special,Widow,Municipal apartment,-19010,-3826,1,0,1,0,Managers,1
5008999,F,Y,Y,0,118505.13,Student,Secondary / secondary special,Single / not married,With parents,-18625,-11779,1,0,1,0,HR staff,1
5009000,F,N,Y,0,135691.3,Commercial associate,Secondary / secondary special,Single / not married,Rented apartment,-8436,-920,1,0,1,0,Security staff,1
5009001,M,N,Y,0,95764.74,Student,Secondary / secondary special,Single / not married,Office apartment,-8717,-941,1,1,1,0,Realty agents,1
5009002,M,N,Y,2,210114.58,Student,Higher education,Widow,Co-op apartment,-24540,-2804,1,0,0,1,Secretaries,3
5009003,M,Y,Y,3,180894.02,Commercial associate,Secondary / secondary special,Married,House / apartment,-14332,-3192,1,1,1,1,Cleaning staff,5
5009004,M,N,Y,0,64527.93,State servant,Secondary / secondary special,Widow,House / apartment,-23548,-9630,1,1,1,0,Managers,1
5009005,F,N,Y,0,82559.43,Pensioner,Secondary / secondary special,Separated,House / apartment,-14464,365243,1,1,0,0,,1
5009006,F,N,N,0,97450.93,Pensioner,Higher education,Married,With parents,-9977,365243,1,1,1,0,,2
5009007,F,N,Y,0,188746.11,State servant,Incomplete higher,Civil marriage,House / apartment,-16515,-1733,1,1,0,0,Cooking staff,2
5009008,M,Y,N,0,83540.57,Working,Secondary / secondary special,Single / not married,Municipal apartment,-13993,-3541,1,0,0,0,Low-skill Laborers,1
5009009,F,N,Y,1,34166.59,Pensioner,Secondary / secondary special,Civil marriage,Co-op apartment,-21933,365243,1,0,1,0,,3
5009010,M,Y,Y,2,166682.68,Commercial associate,Incomplete higher,Separated,Office apartment,-8014,-1163,1,1,0,0,Laborers,3
5009011,M,Y,Y,2,171614.67,Pensioner,Higher education,Civil marriage,Rented apartment,-11996,365243,1,1,1,0,,4
5009012,F,N,Y,3,110381.51,Pensioner,Lower secondary,Civil marriage,Municipal apartment,-19419,365243,1,1,0,0,,5
5009013,F,N,N,0,135697.55,Pensioner,Higher education,Single / not married,House / apartment,-21496,365243,1,1,1,0,,1
5009014,M,N,N,0,158958.62,State servant,Secondary / secondary special,Widow,With parents,-13561,-5036,1,1,1,0,IT staff,1
5009015,M,N,N,0,210157.63,Commercial associate,Secondary / secondary special,Widow,With parents,-23925,-15627,1,0,1,0,Sales staff,1
5009016,F,N,N,0,165519.08,State servant,Secondary / secondary special,Widow,Office apartment,-23880,-1402,1,0,1,0,Accountants,1
5009017,F,Y,N,0,150339.88,State servant,Secondary / secondary special,Married,Rented apartment,-13380,-6717,1,0,0,0,Cleaning staff,2
5009018,M,N,Y,1,75092.55,Working,Secondary / secondary special,Separated,Rented apartment,-15035,-4134,1,0,0,0,Laborers,2
5009019,M,N,N,0,131573.04,Working,Secondary / secondary special,Civil marriage,Municipal apartment,-9883,-1381,1,0,0,0,Cooking staff,2
5009020,F,N,Y,0,30000.0,State servant,Secondary / secondary special,Civil marriage,With parents,-10500,-3577,1,0,0,0,Low-skill Laborers,2
5009021,M,Y,Y,0,96188.67,Working,Secondary / secondary special,Widow,Office apartment,-8504,-1920,1,0,0,0,Managers,1
5009022,F,N,Y,0,266231.28,Commercial associate,Higher education,Civil marriage,Rented apartment,-19028,-8312,1,0,1,0,Security staff,2
5009023,M,N,Y,0,174159.09,State servant,Higher education,Civil marriage,Office apartment,-24375,-6488,1,1,0,0,Waiters/barmen staff,2
5009024,F,N,N,0,189503.11,Working,Secondary / secondary special,Single / not married,House / apartment,-21052,-1255,1,1,0,0,Managers,1
5009025,F,Y,Y,1,70324.16,Pensioner,Incomplete higher,Separated,Co-op apartment,-9659,365243,1,0,0,0,,2
5009026,M,Y,N,2,106701.49,Working,Secondary / secondary special,Married,Rented apartment,-14541,-3736,1,1,1,0,Low-skill Laborers,4
5009027,M,Y,N,0,147241.96,Commercial associate,Incomplete higher,Separated,With parents,-18164,-9070,1,0,1,1,Laborers,1
5009028,M,N,Y,0,243585.71,Working,Higher education,Widow,Co-op apartment,-17369,-10560,1,0,1,0,Cleaning staff,1
5009029,M,N,Y,0,189503.22,Student,Secondary / secondary special,Married,Co-op apartment,-23710,-8753,1,1,0,0,HR staff,2
5009030,F,Y,Y,0,136481.0,Student,Secondary / secondary special,Single / not married,House / apartment,-15551,-7229,1,0,1,0,Secretaries,1
5009031,M,N,N,0,49071.67,Working,Secondary / secondary special,Widow,Co-op apartment,-12899,-3304,1,1,1,0,Accountants,1
5009032,M,N,N,0,194622.46,Student,Higher education,Separated,House / apartment,-9342,-1886,1,1,1,0,Laborers,1
5009033,F,N,Y,0,32861.35,State servant,Incomplete higher,Separated,House / apartment,-12035,-1216,1,1,0,0,Managers,1
5009034,M,N,Y,0,112879.95,Student,Incomplete higher,Widow,With parents,-24216,-258,1,1,1,1,Core staff,1
5009035,M,N,Y,1,130742.17,Student,Secondary / secondary special,Separated,Rented apartment,-24485,-16419,1,1,1,1,Medicine staff,2
5009036,F,N,Y,0,153773.73,Student,Higher education,Civil marriage,Co-op apartment,-20319,-7690,1,0,0,0,Accountants,2
5009037,F,N,N,0,230874.0,Commercial associate,Higher education,Civil marriage,Co-op apartment,-9651,-1202,1,1,1,0,HR staff,2
5009038,F,N,Y,0,37566.88,Working,Secondary / secondary special,Single / not married,Municipal apartment,-19401,-2034,1,1,0,0,Core staff,1
5009039,M,N,Y,0,205514.73,Student,Higher education,Civil marriage,Co-op apartment,-19077,-11597,1,1,1,1,Low-skill Laborers,2
5009040,M,Y,Y,0,239850.07,State servant,Higher education,Widow,Office apartment,-20347,-2852,1,1,1,0,Accountants,1
5009041,M,Y,Y,0,99398.78,State servant,Secondary / secondary special,Single / not married,Office apartment,-22193,-269,1,0,0,0,Secretaries,1
5009042,F,N,N,0,178482.64,Pensioner,Higher education,Civil marriage,House / apartment,-21129,365243,1,1,0,1,,2
5009043,M,N,Y,0,75679.41,Pensioner,Secondary / secondary special,Civil marriage,Municipal apartment,-13863,365243,1,0,1,1,,2
5009044,M,Y,Y,0,242779.27,Student,Higher education,Married,Rented apartment,-12075,-4032,1,1,1,0,Laborers,2
5009045,F,N,Y,0,156107.81,Commercial associate,Incomplete higher,Single / not married,Co-op apartment,-18476,-2681,1,0,0,0,Waiters/barmen staff,1
5009046,F,N,N,1,135467.76,State servant,Secondary / secondary special,Married,House / apartment,-10725,-1182,1,0,1,0,Sales staff,3
5009047,F,N,Y,0,180359.01,Student,Higher education,Civil marriage,Co-op apartment,-12843,-709,1,1,1,0,Secretaries,2
5009048,M,N,Y,0,81555.84,Student,Secondary / secondary special,Civil marriage,Co-op apartment,-22896,-15763,1,0,0,0,Private service staff,2
5009049,M,N,Y,0,131756.78,Commercial associate,Secondary / secondary special,Widow,With parents,-10433,-994,1,0,0,0,Security staff,1
5009050,M,N,N,3,98683.69,Student,Secondary / secondary special,Widow,Rented apartment,-24005,-6342,1,0,1,0,Medicine staff,4
5009051,M,Y,Y,0,64929.7,Student,Secondary / secondary special,Civil marriage,Rented apartment,-10565,-1375,1,1,1,0,Medicine staff,2
5009052,M,N,Y,0,98996.78,Pensioner,Secondary / secondary special,Widow,House / apartment,-22121,365243,1,0,0,0,,1
5009053,M,N,N,1,223458.69,Student,Higher education,Single / not married,House / apartment,-17139,-5825,1,1,0,0,IT staff,2
5009054,M,N,Y,1,121184.46,Student,Secondary / secondary special,Widow,House / apartment,-19046,-10603,1,0,1,0,High skill tech staff,2
5009055,M,N,Y,0,94977.51,State servant,Secondary / secondary special,Single / not married,House / apartment,-19147,-6599,1,1,1,1,Private service staff,1
5009056,M,Y,Y,0,131192.9,Pensioner,Lower secondary,Widow,Office apartment,-10654,365243,1,1,1,0,,1
5009057,M,N,Y,2,133236.97,Pensioner,Secondary / secondary special,Separated,Office apartment,-7783,365243,1,0,1,0,,3
5009058,M,N,Y,0,136912.86,Student,Secondary / secondary special,Single / not married,Rented apartment,-21595,-10870,1,1,1,0,HR staff,1
5009059,M,N,Y,0,57230.14,Student,Secondary / secondary special,Married,Office apartment,-10191,-753,1,1,0,0,High skill tech staff,2
5009060,F,N,Y,0,153691.36,State servant,Secondary / secondary special,Single / not married,Office apartment,-18994,-3419,1,1,0,0,Cleaning staff,1
5009061,F,Y,Y,0,176796.94,State servant,Incomplete higher,Single / not married,Rented apartment,-23147,-10014,1,0,0,0,IT staff,1
5009062,M,N,Y,0,122402.55,State servant,Incomplete higher,Married,Co-op apartment,-16765,-2479,1,1,1,0,HR staff,2
5009063,M,N,Y,1,112270.13,Working,Incomplete higher,Married,Office apartment,-16640,-5319,1,0,1,0,Low-skill Laborers,3
5009064,M,Y,Y,0,131433.97,State servant,Incomplete higher,Separated,With parents,-14764,-6458,1,0,1,0,HR staff,1
5009065,F,Y,Y,0,301497.49,Commercial associate,Higher education,Single / not married,Rented apartment,-21113,-13810,1,0,1,0,Managers,1
5009066,M,Y,N,0,145136.7,Commercial associate,Secondary / secondary special,Married,House / apartment,-12186,-2196,1,1,1,0,Core staff,2
5009067,F,N,Y,2,194754.05,State servant,Higher education,Widow,Municipal apartment,-11013,-3519,1,0,0,0,Realty agents,3
5009068,F,Y,Y,0,253337.31,State servant,Academic degree,Widow,With parents,-16558,-7405,1,0,1,0,Sales staff,1
5009069,F,Y,N,0,189366.99,State servant,Lower secondary,Civil marriage,With parents,-14659,-1023,1,1,1,1,Sales staff,2
5009070,F,N,N,0,218843.83,State servant,Higher education,Civil marriage,Rented apartment,-19371,-11491,1,1,0,0,Laborers,2
5009071,F,N,N,0,90710.48,Pensioner,Secondary / secondary special,Widow,House / apartment,-19701,365243,1,1,0,0,,1
5009072,F,N,N,0,103655.36,State servant,Incomplete higher,Widow,Municipal apartment,-10808,-3205,1,1,0,0,Accountants,1
5009073,M,N,Y,0,75308.54,Student,Secondary / secondary special,Married,House / apartment,-19271,-8485,1,0,1,0,Laborers,2
5009074,F,N,N,2,30000.0,State servant,Incomplete higher,Widow,Municipal apartment,-14500,-5991,1,0,1,0,Drivers,3
5009075,M,N,Y,0,145195.45,Working,Secondary / secondary special,Married,House / apartment,-19242,-4919,1,1,1,0,Managers,2
5009076,F,Y,Y,0,81644.29,Pensioner,Lower secondary,Single / not married,Rented apartment,-19699,365243,1,1,1,0,,1
5009077,F,N,Y,2,277343.75,Working,Higher education,Widow,Rented apartment,-22370,-3243,1,1,0,0,Drivers,3
5009078,F,Y,N,0,127972.6,Pensioner,Secondary / secondary special,Widow,Office apartment,-8489,365243,1,0,0,0,,1
5009079,F,N,Y,0,78337.33,Pensioner,Secondary / secondary special,Civil marriage,Municipal apartment,-8010,365243,1,0,1,0,,2
5009080,M,N,Y,0,69576.62,Pensioner,Lower secondary,Separated,Co-op apartment,-15342,365243,1,0,1,0,,1
5009081,F,N,Y,0,166161.52,Pensioner,Higher education,Separated,House / apartment,-9028,365243,1,1,0,0,,1
5009082,F,N,Y,0,135508.52,Pensioner,Incomplete higher,Separated,Rented apartment,-10542,365243,1,0,0,0,,1
5009083,F,N,N,0,118055.31,Working,Secondary / secondary special,Separated,Office apartment,-20802,-1351,1,0,0,0,Security staff,1
5009084,F,Y,Y,0,232212.57,Commercial associate,Higher education,Married,Co-op apartment,-13796,-6625,1,1,1,0,HR staff,2
5009085,M,N,N,0,107613.11,Student,Secondary / secondary special,Widow,Municipal apartment,-23273,-8137,1,0,1,0,Medicine staff,1
5009086,F,Y,Y,0,209817.73,Commercial associate,Higher education,Married,Co-op apartment,-23499,-16036,1,1,0,0,HR staff,2
5009087,F,N,N,0,114246.36,Student,Secondary / secondary special,Separated,Rented apartment,-11457,-554,1,1,1,0,Medicine staff,1
5009088,F,N,N,0,131099.19,State servant,Secondary / secondary special,Widow,Rented apartment,-10893,-262,1,0,0,1,Core staff,1
5009089,F,Y,N,1,124457.96,Commercial associate,Secondary / secondary special,Separated,Municipal apartment,-15630,-7205,1,0,0,0,Cleaning staff,2
5009090,F,Y,Y,0,225653.8,State servant,Higher education,Single / not married,Rented apartment,-20909,-6451,1,0,1,0,Core staff,1
5009091,M,N,N,0,241352.88,Pensioner,Higher education,Widow,Office apartment,-9767,365243,1,1,1,0,,1
5009092,M,N,Y,0,189619.45,Pensioner,Higher education,Single / not married,House / apartment,-24301,365243,1,1,0,0,,1
5009093,M,Y,Y,0,186250.0,Working,Secondary / secondary special,Single / not married,Rented apartment,-11664,-5000,1,1,0,0,Private service staff,1
5009094,F,N,Y,2,128857.75,State servant,Secondary / secondary special,Separated,With parents,-17398,-5967,1,1,1,0,Cleaning staff,3
5009095,M,Y,Y,0,85937.51,Pensioner,Secondary / secondary special,Widow,Rented apartment,-20264,365243,1,0,1,0,,1
5009096,M,Y,Y,2,233287.28,Commercial associate,Higher education,Widow,With parents,-18194,-3872,1,0,0,0,Cleaning staff,3
5009097,M,Y,N,0,118886.09,Working,Secondary / secondary special,Widow,Co-op apartment,-22026,-10228,1,1,0,0,Realty agents,1
5009098,M,Y,N,0,113929.88,Working,Incomplete higher,Civil marriage,Office apartment,-20433,-12360,1,0,1,0,Private service staff,2
5009099,M,N,Y,0,152992.23,Working,Secondary / secondary special,Single / not married,With parents,-16703,-2656,1,1,0,0,High skill tech staff,1
5009100,F,N,N,0,156922.34,Commercial associate,Secondary / secondary special,Single / not married,Office apartment,-24810,-8180,1,1,1,0,Private service staff,1
5009101,F,N,Y,1,205009.98,Student,Higher education,Widow,Co-op apartment,-12032,-5255,1,1,0,0,Secretaries,2
5009102,F,N,Y,3,44408.19,Pensioner,Secondary / secondary special,Civil marriage,Office apartment,-16447,365243,1,0,0,0,,5
5009103,F,Y,Y,2,123506.64,Pensioner,Secondary / secondary special,Separated,Office apartment,-23427,365243,1,0,1,0,,3
5009104,M,N,N,1,209340.78,Working,Higher education,Widow,Rented apartment,-9017,-309,1,1,1,0,Cleaning staff,2
5009105,M,N,Y,0,224979.13,Working,Higher education,Married,Municipal apartment,-16672,-3348,1,1,0,0,Drivers,2
5009106,F,N,N,0,96183.17,State servant,Secondary / secondary special,Single / not married,Municipal apartment,-9087,-1514,1,1,1,0,Core staff,1
5009107,F,N,Y,0,103242.7,State servant,Secondary / secondary special,Widow,Office apartment,-24786,-9634,1,0,1,0,Medicine staff,1
5009108,F,N,Y,0,84675.59,Pensioner,Secondary / secondary special,Widow,Co-op apartment,-8085,365243,1,1,0,1,,1
5009109,F,N,Y,2,30000.0,Pensioner,Secondary / secondary special,Married,House / apartment,-20366,365243,1,0,0,0,,4
5009110,F,Y,N,0,75625.45,Working,Secondary / secondary special,Single / not married,With parents,-17050,-7906,1,1,0,0,IT staff,1
5009111,M,N,N,0,49694.39,Working,Secondary / secondary special,Widow,Municipal apartment,-8581,-1377,1,0,1,0,Laborers,1
5009112,F,N,Y,1,296992.11,Commercial associate,Higher education,Married,Municipal apartment,-15990,-5695,1,0,0,0,Sales staff,3
5009113,F,N,N,0,81172.71,Pensioner,Incomplete higher,Single / not married,House / apartment,-13623,365243,1,1,1,0,,1
5009114,M,N,N,0,105237.52,Pensioner,Secondary / secondary special,Single / not married,Municipal apartment,-23071,365243,1,0,0,0,,1
5009115,M,N,Y,0,94409.06,Student,Secondary / secondary special,Single / not married,Co-op apartment,-10049,-1964,1,0,1,0,Accountants,1
5009116,M,N,N,1,241937.78,Student,Higher education,Widow,Office apartment,-23954,-2218,1,0,0,0,Cleaning staff,2
5009117,F,N,Y,1,150589.73,Pensioner,Higher education,Single / not married,With parents,-8119,365243,1,1,0,0,,2
5009118,M,N,Y,0,164711.52,Student,Secondary / secondary special,Civil marriage,With parents,-22298,-7820,1,0,0,0,Drivers,2
5009119,F,N,Y,0,168941.65,Commercial associate,Secondary / secondary special,Separated,Office apartment,-16080,-3211,1,0,1,0,Secretaries,1
5009120,M,N,N,1,133558.28,Student,Secondary / secondary special,Married,Office apartment,-9546,-1457,1,0,1,1,Core staff,3
5009121,M,N,Y,0,64119.44,Pensioner,Secondary / secondary special,Civil marriage,Rented apartment,-10528,365243,1,1,0,0,,2
5009122,M,N,Y,0,165563.4,Commercial associate,Secondary / secondary special,Separated,Municipal apartment,-15410,-1730,1,1,0,0,Accountants,1
5009123,M,N,Y,0,109154.31,Pensioner,Secondary / secondary special,Widow,Rented apartment,-8423,365243,1,0,1,0,,1
5009124,M,Y,Y,1,43505.69,Pensioner,Secondary / secondary special,Separated,Municipal apartment,-18424,365243,1,0,0,1,,2
5009125,M,N,Y,0,173818.9,Student,Incomplete higher,Separated,With parents,-11393,-3240,1,1,1,0,Secretaries,1
5009126,M,Y,Y,0,160918.99,Commercial associate,Secondary / secondary special,Married,Co-op apartment,-17594,-6720,1,0,0,0,Cleaning staff,2
5009127,M,Y,Y,0,223967.7,Student,Higher education,Separated,Co-op apartment,-17609,-10291,1,1,1,0,Sales staff,1
5009128,F,N,N,1,37879.93,State servant,Secondary / secondary special,Civil marriage,Municipal apartment,-16718,-5408,1,0,0,0,Accountants,3
5009129,M,N,N,2,67111.72,Pensioner,Lower secondary,Civil marriage,Office apartment,-17543,365243,1,1,0,0,,4
5009130,F,N,Y,0,94149.92,Student,Secondary / secondary special,Single / not married,House / apartment,-9699,-1550,1,0,1,0,Managers,1
5009131,F,Y,N,0,161921.48,Pensioner,Higher education,Civil marriage,Office apartment,-17111,365243,1,0,0,0,,2
5009132,F,N,Y,2,212433.31,Commercial associate,Higher education,Separated,Rented apartment,-21356,-9608,1,0,1,0,HR staff,3
5009133,F,N,N,2,69936.51,Student,Secondary / secondary special,Civil marriage,Office apartment,-16869,-2288,1,1,0,1,Cleaning staff,4
5009134,F,N,Y,0,157979.31,Commercial associate,Secondary / secondary special,Widow,House / apartment,-22512,-12023,1,0,1,0,Cleaning staff,1
5009135,F,N,Y,1,104719.96,Student,Secondary / secondary special,Married,With parents,-23349,-7545,1,1,0,0,Laborers,3
5009136,F,N,Y,1,133982.22,Working,Secondary / secondary special,Married,Rented apartment,-14323,-6726,1,0,1,1,Managers,3
5009137,M,Y,N,0,192058.53,Pensioner,Higher education,Single / not married,With parents,-12589,365243,1,1,1,0,,1
5009138,F,Y,Y,0,140355.93,Student,Higher education,Widow,Municipal apartment,-12323,-5433,1,0,0,0,Cooking staff,1
5009139,F,N,Y,0,113853.96,Working,Incomplete higher,Widow,Office apartment,-18476,-8270,1,1,1,0,Secretaries,1
5009140,M,N,Y,0,125128.28,State servant,Lower secondary,Separated,House / apartment,-15491,-6160,1,1,0,1,Secretaries,1
5009141,M,N,Y,2,96694.18,Pensioner,Secondary / secondary special,Separated,House / apartment,-13703,365243,1,1,0,0,,3
5009142,F,N,Y,0,165913.39,Working,Higher education,Civil marriage,Office apartment,-15583,-5395,1,0,0,1,Medicine staff,2
5009143,F,Y,Y,0,127011.42,State servant,Secondary / secondary special,Single / not married,With parents,-19045,-1139,1,0,1,0,HR staff,1
5009144,M,N,Y,2,151541.09,Working,Secondary / secondary special,Separated,Municipal apartment,-16155,-6387,1,0,0,0,Sales staff,3
5009145,M,N,Y,0,126648.66,Student,Secondary / secondary special,Civil marriage,Municipal apartment,-17460,-9956,1,1,1,1,Cooking staff,2
5009146,M,N,Y,1,100106.91,Working,Incomplete higher,Married,House / apartment,-19744,-10842,1,0,1,0,Private service staff,3
5009147,M,N,Y,0,182133.49,State servant,Higher education,Single / not married,Rented apartment,-10057,-2015,1,1,0,0,Private service staff,1
5009148,M,Y,Y,0,171031.46,State servant,Higher education,Separated,Rented apartment,-23010,-11484,1,0,1,0,Waiters/barmen staff,1
5009149,F,N,Y,0,151179.91,State servant,Secondary / secondary special,Widow,Municipal apartment,-14723,-4533,1,0,0,0,Private service staff,1
5009150,F,Y,Y,0,155764.63,Student,Secondary / secondary special,Married,Office apartment,-22947,-1614,1,0,1,0,HR staff,2
5009151,F,N,Y,0,147711.68,Student,Incomplete higher,Civil marriage,Municipal apartment,-10545,-2815,1,1,0,0,Cooking staff,2
5009152,M,N,Y,0,184055.47,Working,Higher education,Widow,House / apartment,-22286,-4497,1,1,1,0,Drivers,1
5009153,M,N,Y,2,189162.34,State servant,Higher education,Single / not married,Rented apartment,-10774,-2301,1,1,0,1,Core staff,3
5009154,M,N,N,0,138623.75,State servant,Secondary / secondary special,Widow,Co-op apartment,-22121,-1017,1,0,0,0,Security staff,1
5009155,F,N,Y,2,121982.26,Commercial associate,Incomplete higher,Separated,Municipal apartment,-10162,-3145,1,1,1,0,Laborers,3
5009156,F,N,N,0,155091.61,Pensioner,Incomplete higher,Civil marriage,Municipal apartment,-12310,365243,1,0,1,0,,2
5009157,F,N,Y,0,234248.3,Commercial associate,Higher education,Single / not married,Municipal apartment,-17070,-7121,1,0,1,0,Sales staff,1
5009158,M,N,Y,1,152458.35,Working,Secondary / secondary special,Married,House / apartment,-22372,-2211,1,0,0,0,High skill tech staff,3
5009159,F,N,Y,0,309679.99,State servant,Academic degree,Civil marriage,Municipal apartment,-10450,-455,1,1,1,0,Core staff,2
5009160,M,Y,N,0,159213.03,Commercial associate,Secondary / secondary special,Separated,House / apartment,-10140,-2783,1,0,1,0,Accountants,1
5009161,M,Y,Y,1,231967.64,Working,Higher education,Married,House / apartment,-19079,-3465,1,1,0,0,Cleaning staff,3
5009162,F,N,Y,1,202762.81,Working,Higher education,Separated,House / apartment,-17407,-10141,1,1,1,0,Private service staff,2
5009163,M,N,N,0,192317.12,Pensioner,Higher education,Married,Rented apartment,-19012,365243,1,1,1,0,,2
5009164,F,N,N,0,44854.61,Working,Secondary / secondary special,Widow,With parents,-16068,-769,1,1,1,0,IT staff,1
5009165,F,N,Y,0,111774.74,Working,Secondary / secondary special,Widow,Rented apartment,-23808,-15020,1,0,0,1,IT staff,1
5009166,M,N,Y,0,89371.33,Student,Incomplete higher,Married,Municipal apartment,-21759,-1642,1,0,0,0,High skill tech staff,2
5009167,M,Y,Y,0,206042.79,State servant,Higher education,Single / not married,House / apartment,-17851,-3904,1,1,0,0,Managers,1
5009168,M,N,Y,0,134540.46,Working,Incomplete higher,Single / not married,House / apartment,-22770,-1475,1,0,0,0,Laborers,1
5009169,F,N,N,1,196406.01,Commercial associate,Higher education,Separated,Rented apartment,-11777,-1058,1,0,1,0,Core staff,2
5009170,M,N,N,0,150965.79,Commercial associate,Secondary / secondary special,Single / not married,Municipal apartment,-8581,-388,1,1,1,0,Drivers,1
5009171,M,Y,Y,0,206675.0,Student,Secondary / secondary special,Married,House / apartment,-20380,-12782,1,0,0,0,High skill tech staff,2
5009172,M,Y,Y,0,56029.16,State servant,Secondary / secondary special,Civil marriage,With parents,-21042,-4841,1,0,1,0,Managers,2
5009173,F,N,Y,0,114958.82,State servant,Secondary / secondary special,Single / not married,Rented apartment,-20027,-8569,1,0,1,0,Security staff,1
5009174,M,Y,Y,0,72725.72,Pensioner,Secondary / secondary special,Single / not married,Co-op apartment,-24026,365243,1,0,0,0,,1
5009175,F,N,Y,0,179828.69,Working,Secondary / secondary special,Single / not married,With parents,-13288,-3967,1,0,1,1,Drivers,1
5009176,M,N,N,0,112957.01,State servant,Secondary / secondary special,Married,Rented apartment,-16172,-964,1,1,0,0,Laborers,2
5009177,F,Y,N,0,328192.48,Commercial associate,Higher education,Widow,House / apartment,-24432,-8379,1,1,0,0,Drivers,1
5009178,F,N,N,0,240470.93,State servant,Higher education,Married,Municipal apartment,-14981,-2401,1,0,0,0,IT staff,2
5009179,F,N,Y,2,157920.05,Working,Higher education,Widow,House / apartment,-13945,-1442,1,0,0,0,IT staff,3
5009180,F,Y,Y,0,205703.86,Student,Incomplete higher,Single / not married,Municipal apartment,-13725,-2045,1,1,0,0,Waiters/barmen staff,1
5009181,F,N,Y,1,146192.56,Student,Secondary / secondary special,Civil marriage,Rented apartment,-18329,-9439,1,0,1,0,Sales staff,3
5009182,F,N,Y,2,68753.68,Pensioner,Secondary / secondary special,Single / not married,With parents,-16608,365243,1,0,1,0,,3
5009183,M,N,Y,1,166874.75,Commercial associate,Secondary / secondary special,Civil marriage,Co-op apartment,-18760,-4099,1,1,1,0,Realty agents,3
5009184,M,N,Y,1,51979.47,Pensioner,Secondary / secondary special,Separated,With parents,-18290,365243,1,0,1,0,,2
5009185,M,N,N,0,159146.66,Commercial associate,Secondary / secondary special,Civil marriage,With parents,-11192,-3318,1,1,0,0,Cleaning staff,2
5009186,M,N,Y,0,156428.38,Commercial associate,Incomplete higher,Civil marriage,Rented apartment,-23051,-15981,1,1,1,0,Drivers,2
5009187,F,N,Y,0,130343.93,State servant,Secondary / secondary special,Civil marriage,House / apartment,-13272,-4145,1,0,1,0,Accountants,2
5009188,M,N,Y,0,105781.6,Student,Secondary / secondary special,Widow,Office apartment,-16452,-725,1,1,0,0,Private service staff,1
5009189,F,N,Y,0,148132.64,State servant,Secondary / secondary special,Separated,Rented apartment,-12625,-4910,1,1,0,0,Waiters/barmen staff,1
5009190,M,Y,Y,3,119280.12,Pensioner,Secondary / secondary special,Separated,Co-op apartment,-23367,365243,1,1,0,0,,4
5009191,M,Y,N,0,132983.89,Pensioner,Secondary / secondary special,Widow,Co-op apartment,-15626,365243,1,0,0,0,,1
5009192,F,N,N,0,168811.96,Pensioner,Higher education,Single / not married,House / apartment,-9719,365243,1,1,1,1,,1
5009193,M,N,Y,0,116763.19,Pensioner,Secondary / secondary special,Married,Municipal apartment,-16468,365243,1,0,1,0,,2
5009194,M,Y,Y,0,93126.63,Working,Secondary / secondary special,Civil marriage,House / apartment,-12646,-3301,1,0,0,0,Sales staff,2
5009195,M,N,N,1,128075.99,Pensioner,Higher education,Civil marriage,House / apartment,-16844,365243,1,1,0,0,,3
5009196,F,N,Y,0,81016.95,Working,Incomplete higher,Single / not married,Office apartment,-18200,-9697,1,0,1,0,Realty agents,1
5009197,M,Y,Y,0,55612.0,Pensioner,Secondary / secondary special,Widow,Office apartment,-20778,365243,1,1,0,0,,1
5009198,M,N,Y,0,213276.17,Commercial associate,Higher education,Married,Rented apartment,-19529,-10196,1,0,1,0,Sales staff,2
5009199,M,Y,Y,0,84992.75,State servant,Secondary / secondary special,Married,Municipal apartment,-19130,-9518,1,0,0,0,Managers,2
5009200,F,Y,Y,1,107561.24,Student,Secondary / secondary special,Widow,Co-op apartment,-18192,-5956,1,0,0,0,Sales staff,2
5009201,M,N,Y,1,165892.04,Working,Secondary / secondary special,Widow,With parents,-15217,-8285,1,1,1,0,High skill tech staff,2
5009202,M,N,N,0,151722.47,Student,Secondary / secondary special,Married,House / apartment,-13302,-940,1,1,1,0,Cooking staff,2
5009203,F,Y,Y,3,167632.42,Working,Secondary / secondary special,Married,Co-op apartment,-16110,-1166,1,0,0,0,Secretaries,5
5009204,F,N,N,1,122661.22,Commercial associate,Incomplete higher,Separated,House / apartment,-11667,-2268,1,1,1,0,HR staff,2
5009205,F,N,Y,2,54600.25,Student,Lower secondary,Married,House / apartment,-11973,-2776,1,0,0,0,Drivers,4
5009206,M,N,Y,0,116964.28,Pensioner,Higher education,Married,House / apartment,-19018,365243,1,1,1,0,,2
5009207,F,N,Y,0,72471.03,Student,Incomplete higher,Separated,Rented apartment,-15561,-471,1,1,0,0,IT staff,1
5009208,M,Y,Y,1,154913.76,State servant,Secondary / secondary special,Widow,Rented apartment,-15840,-7942,1,0,1,0,Realty agents,2
5009209,F,N,Y,2,127120.54,Working,Secondary / secondary special,Civil marriage,Municipal apartment,-21567,-8831,1,1,0,0,Cleaning staff,4
5009210,F,N,Y,0,170857.67,Pensioner,Secondary / secondary special,Married,Municipal apartment,-9635,365243,1,0,0,0,,2
5009211,M,N,N,0,37939.8,Pensioner,Incomplete higher,Married,Municipal apartment,-14154,365243,1,1,1,0,,2
5009212,F,Y,Y,0,67341.77,Pensioner,Secondary / secondary special,Separated,With parents,-16201,365243,1,0,0,0,,1
5009213,M,Y,Y,1,235417.37,Working,Higher education,Widow,Municipal apartment,-12363,-3357,1,1,1,0,Realty agents,2
5009214,M,N,Y,1,98131.74,Student,Secondary / secondary special,Civil marriage,Office apartment,-16517,-6737,1,0,0,0,IT staff,3
5009215,M,N,Y,2,156018.64,State servant,Higher education,Widow,Rented apartment,-23714,-12504,1,0,1,0,Core staff,3
5009216,M,Y,N,0,159664.18,Pensioner,Secondary / secondary special,Civil marriage,Municipal apartment,-18760,365243,1,1,0,0,,2
5009217,M,Y,Y,1,127280.54,State servant,Secondary / secondary special,Married,With parents,-10405,-680,1,1,0,0,Security staff,3
5009218,M,N,Y,0,101809.57,Working,Incomplete higher,Married,Rented apartment,-23064,-11136,1,1,0,0,Sales staff,2
5009219,M,N,N,2,99732.31,Pensioner,Incomplete higher,Widow,House / apartment,-20943,365243,1,1,1,0,,3
5009220,F,N,N,2,114430.34,Working,Secondary / secondary special,Widow,House / apartment,-16088,-3678,1,1,1,0,Managers,3
5009221,M,N,N,2,169372.05,Pensioner,Secondary / secondary special,Married,Co-op apartment,-23420,365243,1,0,1,0,,4
5009222,F,N,N,2,115162.77,Student,Higher education,Separated,Municipal apartment,-12835,-5873,1,1,0,0,Medicine staff,3
5009223,M,N,Y,1,227347.49,State servant,Higher education,Married,Rented apartment,-15757,-3899,1,1,0,0,Cleaning staff,3
5009224,F,N,Y,0,176702.58,Pensioner,Higher education,Married,Co-op apartment,-18684,365243,1,1,0,0,,2
5009225,M,N,Y,0,183061.36,Student,Secondary / secondary special,Single / not married,Office apartment,-19442,-10237,1,1,1,0,Cleaning staff,1
5009226,M,Y,N,1,184903.56,Commercial associate,Higher education,Separated,Rented apartment,-23888,-15332,1,0,0,1,Medicine staff,2
5009227,M,N,N,0,238097.64,Commercial associate,Higher education,Civil marriage,With parents,-23931,-2198,1,1,1,0,Realty agents,2
5009228,F,Y,N,0,71234.94,Pensioner,Incomplete higher,Single / not married,Rented apartment,-22370,365243,1,0,1,0,,1
5009229,M,N,Y,0,66938.98,Pensioner,Secondary / secondary special,Single / not married,Municipal apartment,-17676,365243,1,1,0,0,,1
5009230,M,N,N,0,174204.28,State servant,Secondary / secondary special,Civil marriage,House / apartment,-9305,-332,1,0,1,1,Cleaning staff,2
5009231,M,Y,Y,0,55331.41,Pensioner,Lower secondary,Civil marriage,Rented apartment,-9934,365243,1,1,1,0,,2
5009232,M,Y,N,0,132501.33,Pensioner,Lower secondary,Civil marriage,Office apartment,-13043,365243,1,0,1,0,,2
5009233,F,N,Y,1,144042.11,State servant,Higher education,Separated,House / apartment,-24754,-16870,1,1,1,1,Core staff,2
5009234,F,N,Y,1,73651.94,Pensioner,Secondary / secondary special,Widow,Municipal apartment,-17339,365243,1,0,0,0,,2
5009235,M,N,Y,1,200460.65,Pensioner,Higher education,Widow,House / apartment,-22038,365243,1,0,0,0,,2
5009236,F,N,N,0,75245.74,Working,Secondary / secondary special,Widow,With parents,-11298,-403,1,1,0,0,Cooking staff,1
5009237,F,Y,Y,0,140357.85,State servant,Higher education,Single / not married,House / apartment,-12795,-5019,1,0,1,0,Cooking staff,1
5009238,F,N,Y,2,127568.33,Student,Secondary / secondary special,Separated,Municipal apartment,-18208,-5153,1,0,0,0,Waiters/barmen staff,3
5009239,F,N,Y,1,138704.2,Student,Incomplete higher,Civil marriage,Rented apartment,-15178,-7822,1,1,0,1,HR staff,3
5009240,F,N,Y,0,178850.35,Working,Secondary / secondary special,Widow,Rented apartment,-14760,-3901,1,1,1,0,Security staff,1
5009241,M,Y,Y,0,66544.01,State servant,Secondary / secondary special,Civil marriage,Municipal apartment,-17750,-5184,1,1,1,1,Secretaries,2
5009242,M,Y,Y,3,115374.34,Working,Secondary / secondary special,Separated,House / apartment,-7898,-931,1,1,1,0,Secretaries,4
5009243,F,N,N,0,143214.81,Working,Higher education,Single / not married,Rented apartment,-22126,-13372,1,0,0,0,IT staff,1
5009244,F,Y,Y,0,180227.83,State servant,Incomplete higher,Separated,Office apartment,-11835,-1679,1,0,1,0,Low-skill Laborers,1
5009245,F,N,N,1,105854.05,Student,Secondary / secondary special,Widow,Co-op apartment,-23207,-14455,1,0,0,0,Medicine staff,2
5009246,F,N,Y,0,114141.14,Working,Incomplete higher,Civil marriage,Rented apartment,-19644,-450,1,0,1,0,Cooking staff,2
5009247,M,N,Y,0,84180.45,State servant,Incomplete higher,Separated,Rented apartment,-21971,-10423,1,1,0,0,Private service staff,1
5009248,F,N,Y,0,158071.01,Commercial associate,Secondary / secondary special,Separated,Rented apartment,-12882,-1465,1,0,1,0,Core staff,1
5009249,F,N,Y,1,107432.92,Working,Secondary / secondary special,Single / not married,House / apartment,-17317,-5318,1,1,0,0,Cleaning staff,2
5009250,F,N,N,1,192140.95,Working,Higher education,Married,House / apartment,-21088,-8919,1,0,0,0,Managers,3
5009251,M,N,N,0,155837.29,State servant,Secondary / secondary special,Married,With parents,-18778,-4205,1,0,0,0,Drivers,2
5009252,F,N,Y,1,100376.78,Pensioner,Secondary / secondary special,Civil marriage,Co-op apartment,-20628,365243,1,1,0,0,,3
5009253,F,N,Y,0,184082.13,State servant,Incomplete higher,Civil marriage,House / apartment,-15267,-6737,1,0,0,0,Realty agents,2
5009254,F,N,Y,0,261507.66,Commercial associate,Higher education,Widow,Municipal apartment,-14868,-7367,1,1,1,1,IT staff,1
5009255,M,N,N,0,115354.48,State servant,Secondary / secondary special,Widow,Office apartment,-21203,-9602,1,1,0,0,Private service staff,1
5009256,M,Y,Y,1,233058.85,Commercial associate,Higher education,Single / not married,House / apartment,-16453,-3210,1,0,0,0,Cleaning staff,2
5009257,F,Y,N,1,220489.17,Working,Lower secondary,Civil marriage,Co-op apartment,-16382,-1374,1,1,1,0,Managers,3
5009258,M,N,N,1,193041.12,Student,Lower secondary,Single / not married,Municipal apartment,-12806,-4217,1,1,0,0,Drivers,2
5009259,M,N,Y,0,250902.33,State servant,Higher education,Separated,House / apartment,-14009,-3999,1,1,1,0,IT staff,1
5009260,F,N,N,2,225968.83,State servant,Higher education,Single / not married,Rented apartment,-19878,-1880,1,0,0,0,Realty agents,3
5009261,M,N,N,0,147174.8,Student,Lower secondary,Civil marriage,Office apartment,-12641,-3258,1,1,1,1,Managers,2
5009262,F,Y,Y,0,234034.81,State servant,Higher education,Separated,House / apartment,-9770,-1233,1,1,1,0,Core staff,1
5009263,F,N,N,0,170751.41,Student,Higher education,Separated,Rented apartment,-19124,-2025,1,0,1,0,Cleaning staff,1
5009264,F,Y,Y,0,174697.66,Pensioner,Secondary / secondary special,Married,Office apartment,-18487,365243,1,1,0,0,,2
5009265,M,Y,Y,0,125984.45,Student,Secondary / secondary special,Widow,House / apartment,-9735,-2970,1,0,1,0,High skill tech staff,1
5009266,M,N,N,0,132257.56,Student,Secondary / secondary special,Married,Rented apartment,-22467,-548,1,0,1,0,Waiters/barmen staff,2
5009267,F,N,Y,2,67187.97,Pensioner,Secondary / secondary special,Married,With parents,-12936,365243,1,1,0,0,,4
5009268,F,Y,N,0,141147.75,Commercial associate,Secondary / secondary special,Separated,House / apartment,-8560,-614,1,1,1,1,Medicine staff,1
5009269,F,Y,Y,0,226228.05,State servant,Secondary / secondary special,Married,Municipal apartment,-17181,-6293,1,0,0,0,Managers,2
5009270,F,N,N,0,271847.07,Commercial associate,Higher education,Separated,Office apartment,-15425,-191,1,1,0,0,Secretaries,1
5009271,F,Y,Y,0,311933.95,Commercial associate,Academic degree,Married,With parents,-20359,-7841,1,0,1,0,Cooking staff,2
5009272,M,N,N,1,166044.68,Student,Secondary / secondary special,Civil marriage,Co-op apartment,-12156,-4247,1,1,0,0,Secretaries,3
5009273,F,Y,Y,0,133657.76,Commercial associate,Secondary / secondary special,Single / not married,Rented apartment,-17211,-7463,1,1,0,0,HR staff,1
5009274,M,N,N,1,66118.3,Working,Secondary / secondary special,Widow,Municipal apartment,-14309,-6520,1,0,1,0,Laborers,2
5009275,M,N,Y,0,144856.59,Pensioner,Secondary / secondary special,Single / not married,With parents,-24495,365243,1,1,0,0,,1
5009276,M,Y,N,0,109371.5,Pensioner,Secondary / secondary special,Widow,With parents,-18997,365243,1,0,0,0,,1
5009277,M,Y,N,1,34335.12,Pensioner,Incomplete higher,Widow,Office apartment,-12012,365243,1,1,0,1,,2
5009278,M,N,Y,1,143178.47,Working,Secondary / secondary special,Civil marriage,Office apartment,-20700,-12505,1,0,1,1,Medicine staff,3
5009279,F,Y,Y,0,155629.25,Working,Incomplete higher,Civil marriage,Municipal apartment,-8749,-1428,1,1,1,0,Laborers,2
5009280,F,N,Y,0,165949.87,Working,Lower secondary,Single / not married,House / apartment,-20987,-8999,1,1,0,0,Managers,1
5009281,M,N,Y,2,224792.44,Commercial associate,Higher education,Married,Office apartment,-8566,-1720,1,0,1,0,Low-skill Laborers,4
5009282,M,N,Y,0,235563.45,Working,Higher education,Civil marriage,Office apartment,-10974,-615,1,0,0,0,Sales staff,2
5009283,F,N,Y,0,127091.93,Commercial associate,Secondary / secondary special,Civil marriage,Municipal apartment,-17689,-6098,1,0,1,0,Drivers,2
5009284,F,Y,N,0,168369.16,Commercial associate,Higher education,Widow,House / apartment,-14915,-1776,1,0,0,0,Accountants,1
5009285,F,N,N,0,126827.3,Student,Secondary / secondary special,Civil marriage,Rented apartment,-13311,-869,1,1,0,1,Core staff,2
5009286,M,N,Y,0,133785.77,Pensioner,Secondary / secondary special,Separated,With parents,-21851,365243,1,0,1,0,,1
5009287,F,Y,Y,0,164244.56,Student,Secondary / secondary special,Married,With parents,-11066,-933,1,0,1,0,Security staff,2
5009288,M,Y,Y,1,146362.22,Working,Incomplete higher,Married,Municipal apartment,-23740,-5363,1,1,1,0,Medicine staff,3
5009289,F,N,Y,0,115974.56,Commercial associate,Incomplete higher,Civil marriage,Municipal apartment,-17962,-11130,1,0,0,0,Medicine staff,2
5009290,F,N,Y,0,263482.09,Commercial associate,Higher education,Married,Rented apartment,-21249,-9093,1,1,1,0,High skill tech staff,2
5009291,F,Y,N,0,115700.36,State servant,Secondary / secondary special,Widow,Co-op apartment,-8298,-521,1,1,0,0,Accountants,1
5009292,F,N,Y,0,184007.22,Pensioner,Higher education,Married,Municipal apartment,-15300,365243,1,1,0,0,,2
5009293,F,N,Y,0,130594.52,Pensioner,Secondary / secondary special,Separated,House / apartment,-10752,365243,1,0,1,0,,1
5009294,F,N,Y,0,88965.79,Working,Secondary / secondary special,Civil marriage,Co-op apartment,-21670,-10376,1,0,0,1,Security staff,2
5009295,F,Y,Y,1,132431.18,State servant,Higher education,Single / not married,Rented apartment,-11682,-3073,1,1,1,0,IT staff,2
5009296,M,Y,Y,1,201386.44,Commercial associate,Higher education,Married,Municipal apartment,-10055,-3064,1,0,1,0,Cooking staff,3
5009297,F,Y,Y,0,86712.78,Student,Secondary / secondary special,Widow,House / apartment,-23500,-2755,1,1,1,0,Cleaning staff,1
5009298,F,Y,Y,0,133717.55,State servant,Secondary / secondary special,Single / not married,House / apartment,-19255,-2402,1,0,0,0,HR staff,1
5009299,F,Y,Y,0,76242.15,Working,Secondary / secondary special,Married,Rented apartment,-24066,-15167,1,0,1,0,Drivers,2
5009300,F,Y,Y,0,84068.36,State servant,Secondary / secondary special,Widow,Municipal apartment,-23297,-14725,1,1,0,0,Secretaries,1
5009301,F,N,N,0,137674.11,Pensioner,Higher education,Single / not married,Rented apartment,-11947,365243,1,1,1,0,,1
5009302,M,N,Y,0,108260.23,Commercial associate,Secondary / secondary special,Civil marriage,Co-op apartment,-23400,-11800,1,1,1,1,Accountants,2
5009303,M,N,Y,0,172613.03,Pensioner,Higher education,Single / not married,Office apartment,-8436,365243,1,0,0,0,,1
5009304,F,N,N,1,61169.86,Working,Secondary / secondary special,Single / not married,Municipal apartment,-19177,-5948,1,0,0,0,Secretaries,2
5009305,M,N,Y,0,111163.29,Commercial associate,Secondary / secondary special,Widow,Co-op apartment,-14379,-774,1,1,0,0,Laborers,1
5009306,M,Y,Y,0,154121.19,Working,Secondary / secondary special,Married,Rented apartment,-19521,-5849,1,0,1,0,Laborers,2
5009307,M,N,Y,0,106164.19,Working,Secondary / secondary special,Married,With parents,-24128,-1860,1,0,0,0,High skill tech staff,2
5009308,M,N,Y,0,187413.77,Student,Higher education,Single / not married,With parents,-9487,-1065,1,1,1,0,Laborers,1
5009309,M,N,Y,1,153755.62,Pensioner,Higher education,Separated,House / apartment,-19902,365243,1,0,1,1,,2
5009310,F,N,N,0,118393.63,Commercial associate,Lower secondary,Civil marriage,Co-op apartment,-15946,-3262,1,1,0,0,Secretaries,2
5009311,M,Y,Y,2,166425.36,State servant,Secondary / secondary special,Married,With parents,-14099,-2360,1,1,0,0,Drivers,4
5009312,M,N,Y,2,143225.75,Pensioner,Higher education,Married,Office apartment,-21262,365243,1,1,1,0,,4
5009313,M,N,Y,0,218108.21,Commercial associate,Secondary / secondary special,Single / not married,Office apartment,-22651,-8471,1,1,0,0,High skill tech staff,1
5009314,F,Y,Y,0,118905.16,Commercial associate,Secondary / secondary special,Widow,With parents,-11726,-571,1,1,0,0,Secretaries,1
5009315,M,N,Y,0,78420.79,Commercial associate,Secondary / secondary special,Married,Municipal apartment,-14506,-1482,1,1,1,0,Secretaries,2
5009316,F,Y,Y,1,187709.61,Pensioner,Higher education,Single / not married,Municipal apartment,-14201,365243,1,1,1,0,,2
5009317,F,Y,Y,0,175263.04,Commercial associate,Secondary / secondary special,Separated,Rented apartment,-23811,-16734,1,1,1,0,Private service staff,1
5009318,M,N,Y,2,146501.31,Student,Secondary / secondary special,Separated,Co-op apartment,-19489,-9050,1,1,0,0,Low-skill Laborers,3
5009319,M,N,Y,1,119923.1,Commercial associate,Secondary / secondary special,Single / not married,Municipal apartment,-11917,-3167,1,0,0,0,High skill tech staff,2
5009320,F,N,Y,2,180931.06,Commercial associate,Secondary / secondary special,Separated,Municipal apartment,-19546,-6585,1,1,1,0,IT staff,3
5009321,M,Y,Y,1,169880.91,Pensioner,Higher education,Single / not married,Rented apartment,-7697,365243,1,0,1,0,,2
5009322,F,N,Y,0,228133.53,Commercial associate,Higher education,Married,Rented apartment,-17405,-2446,1,0,0,0,Accountants,2
5009323,M,Y,N,0,126237.83,Student,Higher education,Married,Municipal apartment,-9141,-479,1,1,0,0,Sales staff,2
5009324,F,N,N,0,173818.71,Working,Secondary / secondary special,Married,House / apartment,-11293,-3774,1,1,1,0,Low-skill Laborers,2
5009325,F,N,Y,0,118224.75,Pensioner,Secondary / secondary special,Married,Municipal apartment,-22658,365243,1,0,0,0,,2
5009326,F,N,N,0,149679.41,Student,Higher education,Single / not married,Municipal apartment,-15428,-6132,1,1,0,0,HR staff,1
5009327,F,Y,Y,0,195930.4,Pensioner,Higher education,Separated,Rented apartment,-20359,365243,1,0,1,0,,1
5009328,F,N,N,2,205530.92,Pensioner,Higher education,Widow,Office apartment,-21143,365243,1,0,0,0,,3
5009329,M,Y,Y,0,147336.1,Commercial associate,Incomplete higher,Single / not married,With parents,-10596,-3807,1,0,1,1,Sales staff,1
5009330,M,Y,N,2,275020.96,Commercial associate,Higher education,Married,Co-op apartment,-10000,-1916,1,0,1,0,HR staff,4
5009331,M,N,Y,1,249144.94,State servant,Higher education,Separated,With parents,-11507,-732,1,0,0,0,Sales staff,2
5009332,M,N,Y,0,55262.4,State servant,Incomplete higher,Separated,Rented apartment,-13157,-2518,1,0,0,0,Drivers,1
5009333,F,Y,N,0,86238.04,State servant,Secondary / secondary special,Married,Office apartment,-13166,-3402,1,1,1,0,Managers,2
5009334,M,N,N,0,30000.0,Pensioner,Lower secondary,Single / not married,Co-op apartment,-20300,365243,1,0,1,0,,1
5009335,F,N,Y,1,257202.28,Student,Academic degree,Separated,Municipal apartment,-20677,-5626,1,1,1,0,Realty agents,2
5009336,M,N,Y,0,162850.89,Student,Secondary / secondary special,Single / not married,Office apartment,-10031,-2461,1,0,0,0,Cooking staff,1
5009337,M,N,Y,1,164804.13,Commercial associate,Secondary / secondary special,Married,House / apartment,-13774,-3507,1,0,1,0,Core staff,3
5009338,M,N,Y,0,86473.09,State servant,Secondary / secondary special,Single / not married,Co-op apartment,-20462,-10816,1,1,1,0,Sales staff,1
5009339,F,N,Y,0,74313.72,Student,Secondary / secondary special,Widow,Rented apartment,-12369,-4365,1,1,1,1,High skill tech staff,1
5009340,F,Y,Y,0,213306.23,Student,Higher education,Separated,House / apartment,-16578,-5925,1,0,0,0,Managers,1
5009341,M,Y,Y,0,95966.77,Student,Secondary / secondary special,Widow,Municipal apartment,-22286,-726,1,1,1,1,Managers,1
5009342,M,N,N,0,159294.25,Student,Secondary / secondary special,Widow,Rented apartment,-10071,-1807,1,1,0,0,Cleaning staff,1
5009343,M,Y,Y,0,238940.84,Commercial associate,Higher education,Civil marriage,Municipal apartment,-9876,-2123,1,1,1,0,Sales staff,2
5009344,M,N,Y,0,152650.83,Commercial associate,Secondary / secondary special,Civil marriage,Co-op apartment,-19632,-2662,1,0,1,0,Private service staff,2
5009345,F,N,Y,0,166332.43,Working,Higher education,Widow,Rented apartment,-8802,-1492,1,1,1,0,Private service staff,1
5009346,M,Y,Y,2,142135.28,Working,Secondary / secondary special,Widow,Co-op apartment,-22699,-9570,1,0,1,0,HR staff,3
5009347,F,N,Y,2,177758.57,State servant,Secondary / secondary special,Widow,Office apartment,-22811,-6647,1,1,0,0,Drivers,3
5009348,M,N,Y,0,118962.93,Pensioner,Secondary / secondary special,Widow,Rented apartment,-19803,365243,1,0,1,1,,1
5009349,F,N,Y,0,55909.39,Commercial associate,Incomplete higher,Civil marriage,Rented apartment,-20898,-12135,1,0,0,1,Sales staff,2
5009350,M,N,Y,0,175058.1,Working,Incomplete higher,Widow,Co-op apartment,-10012,-1803,1,0,1,0,IT staff,1
5009351,M,N,N,1,112757.29,Pensioner,Higher education,Widow,Co-op apartment,-18128,365243,1,1,0,0,,2
5009352,M,Y,Y,0,111459.43,Working,Secondary / secondary special,Civil marriage,House / apartment,-13471,-4742,1,0,1,0,IT staff,2
5009353,F,Y,Y,0,109998.09,Pensioner,Secondary / secondary special,Separated,Office apartment,-22233,365243,1,0,1,0,,1
5009354,F,Y,Y,0,143219.7,Commercial associate,Incomplete higher,Separated,Rented apartment,-11061,-2460,1,1,0,1,Drivers,1
5009355,M,Y,Y,0,30000.0,Pensioner,Secondary / secondary special,Widow,Municipal apartment,-9536,365243,1,1,1,0,,1
5009356,F,N,Y,2,171741.32,Working,Higher education,Married,With parents,-19106,-11894,1,0,1,0,Security staff,4
5009357,F,N,N,0,201668.5,State servant,Higher education,Separated,With parents,-9554,-484,1,0,0,0,Laborers,1
5009358,M,N,Y,0,148802.61,Student,Secondary / secondary special,Civil marriage,Municipal apartment,-16012,-7224,1,0,0,0,Medicine staff,2
5009359,M,N,N,0,221754.98,Commercial associate,Higher education,Married,Co-op apartment,-20209,-8403,1,0,0,0,Accountants,2
5009360,F,Y,N,2,102716.13,Student,Secondary / secondary special,Single / not married,With parents,-13441,-3385,1,1,0,0,Realty agents,3
5009361,F,N,N,1,136228.74,Working,Secondary / secondary special,Civil marriage,Rented apartment,-12479,-3653,1,0,1,1,Waiters/barmen staff,3
5009362,F,Y,Y,0,185229.67,Commercial associate,Higher education,Civil marriage,Co-op apartment,-21039,-7736,1,0,1,0,Private service staff,2
5009363,F,Y,Y,0,267635.27,Working,Higher education,Single / not married,With parents,-19766,-12223,1,1,1,0,Sales staff,1
5009364,M,N,Y,0,154017.36,Pensioner,Secondary / secondary special,Civil marriage,Municipal apartment,-15369,365243,1,0,1,0,,2
5009365,F,N,N,1,115496.19,Pensioner,Secondary / secondary special,Married,Office apartment,-8713,365243,1,0,1,0,,3
5009366,M,Y,N,0,209277.11,State servant,Higher education,Married,With parents,-17487,-6536,1,1,1,0,Laborers,2
5009367,M,Y,Y,0,160185.9,Student,Secondary / secondary special,Married,Co-op apartment,-24494,-17733,1,0,0,0,Accountants,2
5009368,F,Y,N,2,133811.27,Commercial associate,Secondary / secondary special,Civil marriage,House / apartment,-18415,-303,1,0,1,0,Private service staff,4
5009369,M,N,N,1,248977.12,Working,Higher education,Civil marriage,Co-op apartment,-18559,-6684,1,0,1,0,Secretaries,3
5009370,F,Y,Y,1,85935.45,State servant,Secondary / secondary special,Single / not married,With parents,-10912,-2220,1,1,0,0,High skill tech staff,2
5009371,M,N,N,0,126725.24,State servant,Secondary / secondary special,Married,Office apartment,-9382,-1190,1,0,0,0,Managers,2
5009372,M,Y,N,0,224491.17,Working,Higher education,Married,With parents,-10060,-2692,1,0,1,0,Secretaries,2
5009373,M,Y,Y,0,144851.86,Working,Secondary / secondary special,Civil marriage,House / apartment,-16451,-8292,1,0,0,0,Drivers,2
5009374,F,N,Y,0,164945.34,State servant,Incomplete higher,Married,Rented apartment,-10581,-603,1,1,1,0,Managers,2
5009375,F,Y,N,2,78097.84,Student,Incomplete higher,Civil marriage,Office apartment,-10783,-1894,1,1,1,0,Cooking staff,4
5009376,F,N,Y,2,171543.2,Working,Higher education,Separated,Co-op apartment,-21349,-14429,1,0,1,1,Sales staff,3
5009377,F,Y,Y,0,158480.66,Pensioner,Higher education,Separated,Office apartment,-21292,365243,1,1,0,0,,1
5009378,M,N,Y,0,155840.25,Student,Secondary / secondary special,Widow,Co-op apartment,-14911,-4895,1,0,0,0,Medicine staff,1
5009379,M,N,Y,0,73550.8,Working,Lower secondary,Single / not married,Municipal apartment,-15573,-7546,1,1,0,0,IT staff,1
5009380,M,Y,Y,2,252634.09,State servant,Higher education,Separated,Municipal apartment,-8598,-377,1,1,0,0,Sales staff,3
5009381,F,Y,Y,0,170599.91,State servant,Higher education,Single / not married,Co-op apartment,-16724,-9639,1,1,1,0,HR staff,1
5009382,M,Y,Y,2,150228.62,Commercial associate,Secondary / secondary special,Separated,Co-op apartment,-23948,-7992,1,1,0,0,Security staff,3
5009383,M,Y,Y,0,142760.09,Commercial associate,Lower secondary,Separated,With parents,-21789,-14854,1,1,1,0,Sales staff,1
5009384,F,N,Y,1,212371.17,Commercial associate,Higher education,Civil marriage,Office apartment,-21039,-4974,1,1,0,0,Medicine staff,3
5009385,M,Y,Y,2,159814.05,Commercial associate,Secondary / secondary special,Civil marriage,House / apartment,-24436,-10167,1,0,0,0,HR staff,4
5009386,F,Y,Y,0,129107.37,Commercial associate,Secondary / secondary special,Civil marriage,With parents,-19732,-1446,1,0,0,0,Waiters/barmen staff,2
5009387,F,N,N,0,42719.8,State servant,Secondary / secondary special,Single / not married,With parents,-21531,-9848,1,1,1,0,High skill tech staff,1
5009388,F,Y,Y,2,146467.94,State servant,Secondary / secondary special,Married,Rented apartment,-9285,-975,1,0,0,0,Cooking staff,4
5009389,F,N,Y,1,67561.31,State servant,Secondary / secondary special,Married,Office apartment,-16052,-3561,1,1,1,0,Cooking staff,3
5009390,M,N,Y,0,145306.42,Working,Secondary / secondary special,Civil marriage,Co-op apartment,-8402,-1791,1,0,0,0,Core staff,2
5009391,M,Y,Y,0,197603.87,State servant,Secondary / secondary special,Civil marriage,Rented apartment,-15712,-4974,1,0,0,0,Secretaries,2
5009392,M,N,N,1,54550.61,Pensioner,Secondary / secondary special,Widow,Rented apartment,-11320,365243,1,1,0,0,,2
5009393,M,N,N,0,30000.0,Student,Secondary / secondary special,Civil marriage,Rented apartment,-24468,-3962,1,0,1,0,Accountants,2
5009394,M,Y,Y,0,173613.4,State servant,Secondary / secondary special,Civil marriage,With parents,-21928,-1585,1,1,1,0,Waiters/barmen staff,2
5009395,F,N,Y,0,167531.04,State servant,Higher education,Separated,House / apartment,-17299,-9604,1,0,0,0,Accountants,1
5009396,F,Y,N,2,86597.66,Pensioner,Secondary / secondary special,Married,Rented apartment,-23864,365243,1,0,1,0,,4
5009397,M,Y,N,0,238836.81,Commercial associate,Higher education,Single / not married,With parents,-24351,-10331,1,1,1,0,Laborers,1
5009398,F,N,N,0,190902.37,State servant,Higher education,Widow,Rented apartment,-16651,-7752,1,0,1,0,Managers,1
5009399,M,N,Y,0,150890.77,State servant,Secondary / secondary special,Married,House / apartment,-21505,-1713,1,1,0,0,Laborers,2
5009400,M,N,Y,1,111385.15,State servant,Higher education,Widow,Rented apartment,-9635,-2647,1,1,1,0,Managers,2
5009401,F,Y,Y,0,105029.01,Pensioner,Secondary / secondary special,Civil marriage,Municipal apartment,-10595,365243,1,1,0,0,,2
5009402,F,Y,Y,1,119729.31,Student,Higher education,Separated,Co-op apartment,-10652,-3704,1,0,1,0,Realty agents,2
5009403,M,N,Y,1,207526.71,Pensioner,Higher education,Civil marriage,With parents,-9271,365243,1,0,1,0,,3
5009404,M,Y,N,2,143417.1,State servant,Secondary / secondary special,Single / not married,Municipal apartment,-10997,-3746,1,1,0,0,Low-skill Laborers,3
5009405,M,N,Y,0,86697.19,State servant,Secondary / secondary special,Single / not married,House / apartment,-8998,-2075,1,1,0,0,Accountants,1
5009406,M,N,Y,0,107529.14,State servant,Secondary / secondary special,Separated,With parents,-10756,-223,1,0,0,1,High skill tech staff,1
5009407,F,N,Y,0,136266.42,Pensioner,Secondary / secondary special,Married,Office apartment,-8065,365243,1,0,0,0,,2
5009408,M,N,Y,0,119237.22,Commercial associate,Secondary / secondary special,Married,Municipal apartment,-19825,-8702,1,1,1,0,Secretaries,2
5009409,F,N,Y,0,228776.6,Pensioner,Higher education,Single / not married,With parents,-24043,365243,1,1,1,0,,1
5009410,F,N,Y,0,108793.96,State servant,Secondary / secondary special,Civil marriage,Co-op apartment,-21735,-6914,1,1,1,0,Core staff,2
5009411,F,N,Y,1,139473.63,Commercial associate,Secondary / secondary special,Civil marriage,Municipal apartment,-10160,-1252,1,1,0,0,Laborers,3
5009412,M,N,N,2,101152.37,State servant,Secondary / secondary special,Single / not married,House / apartment,-17300,-7734,1,1,1,0,Sales staff,3
5009413,F,Y,Y,0,93829.5,Pensioner,Secondary / secondary special,Single / not married,Office apartment,-13281,365243,1,1,0,0,,1
5009414,F,Y,N,0,30000.0,State servant,Secondary / secondary special,Separated,House / apartment,-23048,-15138,1,1,0,0,Core staff,1
5009415,M,N,Y,0,84582.38,Pensioner,Secondary / secondary special,Civil marriage,Rented apartment,-18181,365243,1,1,1,0,,2
5009416,F,N,Y,2,164870.26,Student,Higher education,Married,With parents,-9475,-1060,1,0,0,0,Waiters/barmen staff,4
5009417,F,N,Y,0,123319.97,Working,Higher education,Married,House / apartment,-23929,-1471,1,1,1,0,Cleaning staff,2
5009418,M,N,Y,0,109245.03,Student,Secondary / secondary special,Married,Office apartment,-16727,-5944,1,1,1,0,HR staff,2
5009419,F,Y,Y,0,150391.43,Student,Secondary / secondary special,Single / not married,Co-op apartment,-9009,-2371,1,0,0,0,Core staff,1
5009420,F,N,Y,0,156931.63,Student,Secondary / secondary special,Civil marriage,Municipal apartment,-19833,-8751,1,0,0,0,Realty agents,2
5009421,F,N,Y,0,90348.77,State servant,Secondary / secondary special,Single / not married,Co-op apartment,-12942,-5563,1,0,1,0,Managers,1
5009422,M,Y,N,0,115574.97,Student,Secondary / secondary special,Widow,House / apartment,-13754,-1666,1,1,1,0,Low-skill Laborers,1
5009423,F,N,Y,0,126334.58,Commercial associate,Incomplete higher,Widow,Municipal apartment,-16761,-5120,1,0,0,0,Waiters/barmen staff,1
5009424,M,Y,Y,0,123043.19,Working,Secondary / secondary special,Widow,Co-op apartment,-19958,-5356,1,0,1,0,Managers,1
5009425,M,N,Y,0,63949.73,Working,Secondary / secondary special,Widow,Rented apartment,-20358,-11778,1,0,1,0,Medicine staff,1
5009426,M,Y,N,0,114948.76,State servant,Secondary / secondary special,Civil marriage,House / apartment,-10601,-3105,1,1,1,0,Laborers,2
5009427,F,N,Y,0,148475.28,Pensioner,Secondary / secondary special,Single / not married,With parents,-20978,365243,1,0,1,0,,1
5009428,F,N,N,3,88752.7,State servant,Secondary / secondary special,Civil marriage,Municipal apartment,-19861,-11863,1,0,1,0,HR staff,5
5009429,M,Y,Y,0,249803.14,Pensioner,Academic degree,Separated,Municipal apartment,-11211,365243,1,0,0,1,,1
5009430,F,N,N,1,184491.1,State servant,Higher education,Widow,Rented apartment,-23897,-4917,1,0,1,0,Accountants,2
5009431,M,N,Y,2,206037.71,Pensioner,Higher education,Civil marriage,Office apartment,-17251,365243,1,0,1,0,,4
5009432,M,N,Y,0,69494.6,Student,Secondary / secondary special,Married,Rented apartment,-13717,-5988,1,1,0,0,Core staff,2
5009433,F,N,Y,2,137063.89,Working,Secondary / secondary special,Single / not married,Rented apartment,-17716,-1067,1,0,1,1,Medicine staff,3
5009434,M,N,Y,0,128054.83,Working,Lower secondary,Separated,Co-op apartment,-22707,-13012,1,0,1,0,Drivers,1
5009435,M,Y,Y,0,225343.35,Student,Higher education,Widow,Rented apartment,-19586,-6646,1,1,1,0,Private service staff,1
5009436,F,N,Y,2,128792.33,State servant,Secondary / secondary special,Widow,Office apartment,-23118,-14545,1,1,0,0,Core staff,3
5009437,M,N,N,0,215430.87,Working,Higher education,Married,Municipal apartment,-17377,-7516,1,0,0,0,Core staff,2
5009438,M,N,N,0,130172.96,Commercial associate,Incomplete higher,Married,Rented apartment,-18376,-2514,1,0,0,0,Sales staff,2
5009439,M,N,Y,0,115917.37,Student,Secondary / secondary special,Married,Municipal apartment,-14615,-7904,1,1,1,0,Medicine staff,2
5009440,M,N,Y,0,142548.72,Commercial associate,Higher education,Widow,With parents,-15844,-2818,1,1,1,0,Managers,1
5009441,F,N,N,0,170338.7,Commercial associate,Higher education,Widow,Rented apartment,-7859,-516,1,0,1,1,Secretaries,1
5009442,F,N,Y,0,169151.33,Student,Secondary / secondary special,Civil marriage,Co-op apartment,-16683,-5275,1,0,1,0,High skill tech staff,2
5009443,F,N,N,0,225103.44,Pensioner,Higher education,Separated,Office apartment,-18982,365243,1,1,0,0,,1
5009444,F,N,N,0,94999.7,Commercial associate,Secondary / secondary special,Separated,Co-op apartment,-15848,-7091,1,0,0,0,Medicine staff,1
5009445,F,N,Y,0,193587.14,Working,Higher education,Married,With parents,-13183,-4672,1,0,0,0,Low-skill Laborers,2
5009446,F,N,Y,0,146224.24,Student,Secondary / secondary special,Widow,House / apartment,-18470,-8014,1,0,0,0,Accountants,1
5009447,F,N,Y,1,118434.08,Student,Secondary / secondary special,Widow,Rented apartment,-16268,-3573,1,0,0,0,IT staff,2
5009448,F,N,Y,0,85924.96,Working,Secondary / secondary special,Widow,Office apartment,-13351,-1659,1,1,1,0,Cooking staff,1
5009449,M,N,Y,0,150005.37,Commercial associate,Secondary / secondary special,Married,Office apartment,-19644,-1611,1,1,0,0,HR staff,2
5009450,F,Y,Y,1,152423.75,Student,Secondary / secondary special,Married,With parents,-16142,-7744,1,1,0,1,Core staff,3
5009451,M,N,Y,0,135280.43,Working,Higher education,Civil marriage,Rented apartment,-15868,-7303,1,0,0,0,Medicine staff,2
5009452,M,N,N,0,198004.02,Student,Higher education,Separated,Co-op apartment,-9820,-2330,1,0,0,0,IT staff,1
5009453,F,N,Y,2,127868.07,Working,Secondary / secondary special,Widow,Office apartment,-8456,-1544,1,0,0,0,Medicine staff,3
5009454,F,Y,Y,0,209522.65,Commercial associate,Higher education,Married,House / apartment,-11965,-3014,1,1,0,0,HR staff,2
5009455,F,N,N,0,239590.36,Student,Higher education,Widow,Office apartment,-9462,-1120,1,1,1,0,Waiters/barmen staff,1
5009456,M,N,Y,0,72310.6,Working,Secondary / secondary special,Single / not married,House / apartment,-24457,-12543,1,0,0,0,Secretaries,1
5009457,M,Y,Y,0,81156.1,Working,Lower secondary,Separated,House / apartment,-22481,-6231,1,0,0,0,Core staff,1
5009458,F,N,Y,0,134597.75,Working,Higher education,Civil marriage,Office apartment,-11387,-309,1,1,0,0,Waiters/barmen staff,2
5009459,F,N,N,0,264140.12,Student,Academic degree,Widow,Office apartment,-12135,-5347,1,0,0,1,Secretaries,1
5009460,F,N,N,0,87334.68,Student,Secondary / secondary special,Married,Office apartment,-12378,-1693,1,0,0,0,Security staff,2
5009461,F,N,N,0,52493.27,Working,Secondary / secondary special,Separated,Co-op apartment,-22164,-3539,1,0,1,0,Core staff,1
5009462,F,N,Y,0,209016.55,Pensioner,Higher education,Single / not married,With parents,-22626,365243,1,0,0,0,,1
5009463,M,Y,Y,0,135881.1,Student,Secondary / secondary special,Civil marriage,Municipal apartment,-7946,-1187,1,0,0,0,Private service staff,2
5009464,M,N,Y,0,70213.69,Student,Secondary / secondary special,Separated,House / apartment,-18689,-10633,1,0,1,0,Drivers,1
5009465,F,Y,Y,0,109963.28,Pensioner,Secondary / secondary special,Married,Municipal apartment,-23640,365243,1,0,0,0,,2
5009466,F,N,N,0,148601.24,Pensioner,Secondary / secondary special,Widow,House / apartment,-18949,365243,1,0,1,0,,1
5009467,M,N,N,3,153614.15,Student,Secondary / secondary special,Widow,Co-op apartment,-9751,-2813,1,1,1,0,Core staff,4
5009468,M,N,Y,0,73048.72,Pensioner,Secondary / secondary special,Married,Co-op apartment,-11808,365243,1,1,1,0,,2
5009469,M,N,Y,0,155759.9,State servant,Secondary / secondary special,Widow,Municipal apartment,-21332,-5161,1,0,1,0,Managers,1
5009470,M,N,Y,1,83545.98,State servant,Incomplete higher,Separated,Co-op apartment,-9404,-2483,1,0,0,1,Waiters/barmen staff,2
5009471,M,N,Y,0,134870.91,Commercial associate,Secondary / secondary special,Civil marriage,House / apartment,-13452,-5704,1,0,0,0,Cleaning staff,2
5009472,F,N,N,0,172347.98,State servant,Higher education,Single / not married,Co-op apartment,-10819,-3294,1,0,0,0,Realty agents,1
5009473,F,N,Y,0,53281.37,Student,Secondary / secondary special,Single / not married,Municipal apartment,-16138,-635,1,1,1,0,Realty agents,1
5009474,F,N,N,0,143395.74,Commercial associate,Incomplete higher,Widow,Municipal apartment,-9377,-928,1,1,1,0,Managers,1
5009475,M,N,Y,2,88940.87,Working,Lower secondary,Widow,With parents,-8139,-1430,1,0,0,0,IT staff,3
5009476,M,N,Y,2,128485.7,State servant,Secondary / secondary special,Civil marriage,House / apartment,-19965,-12323,1,1,1,0,Managers,4
5009477,M,N,N,1,181479.69,Pensioner,Secondary / secondary special,Single / not married,Co-op apartment,-8946,365243,1,0,1,0,,2
5009478,M,N,Y,2,41034.44,Student,Secondary / secondary special,Married,Co-op apartment,-18438,-3055,1,0,0,0,Low-skill Laborers,4
5009479,M,N,Y,0,52856.64,Working,Secondary / secondary special,Single / not married,Co-op apartment,-10727,-1843,1,1,0,0,Security staff,1
5009480,F,N,N,1,202611.19,Pensioner,Higher education,Separated,Office apartment,-13800,365243,1,1,1,0,,2
5009481,M,N,N,1,84508.01,State servant,Secondary / secondary special,Married,With parents,-15648,-3018,1,1,1,0,Managers,3
5009482,F,N,N,0,170870.59,Working,Higher education,Separated,House / apartment,-17322,-3597,1,1,1,0,Cleaning staff,1
5009483,F,N,N,0,189797.8,Pensioner,Higher education,Separated,Rented apartment,-11469,365243,1,0,0,0,,1
5009484,M,N,Y,0,162242.67,Working,Higher education,Civil marriage,Municipal apartment,-20834,-7965,1,0,1,0,Core staff,2
5009485,M,N,Y,1,192153.49,Commercial associate,Secondary / secondary special,Single / not married,Office apartment,-20259,-12874,1,0,0,0,Core staff,2
5009486,F,Y,Y,0,264522.79,Commercial associate,Higher education,Separated,With parents,-21717,-13297,1,0,0,0,Sales staff,1
5009487,F,Y,N,0,198049.45,Working,Incomplete higher,Single / not married,Office apartment,-22421,-12475,1,0,1,0,Waiters/barmen staff,1
5009488,M,Y,N,0,128101.48,State servant,Secondary / secondary special,Widow,Office apartment,-11869,-270,1,1,1,0,HR staff,1
5009489,M,N,Y,0,179551.22,State servant,Higher education,Civil marriage,Municipal apartment,-10138,-2312,1,0,0,0,Sales staff,2
5009490,F,N,Y,0,235316.37,Student,Higher education,Single / not married,House / apartment,-20844,-3732,1,1,0,0,Cooking staff,1
5009491,F,N,Y,0,124553.75,State servant,Secondary / secondary special,Single / not married,Municipal apartment,-15590,-4449,1,0,0,0,IT staff,1
5009492,M,N,N,0,229116.07,Commercial associate,Higher education,Widow,Rented apartment,-10071,-3079,1,1,0,0,Waiters/barmen staff,1
5009493,F,N,N,2,112569.58,Pensioner,Secondary / secondary special,Single / not married,With parents,-12651,365243,1,0,1,0,,3
5009494,F,N,Y,0,149133.57,Commercial associate,Higher education,Separated,House / apartment,-13123,-1323,1,0,0,0,HR staff,1
5009495,M,Y,Y,0,117453.32,Student,Secondary / secondary special,Civil marriage,Co-op apartment,-17269,-2558,1,0,1,0,Laborers,2
5009496,F,N,Y,0,111700.85,Pensioner,Secondary / secondary special,Single / not married,House / apartment,-17843,365243,1,0,0,0,,1
5009497,F,N,Y,0,148888.13,State servant,Higher education,Widow,Office apartment,-12429,-4761,1,0,0,0,HR staff,1
5009498,M,N,Y,1,140311.12,Commercial associate,Secondary / secondary special,Civil marriage,Office apartment,-20717,-3543,1,1,1,0,Low-skill Laborers,3
5009499,F,Y,Y,0,229307.66,Commercial associate,Incomplete higher,Separated,Office apartment,-15251,-6087,1,0,1,0,Security staff,1
5009500,M,Y,Y,0,155382.85,State servant,Higher education,Single / not married,Rented apartment,-14094,-7029,1,0,1,0,Laborers,1
5009501,M,Y,Y,0,100194.21,Pensioner,Secondary / secondary special,Civil marriage,House / apartment,-18780,365243,1,1,1,0,,2
5009502,F,Y,Y,0,118735.94,State servant,Secondary / secondary special,Widow,House / apartment,-8325,-227,1,0,0,0,Drivers,1
5009503,M,Y,Y,0,30000.0,Student,Secondary / secondary special,Widow,Co-op apartment,-7956,-1186,1,0,1,0,Cleaning staff,1
5009504,F,N,Y,0,87017.77,Student,Secondary / secondary special,Single / not married,Rented apartment,-8434,-1203,1,1,0,0,Realty agents,1
5009505,M,Y,Y,0,128458.15,Working,Secondary / secondary special,Married,House / apartment,-10803,-532,1,0,0,0,Cleaning staff,2
5009506,M,N,Y,1,164712.32,Pensioner,Incomplete higher,Single / not married,Co-op apartment,-20645,365243,1,0,1,0,,2
5009507,F,Y,Y,0,130530.42,Commercial associate,Secondary / secondary special,Civil marriage,Municipal apartment,-19645,-3592,1,1,1,0,HR staff,2
5009508,F,N,N,0,103021.97,Student,Incomplete higher,Single / not married,Co-op apartment,-15118,-5583,1,0,1,0,Cooking staff,1
5009509,F,Y,N,0,179946.92,Working,Secondary / secondary special,Single / not married,Rented apartment,-10070,-2126,1,1,0,0,Private service staff,1
5009510,M,N,N,0,30000.0,Pensioner,Secondary / secondary special,Single / not married,Municipal apartment,-12928,365243,1,1,0,0,,1
5009511,F,N,Y,0,117602.48,State servant,Secondary / secondary special,Civil marriage,Office apartment,-13470,-4738,1,0,0,0,Cooking staff,2
5009512,M,N,N,2,92343.46,Working,Secondary / secondary special,Civil marriage,Office apartment,-24240,-16666,1,0,0,0,Accountants,4
5009513,M,N,Y,1,186768.9,State servant,Higher education,Single / not married,With parents,-22827,-5024,1,0,0,0,Sales staff,2
5009514,F,Y,Y,0,119013.43,Pensioner,Higher education,Separated,Co-op apartment,-11318,365243,1,1,1,0,,1
5009515,M,N,Y,0,219790.13,Commercial associate,Higher education,Civil marriage,Co-op apartment,-20208,-5893,1,0,1,0,Low-skill Laborers,2
5009516,M,Y,Y,1,100100.07,Pensioner,Secondary / secondary special,Widow,Rented apartment,-23370,365243,1,0,0,0,,2
5009517,M,Y,Y,0,165211.48,State servant,Higher education,Separated,House / apartment,-12151,-5333,1,0,1,0,High skill tech staff,1
5009518,M,N,Y,0,90801.48,State servant,Secondary / secondary special,Separated,Co-op apartment,-15475,-4421,1,1,0,0,Low-skill Laborers,1
5009519,F,N,Y,1,103423.26,Student,Incomplete higher,Civil marriage,Office apartment,-24352,-2147,1,1,1,0,High skill tech staff,3
5009520,M,Y,Y,2,152651.76,Commercial associate,Secondary / secondary special,Separated,Rented apartment,-8503,-674,1,1,1,0,Managers,3
5009521,F,Y,Y,0,177400.32,Student,Higher education,Separated,House / apartment,-15339,-2737,1,0,1,0,Core staff,1
5009522,F,Y,Y,0,193481.41,State servant,Higher education,Separated,Co-op apartment,-18266,-10756,1,1,0,0,Realty agents,1
5009523,F,Y,Y,1,229620.54,Working,Higher education,Married,With parents,-23984,-4607,1,1,0,0,Sales staff,3
5009524,F,N,Y,0,183626.75,Working,Higher education,Separated,Municipal apartment,-20491,-10872,1,0,1,1,Security staff,1
5009525,F,Y,Y,0,121248.49,Commercial associate,Secondary / secondary special,Civil marriage,House / apartment,-11469,-267,1,0,0,0,Cleaning staff,2
5009526,F,N,Y,0,69275.14,Student,Secondary / secondary special,Civil marriage,Rented apartment,-10275,-3188,1,0,0,0,HR staff,2
5009527,F,N,Y,0,126427.73,State servant,Secondary / secondary special,Single / not married,Co-op apartment,-24577,-6761,1,1,1,0,Cooking staff,1
5009528,M,Y,Y,0,119171.19,State servant,Secondary / secondary special,Widow,With parents,-14166,-7212,1,0,1,0,Managers,1
5009529,M,N,Y,0,205302.49,State servant,Higher education,Single / not married,Rented apartment,-23128,-4748,1,0,1,0,Private service staff,1
5009530,F,Y,Y,1,215483.44,State servant,Secondary / secondary special,Single / not married,Co-op apartment,-23245,-6503,1,1,1,0,Waiters/barmen staff,2
5009531,M,N,Y,0,278192.49,Student,Academic degree,Married,Municipal apartment,-18138,-2077,1,0,1,0,HR staff,2
5009532,F,N,N,1,120122.18,Pensioner,Secondary / secondary special,Separated,Co-op apartment,-23487,365243,1,1,0,0,,2
5009533,M,Y,Y,0,230016.59,Commercial associate,Higher education,Widow,Municipal apartment,-22641,-14619,1,1,0,0,Medicine staff,1
5009534,M,N,Y,0,69422.78,State servant,Secondary / secondary special,Civil marriage,Co-op apartment,-16894,-7439,1,0,1,0,IT staff,2
5009535,M,Y,Y,1,84954.49,Pensioner,Higher education,Separated,Rented apartment,-21187,365243,1,0,0,0,,2
5009536,M,N,Y,0,175675.14,Commercial associate,Secondary / secondary special,Married,Municipal apartment,-18691,-1066,1,0,1,0,HR staff,2
5009537,F,Y,Y,0,141047.84,Working,Secondary / secondary special,Civil marriage,House / apartment,-11464,-1928,1,1,1,1,Private service staff,2
5009538,M,N,Y,1,284851.69,Commercial associate,Higher education,Single / not married,Office apartment,-12688,-2461,1,0,0,0,Medicine staff,2
5009539,M,N,Y,1,183065.88,Student,Higher education,Single / not married,Municipal apartment,-18723,-7208,1,1,1,0,Realty agents,2
5009540,F,N,N,0,104338.96,State servant,Secondary / secondary special,Single / not married,With parents,-12448,-4610,1,0,1,0,Managers,1
5009541,M,N,N,1,176025.43,Commercial associate,Secondary / secondary special,Married,Rented apartment,-18423,-11289,1,0,1,0,Realty agents,3
5009542,M,N,Y,0,124958.53,Pensioner,Secondary / secondary special,Single / not married,With parents,-19509,365243,1,1,0,0,,1
5009543,F,N,Y,0,182916.42,Working,Higher education,Single / not married,Office apartment,-20745,-6859,1,0,1,0,Managers,1
5009544,M,Y,Y,0,135267.55,Student,Secondary / secondary special,Civil marriage,Office apartment,-7835,-645,1,1,0,0,Managers,2
5009545,F,N,Y,0,127243.1,Commercial associate,Secondary / secondary special,Civil marriage,Co-op apartment,-12814,-5435,1,1,1,0,Medicine staff,2
5009546,F,N,Y,1,117581.6,Working,Secondary / secondary special,Married,Rented apartment,-19223,-1361,1,1,0,0,Secretaries,3
5009547,M,N,Y,0,113878.18,Student,Secondary / secondary special,Widow,With parents,-17472,-1839,1,0,1,0,High skill tech staff,1
5009548,M,N,Y,2,209964.56,Student,Lower secondary,Civil marriage,With parents,-23684,-8171,1,1,0,0,Cooking staff,4
5009549,F,N,Y,0,68385.2,State servant,Secondary / secondary special,Single / not married,Rented apartment,-20837,-456,1,0,1,0,Accountants,1
5009550,F,Y,Y,0,203375.21,Commercial associate,Secondary / secondary special,Separated,Municipal apartment,-9504,-850,1,1,1,1,Cleaning staff,1
5009551,M,N,Y,2,191639.86,Commercial associate,Higher education,Separated,House / apartment,-9411,-1880,1,1,1,1,Security staff,3
5009552,M,N,N,0,134469.53,State servant,Lower secondary,Widow,House / apartment,-15193,-2948,1,1,1,0,IT staff,1
5009553,M,N,Y,1,229115.59,Pensioner,Higher education,Separated,Co-op apartment,-22855,365243,1,0,1,0,,2
5009554,F,N,Y,2,75650.64,Student,Secondary / secondary special,Separated,Rented apartment,-21370,-12336,1,1,0,0,Core staff,3
5009555,M,N,N,0,114041.45,Pensioner,Secondary / secondary special,Married,Office apartment,-9252,365243,1,0,0,0,,2
5009556,M,N,Y,0,152210.95,Working,Secondary / secondary special,Civil marriage,Rented apartment,-15417,-7808,1,1,0,0,Drivers,2
5009557,F,N,N,1,110425.32,Working,Incomplete higher,Widow,Rented apartment,-7994,-461,1,0,1,0,Waiters/barmen staff,2
5009558,F,N,Y,0,186501.8,Pensioner,Higher education,Single / not married,With parents,-12965,365243,1,0,0,0,,1
5009559,M,N,Y,2,75535.67,Pensioner,Secondary / secondary special,Civil marriage,With parents,-23743,365243,1,0,1,0,,4
5009560,F,Y,N,0,135166.07,Commercial associate,Incomplete higher,Separated,With parents,-11200,-1873,1,0,0,0,Managers,1
5009561,M,Y,Y,2,205081.22,Pensioner,Higher education,Single / not married,With parents,-24582,365243,1,1,1,0,,3
5009562,M,N,Y,0,160811.76,Working,Secondary / secondary special,Civil marriage,With parents,-24831,-1709,1,1,0,1,Low-skill Laborers,2
5009563,F,N,N,0,235081.69,Commercial associate,Higher education,Single / not married,With parents,-19602,-9974,1,0,1,0,Core staff,1
5009564,F,N,Y,0,237536.87,Commercial associate,Secondary / secondary special,Single / not married,Municipal apartment,-22761,-1933,1,0,1,0,High skill tech staff,1
5009565,F,N,N,0,30000.0,Working,Secondary / secondary special,Married,Co-op apartment,-22640,-14692,1,1,0,0,Core staff,2
5009566,M,Y,Y,0,115827.44,State servant,Secondary / secondary special,Widow,Rented apartment,-9977,-2125,1,1,1,0,Laborers,1
5009567,F,Y,Y,0,193934.74,Working,Higher education,Widow,With parents,-9830,-1764,1,0,0,0,Drivers,1
5009568,F,Y,Y,0,124064.17,Pensioner,Secondary / secondary special,Widow,Municipal apartment,-20715,365243,1,0,1,0,,1
5009569,M,N,N,0,163972.5,State servant,Incomplete higher,Single / not married,House / apartment,-10124,-297,1,0,1,0,Medicine staff,1
5009570,F,N,Y,0,195643.07,Student,Higher education,Separated,House / apartment,-20458,-9163,1,1,1,1,Realty agents,1
5009571,M,Y,N,0,137531.6,Working,Secondary / secondary special,Widow,Municipal apartment,-8753,-912,1,0,0,0,Laborers,1
5009572,F,N,Y,1,76514.82,Pensioner,Secondary / secondary special,Married,Office apartment,-10805,365243,1,0,0,0,,3
5009573,M,N,Y,1,159192.05,Commercial associate,Secondary / secondary special,Married,Office apartment,-13895,-1827,1,0,1,0,Realty agents,3
5009574,M,N,N,0,212430.35,Commercial associate,Incomplete higher,Separated,With parents,-12449,-5642,1,1,1,1,Low-skill Laborers,1
5009575,F,N,Y,0,134580.3,Working,Incomplete higher,Widow,Office apartment,-24137,-1211,1,0,0,0,Waiters/barmen staff,1
5009576,M,N,N,2,166460.56,Commercial associate,Secondary / secondary special,Single / not married,With parents,-21992,-1257,1,0,1,0,Security staff,3
5009577,M,Y,Y,0,122974.17,Working,Secondary / secondary special,Widow,Rented apartment,-11656,-2329,1,1,0,0,Managers,1
5009578,F,N,N,0,130199.07,Pensioner,Higher education,Widow,With parents,-22712,365243,1,1,1,0,,1
5009579,M,Y,N,2,225639.46,Commercial associate,Incomplete higher,Separated,Rented apartment,-8642,-380,1,1,1,0,Security staff,3
5009580,F,N,N,3,148424.19,Working,Secondary / secondary special,Widow,Rented apartment,-11470,-2227,1,0,1,0,Security staff,4
5009581,F,N,N,0,150036.04,Working,Secondary / secondary special,Married,Office apartment,-9299,-2640,1,1,1,0,Medicine staff,2
5009582,M,Y,N,1,67194.02,Student,Secondary / secondary special,Separated,Co-op apartment,-23259,-3747,1,0,1,0,High skill tech staff,2
5009583,F,N,N,1,30000.0,Pensioner,Secondary / secondary special,Civil marriage,Rented apartment,-19671,365243,1,1,0,0,,3
5009584,F,N,N,1,156733.89,State servant,Secondary / secondary special,Widow,Office apartment,-20371,-11567,1,1,1,0,Medicine staff,2
5009585,M,N,Y,0,118493.09,State servant,Secondary / secondary special,Separated,Municipal apartment,-20627,-13488,1,0,0,0,Cleaning staff,1
5009586,F,N,N,0,142069.14,Student,Higher education,Married,With parents,-9273,-1973,1,1,0,0,Low-skill Laborers,2
5009587,F,N,N,0,84405.4,Pensioner,Lower secondary,Married,With parents,-17077,365243,1,1,0,0,,2
5009588,M,Y,Y,0,167480.03,Working,Secondary / secondary special,Separated,Rented apartment,-17220,-10628,1,1,0,0,Accountants,1
5009589,F,N,N,2,208272.99,Pensioner,Higher education,Civil marriage,Municipal apartment,-23121,365243,1,0,1,0,,4
5009590,M,N,Y,1,198169.73,Commercial associate,Lower secondary,Married,Office apartment,-19830,-7181,1,0,1,0,Managers,3
5009591,M,N,Y,0,206680.81,State servant,Higher education,Single / not married,House / apartment,-17282,-6066,1,1,1,0,Core staff,1
5009592,M,Y,Y,2,128787.49,Pensioner,Secondary / secondary special,Single / not married,Rented apartment,-11364,365243,1,1,1,0,,3
5009593,F,Y,Y,1,193428.73,Commercial associate,Incomplete higher,Widow,House / apartment,-19894,-4890,1,0,0,0,Managers,2
5009594,M,N,Y,0,217257.39,Commercial associate,Higher education,Separated,Office apartment,-19702,-9055,1,1,1,0,Waiters/barmen staff,1
5009595,F,Y,Y,0,99973.22,Pensioner,Secondary / secondary special,Separated,With parents,-11560,365243,1,0,1,0,,1
5009596,M,N,Y,0,133861.4,Working,Lower secondary,Married,Office apartment,-7886,-551,1,0,1,0,Cooking staff,2
5009597,M,Y,Y,0,62135.43,Pensioner,Secondary / secondary special,Single / not married,Rented apartment,-19796,365243,1,0,0,0,,1
5009598,F,Y,Y,0,150625.71,Working,Lower secondary,Civil marriage,House / apartment,-13662,-1428,1,0,0,0,Realty agents,2
5009599,M,N,N,2,80441.43,Student,Incomplete higher,Single / not married,With parents,-24156,-8721,1,0,1,0,Low-skill Laborers,3
5009600,F,N,N,1,320531.87,Working,Higher education,Widow,Office apartment,-19724,-6947,1,0,1,0,IT staff,2
5009601,F,N,Y,0,58114.44,State servant,Secondary / secondary special,Widow,Rented apartment,-12921,-6299,1,0,0,0,Cooking staff,1
5009602,M,Y,Y,2,135254.04,Pensioner,Secondary / secondary special,Married,Municipal apartment,-14277,365243,1,1,0,0,,4
5009603,F,N,Y,0,135723.06,Working,Secondary / secondary special,Single / not married,Rented apartment,-11219,-3040,1,0,1,0,Laborers,1
5009604,M,N,Y,0,215672.03,Pensioner,Higher education,Separated,House / apartment,-10347,365243,1,0,1,0,,1
5009605,F,N,N,2,93705.06,Pensioner,Secondary / secondary special,Separated,Rented apartment,-12444,365243,1,0,1,0,,3
5009606,M,N,Y,0,85759.49,Commercial associate,Secondary / secondary special,Single / not married,Co-op apartment,-12073,-3802,1,1,1,0,Low-skill Laborers,1
5009607,F,Y,Y,1,127483.58,Working,Incomplete higher,Single / not married,Office apartment,-24760,-8625,1,0,0,0,Managers,2
5009608,F,Y,N,1,86142.82,Student,Secondary / secondary special,Separated,Office apartment,-20873,-9540,1,0,0,0,Realty agents,2
5009609,M,N,N,0,137133.15,Commercial associate,Lower secondary,Married,Rented apartment,-14194,-7224,1,0,0,0,Realty agents,2
5009610,M,Y,N,0,159795.13,Commercial associate,Secondary / secondary special,Single / not married,With parents,-17062,-3455,1,0,1,0,Managers,1
5009611,M,N,Y,2,100525.34,Commercial associate,Secondary / secondary special,Widow,House / apartment,-22382,-12091,1,0,0,0,Core staff,3
5009612,F,N,Y,0,236927.79,State servant,Higher education,Separated,Office apartment,-11962,-5284,1,1,0,0,Secretaries,1
5009613,F,Y,Y,1,110753.78,State servant,Lower secondary,Civil marriage,With parents,-8400,-857,1,0,1,0,IT staff,3
5009614,F,Y,Y,2,113704.38,State servant,Secondary / secondary special,Civil marriage,Municipal apartment,-13266,-2779,1,0,0,0,Realty agents,4
5009615,M,N,N,1,240808.09,Pensioner,Higher education,Separated,Municipal apartment,-18725,365243,1,0,1,0,,2
5009616,M,N,Y,2,112467.34,Student,Lower secondary,Civil marriage,Office apartment,-22947,-10862,1,1,0,1,Realty agents,4
5009617,M,N,Y,0,171498.09,Student,Secondary / secondary special,Widow,With parents,-10256,-1290,1,0,1,0,Medicine staff,1
5009618,M,N,N,0,107295.17,Working,Secondary / secondary special,Civil marriage,With parents,-20435,-13285,1,0,1,0,Cooking staff,2
5009619,F,N,N,0,111692.91,Pensioner,Higher education,Single / not married,With parents,-10472,365243,1,0,1,0,,1
5009620,F,N,Y,1,133177.28,Working,Secondary / secondary special,Separated,House / apartment,-20642,-2065,1,1,1,0,Low-skill Laborers,2
5009621,M,N,N,0,160060.13,Student,Secondary / secondary special,Married,Municipal apartment,-8852,-465,1,1,0,0,Cooking staff,2
5009622,M,N,Y,1,119047.26,Working,Incomplete higher,Widow,Rented apartment,-24694,-6733,1,0,1,1,Security staff,2
5009623,M,N,N,0,84666.85,Pensioner,Secondary / secondary special,Separated,Co-op apartment,-9047,365243,1,0,0,0,,1
5009624,M,N,Y,0,94867.02,State servant,Incomplete higher,Civil marriage,Co-op apartment,-14110,-2879,1,1,1,0,Realty agents,2
5009625,M,N,N,0,48022.8,Pensioner,Secondary / secondary special,Married,Co-op apartment,-23349,365243,1,0,0,0,,2
5009626,M,Y,Y,0,159552.86,Commercial associate,Secondary / secondary special,Separated,Co-op apartment,-22663,-12687,1,0,0,0,Managers,1
5009627,M,N,N,0,157531.74,Working,Higher education,Widow,With parents,-15842,-1975,1,0,1,0,HR staff,1
5009628,M,N,Y,0,46645.44,Pensioner,Lower secondary,Single / not married,Co-op apartment,-9799,365243,1,0,0,0,,1
5009629,F,N,Y,0,194125.49,Pensioner,Higher education,Civil marriage,With parents,-14992,365243,1,1,0,0,,2
5009630,F,Y,Y,0,165112.9,Working,Secondary / secondary special,Married,Co-op apartment,-20793,-10233,1,0,1,0,Laborers,2
5009631,F,N,Y,2,86900.86,Pensioner,Secondary / secondary special,Separated,Municipal apartment,-16248,365243,1,1,1,0,,3
5009632,M,Y,Y,0,60848.22,State servant,Secondary / secondary special,Separated,Rented apartment,-22582,-7531,1,0,1,0,Drivers,1
5009633,M,N,N,0,143000.32,Commercial associate,Incomplete higher,Single / not married,With parents,-17849,-2222,1,0,1,0,Managers,1
5009634,F,Y,Y,0,101166.0,Student,Secondary / secondary special,Widow,Co-op apartment,-16238,-4308,1,1,0,0,High skill tech staff,1
5009635,M,Y,Y,0,152545.67,Commercial associate,Secondary / secondary special,Single / not married,Rented apartment,-16090,-9113,1,1,1,0,High skill tech staff,1
5009636,F,N,Y,0,45781.03,Pensioner,Secondary / secondary special,Separated,With parents,-11265,365243,1,1,0,1,,1
5009637,F,N,N,0,107921.36,Pensioner,Secondary / secondary special,Single / not married,With parents,-24244,365243,1,0,0,0,,1
5009638,M,N,Y,0,110664.87,Working,Secondary / secondary special,Civil marriage,House / apartment,-16755,-4808,1,0,1,0,Security staff,2
5009639,M,N,Y,0,197680.45,Working,Higher education,Married,Municipal apartment,-13784,-4544,1,0,1,1,IT staff,2
5009640,F,N,Y,0,250073.02,Commercial associate,Higher education,Widow,Municipal apartment,-11931,-2128,1,1,1,0,Laborers,1
5009641,F,Y,Y,1,114079.87,State servant,Secondary / secondary special,Single / not married,Office apartment,-15294,-2864,1,1,1,0,Security staff,2
5009642,F,Y,Y,0,176399.57,Working,Secondary / secondary special,Civil marriage,With parents,-13082,-4739,1,0,1,0,IT staff,2
5009643,F,Y,Y,1,190435.72,Pensioner,Higher education,Widow,House / apartment,-20077,365243,1,0,1,0,,2
5009644,M,Y,Y,0,181091.99,Working,Higher education,Married,Rented apartment,-14546,-666,1,1,0,0,Waiters/barmen staff,2
5009645,M,N,Y,0,132394.24,Pensioner,Incomplete higher,Separated,House / apartment,-8394,365243,1,0,0,1,,1
5009646,M,N,Y,1,200989.86,Working,Higher education,Married,Co-op apartment,-19940,-5652,1,0,0,0,Sales staff,3
5009647,M,Y,Y,0,103672.07,Pensioner,Secondary / secondary special,Separated,With parents,-10283,365243,1,0,1,0,,1
5009648,F,N,Y,0,158921.62,Pensioner,Higher education,Separated,House / apartment,-15318,365243,1,1,0,0,,1
5009649,M,N,Y,2,143060.16,Student,Secondary / secondary special,Single / not married,Office apartment,-21710,-5579,1,0,1,0,Core staff,3
5009650,M,Y,Y,0,170144.19,State servant,Secondary / secondary special,Civil marriage,Rented apartment,-24566,-10900,1,1,1,0,High skill tech staff,2
5009651,F,N,Y,2,177303.59,Working,Secondary / secondary special,Civil marriage,House / apartment,-12879,-2517,1,0,0,0,High skill tech staff,4
5009652,M,N,N,0,105598.2,Working,Secondary / secondary special,Married,Municipal apartment,-10105,-1712,1,0,0,0,Accountants,2
5009653,F,Y,Y,1,138401.66,Student,Secondary / secondary special,Married,Co-op apartment,-17339,-852,1,0,0,0,Drivers,3
5009654,F,Y,Y,1,125510.03,Working,Secondary / secondary special,Married,Municipal apartment,-19856,-9599,1,1,0,0,Accountants,3
5009655,M,Y,Y,0,240759.37,Student,Higher education,Separated,With parents,-19954,-9981,1,1,0,0,Cooking staff,1
5009656,F,N,Y,0,124118.25,Student,Incomplete higher,Civil marriage,Rented apartment,-10656,-1749,1,1,1,0,Secretaries,2
5009657,F,N,Y,2,139573.84,Pensioner,Secondary / secondary special,Civil marriage,Co-op apartment,-15679,365243,1,0,0,0,,4
5009658,M,N,Y,1,54196.78,Student,Secondary / secondary special,Married,Rented apartment,-22789,-16062,1,0,0,0,IT staff,3
5009659,F,N,Y,0,98899.23,Pensioner,Secondary / secondary special,Civil marriage,Office apartment,-23754,365243,1,1,0,0,,2
5009660,F,N,N,0,270660.34,Commercial associate,Higher education,Married,Rented apartment,-10148,-427,1,0,1,0,Cooking staff,2
5009661,M,N,Y,1,102326.52,Working,Secondary / secondary special,Married,House / apartment,-12020,-5188,1,1,1,0,Waiters/barmen staff,3
5009662,F,Y,Y,0,222817.17,State servant,Higher education,Separated,House / apartment,-16253,-3520,1,1,1,0,Security staff,1
5009663,M,N,Y,2,174743.29,State servant,Incomplete higher,Separated,House / apartment,-15822,-5111,1,0,0,0,Sales staff,3
5009664,F,Y,N,0,86999.46,State servant,Secondary / secondary special,Married,Co-op apartment,-9874,-2871,1,1,0,0,Laborers,2
5009665,F,Y,Y,1,100806.08,Working,Secondary / secondary special,Widow,Rented apartment,-10655,-1943,1,0,1,0,High skill tech staff,2
5009666,F,Y,Y,1,91893.14,State servant,Secondary / secondary special,Single / not married,Rented apartment,-8423,-487,1,1,0,0,Cleaning staff,2
5009667,M,Y,Y,1,55128.61,Student,Incomplete higher,Separated,House / apartment,-19831,-11919,1,0,1,0,Private service staff,2
5009668,F,N,N,0,96467.29,Pensioner,Secondary / secondary special,Single / not married,With parents,-9747,365243,1,0,0,0,,1
5009669,M,N,N,0,126373.58,Working,Secondary / secondary special,Married,With parents,-11145,-1500,1,0,1,0,Low-skill Laborers,2
5009670,M,Y,Y,0,133625.92,Commercial associate,Secondary / secondary special,Separated,With parents,-10909,-2153,1,0,0,0,HR staff,1
5009671,M,Y,Y,0,30000.0,Working,Incomplete higher,Married,Office apartment,-10498,-2528,1,1,0,0,Waiters/barmen staff,2
5009672,F,Y,Y,1,122876.15,Working,Higher education,Civil marriage,Rented apartment,-15392,-7404,1,0,1,0,Medicine staff,3
5009673,F,N,N,0,99787.33,Pensioner,Secondary / secondary special,Widow,House / apartment,-14834,365243,1,0,0,0,,1
5009674,M,N,Y,0,150983.43,Pensioner,Higher education,Civil marriage,Municipal apartment,-22354,365243,1,1,1,0,,2
5009675,M,N,Y,0,128521.5,Student,Secondary / secondary special,Civil marriage,Municipal apartment,-22686,-9651,1,1,1,1,Medicine staff,2
5009676,M,Y,Y,1,82216.4,State servant,Secondary / secondary special,Single / not married,Office apartment,-22958,-2439,1,0,1,0,Cooking staff,2
5009677,F,Y,Y,0,111974.03,Pensioner,Secondary / secondary special,Civil marriage,With parents,-22901,365243,1,1,1,0,,2
5009678,F,N,N,0,109729.86,Pensioner,Secondary / secondary special,Separated,Office apartment,-24560,365243,1,0,0,0,,1
5009679,F,N,Y,3,101316.56,Pensioner,Secondary / secondary special,Civil marriage,House / apartment,-24520,365243,1,1,0,0,,5
5009680,F,Y,Y,0,142044.47,Working,Higher education,Single / not married,House / apartment,-23562,-11723,1,0,0,0,Accountants,1
5009681,F,N,N,0,168907.82,Commercial associate,Secondary / secondary special,Civil marriage,Office apartment,-13739,-1833,1,1,0,0,Laborers,2
5009682,F,Y,Y,2,118957.16,Student,Secondary / secondary special,Separated,With parents,-11825,-3272,1,0,1,0,High skill tech staff,3
5009683,M,N,Y,1,178138.15,State servant,Higher education,Married,Rented apartment,-19900,-5998,1,1,0,0,Low-skill Laborers,3
5009684,F,Y,Y,0,75629.04,Pensioner,Incomplete higher,Widow,Rented apartment,-22059,365243,1,0,1,0,,1
5009685,M,N,N,0,200071.07,Commercial associate,Higher education,Civil marriage,With parents,-19943,-12029,1,1,0,0,Low-skill Laborers,2
5009686,M,N,Y,1,102838.23,Student,Secondary / secondary special,Separated,Rented apartment,-20102,-12315,1,1,1,0,Sales staff,2
5009687,F,N,N,0,144821.16,Student,Secondary / secondary special,Single / not married,House / apartment,-24479,-6643,1,0,0,0,Medicine staff,1
5009688,M,Y,Y,0,184097.22,Commercial associate,Secondary / secondary special,Single / not married,With parents,-14699,-1506,1,0,0,0,Sales staff,1
5009689,M,Y,Y,0,146244.46,Working,Secondary / secondary special,Married,House / apartment,-20937,-3997,1,0,1,0,High skill tech staff,2
5009690,F,N,Y,2,105539.94,Working,Secondary / secondary special,Civil marriage,Office apartment,-21632,-7633,1,1,0,0,Core staff,4
5009691,F,Y,Y,1,236143.54,Student,Higher education,Separated,With parents,-19862,-9532,1,0,0,1,High skill tech staff,2
5009692,M,Y,Y,1,212611.99,State servant,Higher education,Widow,Rented apartment,-24186,-16623,1,1,1,0,Private service staff,2
5009693,F,Y,N,0,130827.32,Working,Secondary / secondary special,Civil marriage,House / apartment,-18045,-4838,1,1,1,0,Low-skill Laborers,2
5009694,F,Y,Y,0,221612.81,Commercial associate,Higher education,Single / not married,Co-op apartment,-21296,-5945,1,0,0,1,Drivers,1
5009695,F,N,Y,0,99550.57,State servant,Incomplete higher,Married,Municipal apartment,-14091,-2753,1,1,0,0,Low-skill Laborers,2
5009696,F,N,Y,0,75633.55,State servant,Lower secondary,Civil marriage,Office apartment,-10518,-3914,1,1,0,0,Drivers,2
5009697,M,N,Y,0,112795.66,Student,Secondary / secondary special,Civil marriage,Municipal apartment,-8544,-1106,1,1,1,0,Managers,2
5009698,M,N,Y,1,197758.46,Commercial associate,Secondary / secondary special,Separated,Co-op apartment,-20073,-3739,1,0,0,0,Drivers,2
5009699,F,N,Y,0,143053.59,Commercial associate,Lower secondary,Single / not married,Rented apartment,-17061,-2811,1,0,0,0,Accountants,1
5009700,M,Y,Y,0,207553.25,Commercial associate,Secondary / secondary special,Married,Co-op apartment,-15560,-8100,1,1,1,0,Private service staff,2
5009701,F,N,Y,0,201908.0,Student,Higher education,Widow,With parents,-11553,-289,1,1,1,1,HR staff,1
5009702,F,N,N,0,127885.74,Pensioner,Lower secondary,Single / not married,Office apartment,-11509,365243,1,0,0,0,,1
5009703,M,N,N,0,111718.88,State servant,Secondary / secondary special,Married,With parents,-10458,-1963,1,1,0,0,Sales staff,2
5009704,F,Y,Y,0,94342.25,Working,Incomplete higher,Separated,Rented apartment,-17771,-4646,1,1,0,0,Medicine staff,1
5009705,M,Y,Y,0,119444.22,Working,Incomplete higher,Single / not married,House / apartment,-7706,-351,1,1,1,0,Drivers,1
5009706,F,N,Y,0,147306.49,Working,Secondary / secondary special,Single / not married,Rented apartment,-21818,-7568,1,1,0,0,Security staff,1
5009707,F,Y,Y,1,49571.73,Student,Secondary / secondary special,Civil marriage,House / apartment,-14423,-2778,1,1,1,0,High skill tech staff,3
5009708,F,Y,N,0,244451.31,Commercial associate,Higher education,Separated,With parents,-19742,-660,1,0,0,0,Core staff,1
5009709,F,Y,N,0,119333.33,Pensioner,Secondary / secondary special,Separated,Rented apartment,-9775,365243,1,1,0,0,,1
5009710,M,N,Y,0,59576.86,Pensioner,Secondary / secondary special,Separated,Co-op apartment,-24262,365243,1,1,1,0,,1
5009711,F,N,N,0,150956.59,Student,Lower secondary,Single / not married,Municipal apartment,-14808,-4102,1,0,0,0,Cleaning staff,1
5009712,M,N,Y,0,125404.39,Commercial associate,Secondary / secondary special,Civil marriage,Co-op apartment,-13557,-4364,1,0,0,0,Cleaning staff,2
5009713,M,Y,Y,0,174485.25,Student,Higher education,Widow,Office apartment,-18184,-7178,1,0,1,1,Waiters/barmen staff,1
5009714,F,N,N,0,109414.37,State servant,Secondary / secondary special,Widow,Office apartment,-11634,-1719,1,1,1,0,Medicine staff,1
5009715,M,N,Y,0,122198.75,Working,Secondary / secondary special,Separated,With parents,-14485,-3505,1,1,1,0,Sales staff,1
5009716,F,N,Y,0,135535.0,Student,Secondary / secondary special,Married,With parents,-23560,-6719,1,0,0,0,Cleaning staff,2
5009717,F,Y,Y,2,117906.5,Commercial associate,Secondary / secondary special,Civil marriage,Rented apartment,-10448,-1756,1,1,0,0,High skill tech staff,4
5009718,F,Y,Y,0,243019.26,Commercial associate,Secondary / secondary special,Civil marriage,With parents,-9616,-1473,1,1,0,0,Managers,2
5009719,F,N,Y,0,154146.65,Commercial associate,Secondary / secondary special,Married,Office apartment,-21478,-11861,1,0,0,0,Sales staff,2
5009720,M,N,N,0,285382.44,Pensioner,Academic degree,Widow,Rented apartment,-11315,365243,1,0,1,0,,1
5009721,M,N,N,1,127272.6,State servant,Incomplete higher,Civil marriage,Co-op apartment,-14002,-6703,1,1,0,0,Core staff,3
5009722,F,Y,Y,0,134808.63,Working,Secondary / secondary special,Married,Office apartment,-10000,-1786,1,1,0,0,IT staff,2
5009723,M,N,Y,0,30000.0,State servant,Secondary / secondary special,Married,Municipal apartment,-19083,-12488,1,1,0,0,Security staff,2
5009724,F,N,N,0,93437.79,Pensioner,Secondary / secondary special,Civil marriage,Municipal apartment,-10842,365243,1,0,0,1,,2
5009725,M,N,Y,0,92350.73,Working,Secondary / secondary special,Married,With parents,-8512,-729,1,0,1,1,IT staff,2
5009726,F,Y,Y,2,78107.66,State servant,Secondary / secondary special,Married,With parents,-8850,-2169,1,0,1,0,Laborers,4
5009727,F,N,Y,0,173641.8,Commercial associate,Incomplete higher,Married,Co-op apartment,-21613,-7170,1,0,0,1,Drivers,2
5009728,M,N,N,0,229338.43,Commercial associate,Higher education,Separated,With parents,-18197,-4626,1,1,1,0,Realty agents,1
5009729,F,N,Y,0,139057.71,Working,Incomplete higher,Widow,Rented apartment,-7695,-290,1,1,0,0,Accountants,1
5009730,M,N,Y,1,212526.9,Commercial associate,Secondary / secondary special,Separated,With parents,-24239,-5017,1,0,0,0,Managers,2
5009731,M,N,Y,0,157498.86,Working,Secondary / secondary special,Separated,Rented apartment,-18992,-8506,1,0,0,0,Secretaries,1
5009732,F,Y,Y,2,174787.55,State servant,Secondary / secondary special,Civil marriage,House / apartment,-15108,-1507,1,1,1,0,Core staff,4
5009733,M,N,Y,0,112262.12,Working,Secondary / secondary special,Married,Office apartment,-15471,-2824,1,1,0,0,Medicine staff,2
5009734,F,N,N,0,84550.83,State servant,Secondary / secondary special,Single / not married,Office apartment,-16420,-9207,1,1,1,0,Managers,1
5009735,M,Y,Y,1,177489.58,Working,Higher education,Widow,Office apartment,-17531,-10142,1,1,0,0,High skill tech staff,2
5009736,M,Y,N,0,118397.2,Working,Secondary / secondary special,Civil marriage,Co-op apartment,-20788,-3706,1,0,1,0,Security staff,2
5009737,F,Y,Y,0,158177.03,Working,Secondary / secondary special,Single / not married,Office apartment,-13394,-1693,1,0,0,0,IT staff,1
5009738,M,Y,N,0,131836.51,Working,Secondary / secondary special,Single / not married,Co-op apartment,-11353,-1887,1,1,0,1,Core staff,1
5009739,F,Y,Y,0,158461.27,Commercial associate,Secondary / secondary special,Civil marriage,Office apartment,-16886,-6555,1,0,1,0,Medicine staff,2
5009740,M,N,N,0,174706.73,Commercial associate,Higher education,Single / not married,Office apartment,-12436,-2608,1,1,1,0,Private service staff,1
5009741,M,Y,Y,0,70570.27,Pensioner,Secondary / secondary special,Married,Co-op apartment,-15386,365243,1,0,0,0,,2
5009742,M,N,N,1,252307.38,State servant,Higher education,Married,With parents,-14099,-4096,1,0,0,0,Waiters/barmen staff,3
5009743,M,Y,Y,0,196548.99,Commercial associate,Higher education,Widow,Co-op apartment,-16783,-9215,1,1,0,0,Cleaning staff,1
5009744,M,N,Y,0,147883.67,Pensioner,Higher education,Married,With parents,-14636,365243,1,1,1,1,,2
5009745,M,N,Y,0,184349.66,Student,Higher education,Widow,Co-op apartment,-20332,-2018,1,0,0,0,Realty agents,1
5009746,M,N,Y,0,152920.48,Commercial associate,Incomplete higher,Widow,Office apartment,-9275,-840,1,0,0,0,IT staff,1
5009747,F,N,Y,1,123284.19,Working,Secondary / secondary special,Married,Rented apartment,-20046,-7448,1,1,0,0,Cleaning staff,3
5009748,F,Y,N,1,289926.79,Working,Higher education,Married,Municipal apartment,-10501,-2961,1,0,0,0,Sales staff,3
5009749,M,N,N,0,103792.4,Student,Secondary / secondary special,Married,Office apartment,-18753,-9210,1,0,0,0,Security staff,2
5009750,M,N,Y,0,81726.42,Working,Secondary / secondary special,Married,Municipal apartment,-14184,-482,1,1,0,0,Waiters/barmen staff,2
5009751,M,Y,Y,0,81842.88,Pensioner,Secondary / secondary special,Separated,Office apartment,-9780,365243,1,1,0,0,,1
5009752,M,N,Y,0,181322.9,Commercial associate,Secondary / secondary special,Married,Office apartment,-19932,-8417,1,1,0,0,Core staff,2
5009753,F,N,N,0,183281.36,Student,Higher education,Married,Rented apartment,-12010,-2959,1,0,1,0,IT staff,2
5009754,F,N,Y,0,151728.28,Commercial associate,Secondary / secondary special,Single / not married,Office apartment,-18789,-4992,1,0,0,0,Medicine staff,1
5009755,F,N,Y,0,92467.66,Pensioner,Secondary / secondary special,Single / not married,Rented apartment,-20656,365243,1,0,1,0,,1
5009756,F,Y,Y,1,151196.11,Working,Secondary / secondary special,Separated,With parents,-13758,-5435,1,0,0,0,Cooking staff,2
5009757,M,N,Y,0,135696.89,Commercial associate,Secondary / secondary special,Civil marriage,Municipal apartment,-16476,-9512,1,0,0,0,Realty agents,2
5009758,F,Y,N,0,166003.34,Pensioner,Higher education,Married,Co-op apartment,-19485,365243,1,0,1,0,,2
5009759,M,N,Y,0,55728.06,Pensioner,Secondary / secondary special,Widow,Municipal apartment,-22836,365243,1,0,1,0,,1
5009760,M,N,Y,1,191404.6,State servant,Secondary / secondary special,Widow,House / apartment,-18081,-2431,1,0,1,0,Sales staff,2
5009761,F,N,N,0,193926.14,Working,Secondary / secondary special,Widow,Rented apartment,-20689,-4744,1,0,1,1,Low-skill Laborers,1
5009762,F,N,N,0,201508.09,Commercial associate,Secondary / secondary special,Civil marriage,Rented apartment,-9593,-545,1,0,0,0,Realty agents,2
5009763,F,N,N,0,130564.87,Student,Secondary / secondary special,Civil marriage,Office apartment,-21267,-2125,1,0,1,0,Core staff,2
5009764,M,N,Y,0,68801.08,Pensioner,Secondary / secondary special,Separated,Municipal apartment,-22057,365243,1,0,1,0,,1
5009765,M,N,Y,0,96689.9,State servant,Secondary / secondary special,Married,House / apartment,-12050,-375,1,0,1,1,Cooking staff,2
5009766,M,N,Y,1,172317.93,State servant,Secondary / secondary special,Married,Office apartment,-19578,-1676,1,1,0,1,Drivers,3
5009767,M,N,Y,2,76383.69,State servant,Secondary / secondary special,Civil marriage,Co-op apartment,-11324,-4534,1,1,1,0,Accountants,4
5009768,F,N,Y,0,108184.3,State servant,Secondary / secondary special,Single / not married,Office apartment,-11290,-2560,1,1,0,0,Security staff,1
5009769,F,N,Y,0,135837.02,Commercial associate,Secondary / secondary special,Widow,Co-op apartment,-23012,-2401,1,0,0,0,Core staff,1
5009770,M,Y,Y,0,244891.6,Student,Higher education,Widow,Office apartment,-19816,-10673,1,0,0,0,Cooking staff,1
5009771,F,N,Y,0,222707.93,Student,Higher education,Widow,Office apartment,-21542,-13039,1,1,0,0,Cooking staff,1
5009772,F,Y,N,0,174197.21,Student,Higher education,Married,Municipal apartment,-8035,-822,1,0,0,0,Cooking staff,2
5009773,M,Y,N,1,183252.11,Commercial associate,Secondary / secondary special,Widow,Office apartment,-24161,-1135,1,1,0,0,Laborers,2
5009774,M,N,Y,2,254772.89,Commercial associate,Higher education,Single / not married,Office apartment,-18085,-3873,1,0,0,0,Private service staff,3
5009775,M,N,N,1,39519.48,State servant,Incomplete higher,Widow,Rented apartment,-13529,-3902,1,1,1,0,Drivers,2
5009776,M,N,Y,1,91173.42,State servant,Secondary / secondary special,Single / not married,House / apartment,-17314,-8720,1,0,0,0,Managers,2
5009777,F,N,N,1,181634.98,Commercial associate,Secondary / secondary special,Single / not married,With parents,-17757,-8687,1,1,0,0,Realty agents,2
5009778,M,N,Y,0,194346.73,State servant,Incomplete higher,Separated,House / apartment,-24810,-2290,1,0,0,0,Low-skill Laborers,1
5009779,M,N,Y,2,168910.93,Working,Incomplete higher,Married,Office apartment,-18799,-1147,1,1,0,0,Sales staff,4
5009780,M,N,Y,1,129174.84,State servant,Incomplete higher,Civil marriage,With parents,-18614,-3385,1,1,1,0,HR staff,3
5009781,F,Y,N,0,150670.39,State servant,Secondary / secondary special,Single / not married,Office apartment,-10025,-246,1,1,1,1,Sales staff,1
5009782,M,N,Y,2,116255.37,Pensioner,Secondary / secondary special,Single / not married,With parents,-11149,365243,1,0,0,1,,3
5009783,F,N,N,0,61028.62,State servant,Incomplete higher,Married,Rented apartment,-7852,-1113,1,0,0,0,High skill tech staff,2
5009784,M,N,Y,0,129969.21,Pensioner,Higher education,Widow,Municipal apartment,-14124,365243,1,0,0,0,,1
5009785,F,Y,Y,1,105864.64,Student,Secondary / secondary special,Separated,Municipal apartment,-16429,-9594,1,1,1,0,Managers,2
5009786,M,Y,Y,0,152435.32,State servant,Secondary / secondary special,Separated,Co-op apartment,-21248,-9852,1,0,0,0,High skill tech staff,1
5009787,M,N,N,2,116169.7,Commercial associate,Secondary / secondary special,Widow,Rented apartment,-10616,-2290,1,1,0,0,HR staff,3
5009788,M,N,Y,1,220500.84,Commercial associate,Higher education,Widow,Rented apartment,-24146,-581,1,1,1,0,IT staff,2
5009789,M,N,N,0,207024.29,Commercial associate,Incomplete higher,Single / not married,House / apartment,-13937,-198,1,0,0,0,IT staff,1
5009790,M,Y,Y,0,156028.82,State servant,Secondary / secondary special,Married,Municipal apartment,-16924,-4730,1,1,1,0,Managers,2
5009791,M,N,N,0,130327.0,Commercial associate,Lower secondary,Separated,Office apartment,-24062,-9830,1,1,0,0,IT staff,1
5009792,F,N,N,2,103664.24,Working,Secondary / secondary special,Civil marriage,Office apartment,-24305,-11560,1,1,0,0,Cooking staff,4
5009793,F,Y,Y,0,143989.42,Working,Lower secondary,Civil marriage,With parents,-11709,-2876,1,1,1,0,Secretaries,2
5009794,M,Y,Y,0,264308.45,Student,Higher education,Widow,Rented apartment,-14270,-1308,1,1,0,0,Waiters/barmen staff,1
5009795,M,Y,Y,0,173777.81,Student,Higher education,Separated,Co-op apartment,-10867,-2752,1,1,0,0,Medicine staff,1
5009796,M,N,N,1,98767.86,Student,Secondary / secondary special,Married,House / apartment,-19223,-2276,1,0,1,0,IT staff,3
5009797,F,Y,N,0,159386.5,Commercial associate,Secondary / secondary special,Single / not married,Co-op apartment,-24006,-11973,1,1,0,0,Security staff,1
5009798,M,N,N,0,138431.45,State servant,Secondary / secondary special,Widow,Municipal apartment,-20071,-12594,1,1,1,0,High skill tech staff,1
5009799,M,N,Y,1,143621.43,Student,Secondary / secondary special,Married,With parents,-22441,-14919,1,1,1,0,Managers,3
5009800,F,N,N,2,150901.55,Working,Secondary / secondary special,Civil marriage,Municipal apartment,-11519,-1107,1,0,0,1,Managers,4
5009801,F,Y,Y,1,179415.22,Commercial associate,Secondary / secondary special,Civil marriage,House / apartment,-13253,-3129,1,1,0,0,Cleaning staff,3
5009802,M,N,N,1,114705.44,Student,Secondary / secondary special,Married,Office apartment,-12232,-4818,1,1,0,0,Managers,3
5009803,F,Y,Y,0,273711.99,Student,Academic degree,Widow,Co-op apartment,-22002,-11735,1,1,1,0,Laborers,1
