ID,MONTHS_BALANCE,STATUS
5008804,0,X
5008804,-1,0
5008804,-2,C
5008804,-3,0
5008804,-4,0
5008804,-5,X
5008804,-6,0
5008804,-7,0
5008804,-8,C
5008804,-9,0
5008804,-10,0
5008804,-11,X
5008804,-12,C
5008804,-13,0
5008804,-14,X
5008804,-15,C
5008804,-16,0
5008804,-17,C
5008804,-18,0
5008805,0,C
5008805,-1,X
5008805,-2,0
5008805,-3,C
5008805,-4,C
5008805,-5,0
5008805,-6,0
5008805,-7,0
5008805,-8,C
5008805,-9,X
5008805,-10,C
5008805,-11,X
5008805,-12,C
5008805,-13,C
5008805,-14,X
5008805,-15,1
5008805,-16,C
5008805,-17,0
5008805,-18,C
5008805,-19,C
5008805,-20,C
5008805,-21,C
5008805,-22,X
5008805,-23,X
5008806,0,0
5008806,-1,C
5008806,-2,0
5008806,-3,0
5008806,-4,0
5008807,0,C
5008807,-1,C
5008807,-2,C
5008807,-3,C
5008807,-4,C
5008807,-5,X
5008807,-6,X
5008807,-7,C
5008807,-8,C
5008807,-9,C
5008807,-10,0
5008807,-11,X
5008807,-12,C
5008808,0,C
5008808,-1,0
5008808,-2,X
5008808,-3,0
5008808,-4,C
5008808,-5,0
5008808,-6,0
5008808,-7,0
5008808,-8,C
5008808,-9,C
5008808,-10,0
5008808,-11,C
5008808,-12,0
5008808,-13,1
5008808,-14,0
5008808,-15,0
5008808,-16,C
5008808,-17,0
5008809,0,0
5008809,-1,C
5008809,-2,X
5008809,-3,0
5008809,-4,0
5008809,-5,C
5008809,-6,C
5008809,-7,C
5008809,-8,C
5008810,0,X
5008810,-1,X
5008810,-2,C
5008811,0,X
5008811,-1,C
5008811,-2,C
5008811,-3,C
5008811,-4,X
5008812,0,C
5008812,-1,C
5008812,-2,X
5008812,-3,C
5008812,-4,C
5008812,-5,0
5008812,-6,0
5008812,-7,C
5008812,-8,C
5008812,-9,0
5008812,-10,C
5008812,-11,X
5008812,-12,C
5008812,-13,C
5008812,-14,0
5008812,-15,0
5008812,-16,C
5008812,-17,X
5008812,-18,X
5008812,-19,0
5008813,0,C
5008813,-1,X
5008813,-2,C
5008813,-3,C
5008813,-4,C
5008813,-5,0
5008813,-6,0
5008813,-7,0
5008813,-8,X
5008813,-9,C
5008813,-10,C
5008813,-11,C
5008813,-12,C
5008813,-13,0
5008813,-14,C
5008813,-15,X
5008813,-16,X
5008814,0,C
5008814,-1,C
5008814,-2,X
5008815,0,C
5008815,-1,C
5008815,-2,C
5008815,-3,C
5008815,-4,C
5008815,-5,C
5008815,-6,0
5008815,-7,C
5008815,-8,C
5008815,-9,X
5008815,-10,C
5008815,-11,0
5008815,-12,C
5008815,-13,C
5008815,-14,0
5008815,-15,0
5008815,-16,0
5008815,-17,X
5008815,-18,C
5008815,-19,0
5008815,-20,C
5008815,-21,C
5008816,0,0
5008816,-1,0
5008816,-2,C
5008816,-3,0
5008816,-4,C
5008816,-5,0
5008816,-6,X
5008816,-7,C
5008816,-8,C
5008816,-9,0
5008816,-10,0
5008816,-11,X
5008816,-12,0
5008816,-13,C
5008816,-14,C
5008816,-15,0
5008816,-16,0
5008817,0,X
5008817,-1,C
5008817,-2,C
5008817,-3,C
5008817,-4,X
5008817,-5,X
5008817,-6,0
5008817,-7,0
5008818,0,C
5008818,-1,0
5008818,-2,C
5008818,-3,X
5008818,-4,X
5008818,-5,0
5008818,-6,C
5008818,-7,C
5008818,-8,0
5008819,0,C
5008819,-1,C
5008819,-2,0
5008819,-3,0
5008819,-4,C
5008819,-5,C
5008820,0,0
5008820,-1,1
5008820,-2,1
5008820,-3,4
5008821,0,X
5008821,-1,0
5008821,-2,C
5008821,-3,X
5008821,-4,X
5008821,-5,0
5008821,-6,0
5008821,-7,X
5008821,-8,C
5008821,-9,C
5008821,-10,X
5008821,-11,0
5008821,-12,0
5008821,-13,0
5008821,-14,0
5008821,-15,0
5008821,-16,C
5008821,-17,C
5008821,-18,0
5008822,0,X
5008822,-1,0
5008822,-2,0
5008822,-3,X
5008822,-4,C
5008822,-5,C
5008822,-6,0
5008822,-7,C
5008822,-8,C
5008822,-9,0
5008822,-10,0
5008822,-11,0
5008822,-12,C
5008822,-13,C
5008822,-14,X
5008823,0,0
5008823,-1,X
5008823,-2,C
5008823,-3,C
5008823,-4,C
5008823,-5,0
5008823,-6,X
5008823,-7,C
5008823,-8,0
5008823,-9,0
5008823,-10,X
5008823,-11,1
5008823,-12,C
5008823,-13,X
5008823,-14,C
5008823,-15,X
5008823,-16,C
5008823,-17,C
5008823,-18,X
5008823,-19,0
5008823,-20,C
5008824,0,0
5008824,-1,0
5008824,-2,C
5008824,-3,0
5008824,-4,C
5008824,-5,C
5008824,-6,0
5008824,-7,X
5008824,-8,C
5008824,-9,C
5008824,-10,C
5008824,-11,0
5008824,-12,C
5008824,-13,X
5008824,-14,C
5008824,-15,C
5008824,-16,C
5008824,-17,0
5008824,-18,X
5008824,-19,C
5008824,-20,C
5008824,-21,0
5008824,-22,0
5008824,-23,C
5008825,0,C
5008825,-1,C
5008825,-2,X
5008825,-3,X
5008825,-4,C
5008825,-5,0
5008825,-6,0
5008825,-7,0
5008825,-8,C
5008826,0,C
5008826,-1,C
5008826,-2,C
5008826,-3,X
5008826,-4,C
5008826,-5,X
5008826,-6,0
5008826,-7,0
5008826,-8,X
5008826,-9,C
5008826,-10,C
5008826,-11,X
5008827,0,0
5008827,-1,X
5008827,-2,0
5008828,0,0
5008828,-1,0
5008828,-2,C
5008828,-3,0
5008828,-4,X
5008828,-5,0
5008828,-6,C
5008828,-7,X
5008828,-8,X
5008828,-9,C
5008828,-10,X
5008828,-11,C
5008828,-12,C
5008828,-13,C
5008829,0,C
5008829,-1,C
5008829,-2,0
5008829,-3,X
5008829,-4,X
5008829,-5,C
5008830,0,C
5008830,-1,C
5008830,-2,0
5008830,-3,0
5008830,-4,0
5008830,-5,C
5008830,-6,1
5008831,0,C
5008831,-1,X
5008831,-2,C
5008831,-3,X
5008831,-4,C
5008831,-5,C
5008831,-6,X
5008831,-7,C
5008831,-8,0
5008831,-9,C
5008831,-10,C
5008831,-11,X
5008831,-12,C
5008831,-13,C
5008831,-14,0
5008831,-15,X
5008832,0,C
5008832,-1,C
5008832,-2,0
5008832,-3,0
5008832,-4,X
5008832,-5,X
5008833,0,C
5008833,-1,C
5008833,-2,C
5008833,-3,C
5008833,-4,0
5008833,-5,0
5008833,-6,X
5008833,-7,0
5008833,-8,C
5008833,-9,C
5008833,-10,0
5008833,-11,X
5008834,0,X
5008834,-1,1
5008834,-2,C
5008834,-3,C
5008834,-4,C
5008834,-5,C
5008834,-6,C
5008834,-7,C
5008834,-8,0
5008834,-9,C
5008834,-10,C
5008834,-11,C
5008834,-12,X
5008834,-13,0
5008834,-14,0
5008834,-15,X
5008834,-16,C
5008834,-17,C
5008834,-18,0
5008834,-19,0
5008834,-20,X
5008835,0,C
5008835,-1,0
5008835,-2,C
5008835,-3,C
5008835,-4,C
5008835,-5,C
5008835,-6,C
5008835,-7,0
5008835,-8,C
5008835,-9,C
5008835,-10,X
5008835,-11,0
5008835,-12,C
5008835,-13,C
5008835,-14,C
5008836,0,C
5008836,-1,C
5008836,-2,C
5008836,-3,C
5008836,-4,C
5008836,-5,C
5008836,-6,C
5008836,-7,0
5008836,-8,C
5008836,-9,X
5008836,-10,C
5008836,-11,C
5008836,-12,0
5008836,-13,C
5008836,-14,0
5008836,-15,C
5008836,-16,X
5008836,-17,C
5008836,-18,X
5008837,0,C
5008837,-1,0
5008837,-2,X
5008837,-3,C
5008837,-4,C
5008837,-5,X
5008837,-6,C
5008837,-7,1
5008837,-8,0
5008837,-9,0
5008837,-10,X
5008837,-11,C
5008837,-12,0
5008837,-13,0
5008838,0,0
5008838,-1,C
5008838,-2,C
5008838,-3,C
5008838,-4,C
5008838,-5,C
5008838,-6,C
5008838,-7,0
5008838,-8,C
5008838,-9,C
5008838,-10,C
5008838,-11,C
5008838,-12,C
5008838,-13,0
5008838,-14,X
5008838,-15,C
5008839,0,C
5008839,-1,X
5008839,-2,X
5008839,-3,C
5008839,-4,C
5008839,-5,C
5008840,0,C
5008840,-1,0
5008840,-2,X
5008840,-3,0
5008840,-4,X
5008840,-5,X
5008840,-6,0
5008840,-7,X
5008840,-8,X
5008840,-9,C
5008840,-10,X
5008840,-11,0
5008840,-12,C
5008840,-13,C
5008840,-14,C
5008840,-15,X
5008840,-16,C
5008840,-17,X
5008840,-18,X
5008840,-19,X
5008840,-20,C
5008841,0,X
5008841,-1,C
5008841,-2,C
5008841,-3,C
5008841,-4,C
5008841,-5,C
5008841,-6,C
5008841,-7,C
5008841,-8,X
5008841,-9,0
5008841,-10,C
5008841,-11,0
5008841,-12,0
5008841,-13,C
5008841,-14,C
5008841,-15,0
5008841,-16,C
5008841,-17,X
5008841,-18,C
5008841,-19,0
5008841,-20,0
5008841,-21,C
5008842,0,X
5008842,-1,X
5008842,-2,X
5008842,-3,0
5008842,-4,1
5008842,-5,C
5008842,-6,C
5008842,-7,0
5008842,-8,0
5008842,-9,C
5008842,-10,C
5008842,-11,1
5008842,-12,X
5008842,-13,C
5008842,-14,C
5008842,-15,X
5008842,-16,0
5008842,-17,X
5008842,-18,C
5008843,0,0
5008843,-1,X
5008843,-2,X
5008843,-3,X
5008844,0,C
5008844,-1,0
5008844,-2,0
5008844,-3,0
5008844,-4,0
5008844,-5,C
5008844,-6,X
5008844,-7,0
5008844,-8,X
5008844,-9,X
5008844,-10,0
5008845,0,0
5008845,-1,0
5008845,-2,C
5008845,-3,C
5008845,-4,C
5008845,-5,0
5008845,-6,X
5008845,-7,X
5008845,-8,C
5008845,-9,X
5008845,-10,C
5008845,-11,0
5008845,-12,C
5008845,-13,X
5008845,-14,C
5008845,-15,C
5008845,-16,X
5008846,0,C
5008846,-1,0
5008846,-2,C
5008846,-3,X
5008846,-4,0
5008846,-5,X
5008847,0,C
5008847,-1,0
5008847,-2,X
5008847,-3,C
5008847,-4,C
5008847,-5,X
5008847,-6,C
5008847,-7,C
5008847,-8,X
5008847,-9,0
5008847,-10,C
5008847,-11,C
5008847,-12,X
5008847,-13,C
5008847,-14,C
5008847,-15,0
5008847,-16,X
5008847,-17,0
5008847,-18,X
5008848,0,C
5008848,-1,C
5008848,-2,X
5008848,-3,X
5008848,-4,X
5008848,-5,C
5008848,-6,0
5008848,-7,X
5008848,-8,1
5008848,-9,0
5008848,-10,C
5008848,-11,X
5008848,-12,C
5008848,-13,X
5008848,-14,C
5008848,-15,C
5008848,-16,0
5008848,-17,C
5008848,-18,X
5008848,-19,C
5008848,-20,C
5008849,0,X
5008849,-1,C
5008849,-2,C
5008849,-3,0
5008849,-4,X
5008849,-5,X
5008849,-6,C
5008849,-7,C
5008849,-8,C
5008849,-9,0
5008849,-10,X
5008849,-11,0
5008849,-12,X
5008849,-13,X
5008849,-14,C
5008849,-15,X
5008849,-16,0
5008849,-17,0
5008849,-18,0
5008849,-19,C
5008850,0,X
5008850,-1,0
5008850,-2,0
5008850,-3,C
5008850,-4,C
5008850,-5,X
5008850,-6,C
5008850,-7,C
5008850,-8,C
5008850,-9,C
5008850,-10,C
5008850,-11,C
5008850,-12,0
5008850,-13,X
5008850,-14,C
5008851,0,X
5008851,-1,C
5008851,-2,X
5008851,-3,X
5008851,-4,0
5008851,-5,C
5008851,-6,X
5008851,-7,X
5008851,-8,X
5008851,-9,X
5008851,-10,0
5008852,0,C
5008852,-1,C
5008852,-2,1
5008852,-3,X
5008852,-4,X
5008852,-5,C
5008852,-6,C
5008852,-7,0
5008852,-8,C
5008852,-9,C
5008852,-10,1
5008853,0,C
5008853,-1,0
5008853,-2,X
5008853,-3,0
5008853,-4,1
5008853,-5,0
5008853,-6,0
5008853,-7,C
5008853,-8,C
5008853,-9,0
5008854,0,C
5008854,-1,C
5008854,-2,0
5008854,-3,C
5008854,-4,X
5008854,-5,C
5008854,-6,0
5008854,-7,0
5008854,-8,0
5008854,-9,C
5008854,-10,0
5008854,-11,0
5008854,-12,C
5008855,0,C
5008855,-1,C
5008855,-2,C
5008855,-3,C
5008855,-4,C
5008855,-5,C
5008855,-6,X
5008855,-7,C
5008855,-8,C
5008855,-9,0
5008855,-10,C
5008855,-11,0
5008855,-12,0
5008855,-13,0
5008855,-14,C
5008855,-15,C
5008855,-16,X
5008855,-17,0
5008855,-18,X
5008855,-19,X
5008855,-20,0
5008855,-21,0
5008856,0,0
5008856,-1,C
5008856,-2,C
5008856,-3,C
5008856,-4,C
5008856,-5,0
5008856,-6,C
5008856,-7,C
5008856,-8,C
5008856,-9,C
5008856,-10,C
5008856,-11,C
5008856,-12,C
5008856,-13,C
5008856,-14,X
5008856,-15,X
5008856,-16,0
5008857,0,C
5008857,-1,X
5008857,-2,C
5008857,-3,0
5008857,-4,C
5008857,-5,C
5008857,-6,0
5008857,-7,C
5008857,-8,C
5008857,-9,C
5008857,-10,C
5008857,-11,X
5008857,-12,C
5008857,-13,X
5008857,-14,0
5008857,-15,X
5008857,-16,C
5008857,-17,X
5008857,-18,C
5008857,-19,C
5008857,-20,X
5008858,0,C
5008858,-1,C
5008858,-2,C
5008858,-3,X
5008859,0,X
5008859,-1,0
5008859,-2,0
5008859,-3,C
5008859,-4,C
5008859,-5,C
5008859,-6,0
5008859,-7,C
5008859,-8,X
5008859,-9,C
5008859,-10,C
5008859,-11,C
5008859,-12,C
5008859,-13,C
5008859,-14,X
5008859,-15,X
5008859,-16,C
5008859,-17,C
5008859,-18,X
5008859,-19,X
5008859,-20,C
5008859,-21,C
5008860,0,X
5008860,-1,C
5008860,-2,0
5008860,-3,0
5008860,-4,X
5008860,-5,C
5008860,-6,C
5008860,-7,C
5008860,-8,C
5008860,-9,C
5008860,-10,0
5008860,-11,0
5008860,-12,C
5008860,-13,0
5008860,-14,C
5008861,0,0
5008861,-1,X
5008861,-2,0
5008861,-3,C
5008861,-4,C
5008861,-5,C
5008861,-6,0
5008861,-7,0
5008861,-8,C
5008861,-9,C
5008861,-10,0
5008861,-11,C
5008861,-12,0
5008861,-13,0
5008861,-14,0
5008861,-15,0
5008861,-16,C
5008861,-17,C
5008861,-18,0
5008861,-19,C
5008862,0,X
5008862,-1,C
5008862,-2,0
5008862,-3,C
5008862,-4,0
5008862,-5,C
5008862,-6,0
5008862,-7,C
5008862,-8,C
5008862,-9,C
5008862,-10,0
5008862,-11,C
5008862,-12,0
5008863,0,C
5008863,-1,C
5008863,-2,0
5008863,-3,X
5008863,-4,C
5008863,-5,C
5008863,-6,C
5008863,-7,0
5008863,-8,C
5008863,-9,C
5008863,-10,0
5008863,-11,X
5008863,-12,0
5008863,-13,X
5008863,-14,X
5008863,-15,C
5008863,-16,C
5008863,-17,0
5008863,-18,0
5008863,-19,C
5008863,-20,C
5008863,-21,X
5008863,-22,C
5008863,-23,0
5008864,0,C
5008864,-1,C
5008864,-2,X
5008864,-3,0
5008864,-4,C
5008864,-5,0
5008864,-6,0
5008865,0,C
5008865,-1,1
5008865,-2,C
5008865,-3,C
5008865,-4,C
5008865,-5,0
5008865,-6,C
5008865,-7,0
5008865,-8,0
5008865,-9,C
5008865,-10,X
5008866,0,C
5008866,-1,C
5008866,-2,X
5008866,-3,0
5008866,-4,0
5008866,-5,X
5008866,-6,C
5008866,-7,C
5008866,-8,0
5008866,-9,C
5008866,-10,1
5008866,-11,0
5008866,-12,C
5008866,-13,C
5008866,-14,X
5008866,-15,X
5008866,-16,C
5008866,-17,C
5008867,0,C
5008867,-1,X
5008867,-2,C
5008867,-3,C
5008867,-4,C
5008867,-5,X
5008867,-6,C
5008867,-7,C
5008867,-8,C
5008867,-9,0
5008867,-10,C
5008868,0,0
5008868,-1,1
5008868,-2,C
5008868,-3,X
5008868,-4,0
5008868,-5,0
5008868,-6,C
5008869,0,C
5008869,-1,0
5008869,-2,C
5008869,-3,C
5008869,-4,X
5008870,0,0
5008870,-1,C
5008870,-2,C
5008870,-3,0
5008870,-4,X
5008870,-5,C
5008870,-6,C
5008870,-7,C
5008870,-8,C
5008870,-9,0
5008870,-10,X
5008870,-11,C
5008870,-12,0
5008870,-13,X
5008870,-14,C
5008870,-15,C
5008870,-16,C
5008870,-17,C
5008870,-18,X
5008870,-19,C
5008870,-20,X
5008870,-21,0
5008870,-22,C
5008870,-23,0
5008871,0,C
5008871,-1,0
5008871,-2,C
5008871,-3,C
5008871,-4,C
5008871,-5,C
5008871,-6,0
5008872,0,0
5008872,-1,X
5008872,-2,0
5008872,-3,C
5008872,-4,C
5008872,-5,C
5008872,-6,0
5008872,-7,0
5008872,-8,C
5008872,-9,C
5008872,-10,C
5008872,-11,0
5008872,-12,0
5008872,-13,C
5008872,-14,C
5008872,-15,0
5008872,-16,C
5008872,-17,X
5008872,-18,C
5008872,-19,C
5008872,-20,X
5008872,-21,C
5008872,-22,0
5008873,0,X
5008873,-1,X
5008873,-2,0
5008874,0,C
5008874,-1,X
5008874,-2,C
5008874,-3,C
5008874,-4,X
5008874,-5,X
5008874,-6,0
5008874,-7,0
5008874,-8,0
5008874,-9,X
5008874,-10,C
5008874,-11,X
5008874,-12,X
5008875,0,C
5008875,-1,1
5008875,-2,C
5008875,-3,X
5008875,-4,C
5008875,-5,C
5008875,-6,C
5008875,-7,C
5008875,-8,C
5008875,-9,C
5008875,-10,C
5008875,-11,C
5008875,-12,0
5008875,-13,X
5008875,-14,0
5008875,-15,C
5008875,-16,C
5008875,-17,C
5008875,-18,0
5008875,-19,0
5008875,-20,X
5008875,-21,X
5008876,0,C
5008876,-1,0
5008876,-2,C
5008876,-3,C
5008876,-4,X
5008876,-5,X
5008876,-6,C
5008876,-7,0
5008876,-8,C
5008876,-9,0
5008877,0,X
5008877,-1,X
5008877,-2,C
5008877,-3,X
5008877,-4,0
5008877,-5,C
5008877,-6,C
5008877,-7,0
5008878,0,X
5008878,-1,C
5008878,-2,C
5008878,-3,1
5008878,-4,0
5008878,-5,0
5008878,-6,C
5008878,-7,C
5008878,-8,2
5008878,-9,1
5008879,0,C
5008879,-1,C
5008879,-2,C
5008879,-3,C
5008879,-4,C
5008879,-5,C
5008879,-6,0
5008879,-7,C
5008879,-8,0
5008879,-9,C
5008879,-10,X
5008879,-11,0
5008879,-12,X
5008879,-13,X
5008879,-14,C
5008879,-15,X
5008879,-16,C
5008879,-17,C
5008879,-18,C
5008879,-19,0
5008879,-20,0
5008879,-21,X
5008879,-22,C
5008879,-23,C
5008880,0,C
5008880,-1,X
5008880,-2,C
5008880,-3,C
5008880,-4,0
5008880,-5,1
5008880,-6,C
5008880,-7,0
5008880,-8,0
5008880,-9,C
5008880,-10,0
5008880,-11,C
5008880,-12,C
5008880,-13,0
5008880,-14,C
5008880,-15,0
5008880,-16,C
5008880,-17,0
5008880,-18,C
5008880,-19,C
5008880,-20,0
5008881,0,C
5008881,-1,C
5008881,-2,X
5008881,-3,0
5008881,-4,C
5008881,-5,C
5008881,-6,C
5008881,-7,0
5008881,-8,1
5008881,-9,C
5008881,-10,C
5008882,0,C
5008882,-1,C
5008882,-2,0
5008882,-3,0
5008882,-4,C
5008882,-5,X
5008882,-6,C
5008882,-7,X
5008882,-8,C
5008882,-9,X
5008882,-10,C
5008882,-11,C
5008882,-12,C
5008882,-13,X
5008882,-14,C
5008882,-15,0
5008882,-16,X
5008882,-17,C
5008882,-18,C
5008882,-19,C
5008883,0,1
5008883,-1,1
5008883,-2,1
5008883,-3,1
5008883,-4,X
5008883,-5,1
5008883,-6,1
5008883,-7,1
5008883,-8,2
5008883,-9,C
5008884,0,C
5008884,-1,C
5008884,-2,0
5008884,-3,X
5008884,-4,0
5008884,-5,C
5008884,-6,X
5008884,-7,C
5008884,-8,0
5008884,-9,C
5008884,-10,0
5008884,-11,0
5008884,-12,C
5008884,-13,0
5008884,-14,X
5008884,-15,X
5008884,-16,0
5008884,-17,C
5008884,-18,C
5008884,-19,0
5008884,-20,X
5008885,0,0
5008885,-1,X
5008885,-2,C
5008885,-3,0
5008885,-4,0
5008885,-5,0
5008885,-6,4
5008885,-7,0
5008885,-8,0
5008885,-9,2
5008885,-10,1
5008885,-11,X
5008885,-12,0
5008885,-13,1
5008885,-14,2
5008885,-15,C
5008885,-16,1
5008885,-17,2
5008885,-18,1
5008885,-19,0
5008885,-20,1
5008886,0,C
5008886,-1,C
5008886,-2,C
5008886,-3,0
5008886,-4,C
5008886,-5,X
5008886,-6,C
5008887,0,0
5008887,-1,C
5008887,-2,0
5008887,-3,C
5008887,-4,X
5008887,-5,X
5008887,-6,C
5008887,-7,0
5008887,-8,C
5008887,-9,C
5008887,-10,X
5008888,0,X
5008888,-1,2
5008888,-2,0
5008888,-3,2
5008888,-4,2
5008888,-5,C
5008888,-6,2
5008888,-7,C
5008888,-8,0
5008888,-9,3
5008888,-10,3
5008888,-11,0
5008888,-12,4
5008888,-13,0
5008888,-14,0
5008888,-15,X
5008888,-16,2
5008888,-17,0
5008888,-18,X
5008888,-19,X
5008888,-20,1
5008889,0,C
5008889,-1,C
5008889,-2,X
5008889,-3,0
5008889,-4,0
5008889,-5,C
5008889,-6,X
5008889,-7,0
5008889,-8,C
5008889,-9,C
5008889,-10,C
5008890,0,0
5008890,-1,0
5008890,-2,C
5008890,-3,C
5008890,-4,C
5008890,-5,C
5008890,-6,X
5008890,-7,X
5008890,-8,0
5008890,-9,C
5008890,-10,X
5008890,-11,0
5008890,-12,X
5008890,-13,0
5008890,-14,0
5008890,-15,C
5008890,-16,0
5008890,-17,C
5008890,-18,C
5008890,-19,C
5008891,0,C
5008891,-1,0
5008891,-2,0
5008891,-3,C
5008891,-4,X
5008891,-5,C
5008891,-6,C
5008891,-7,C
5008891,-8,C
5008891,-9,C
5008891,-10,C
5008891,-11,0
5008891,-12,C
5008891,-13,0
5008892,0,0
5008892,-1,X
5008892,-2,C
5008892,-3,0
5008892,-4,X
5008893,0,C
5008893,-1,X
5008893,-2,C
5008893,-3,X
5008893,-4,X
5008893,-5,0
5008893,-6,C
5008893,-7,C
5008893,-8,C
5008893,-9,0
5008893,-10,0
5008893,-11,C
5008893,-12,0
5008893,-13,0
5008893,-14,0
5008893,-15,X
5008893,-16,C
5008893,-17,C
5008893,-18,0
5008893,-19,0
5008893,-20,C
5008893,-21,0
5008893,-22,0
5008894,0,C
5008894,-1,C
5008894,-2,0
5008894,-3,X
5008894,-4,C
5008894,-5,X
5008894,-6,C
5008894,-7,0
5008894,-8,C
5008894,-9,0
5008894,-10,0
5008895,0,X
5008895,-1,0
5008895,-2,C
5008895,-3,0
5008895,-4,C
5008895,-5,X
5008895,-6,C
5008895,-7,C
5008895,-8,X
5008895,-9,C
5008895,-10,C
5008896,0,C
5008896,-1,0
5008896,-2,C
5008896,-3,C
5008896,-4,X
5008896,-5,C
5008896,-6,C
5008896,-7,C
5008896,-8,0
5008896,-9,C
5008896,-10,1
5008896,-11,0
5008896,-12,0
5008896,-13,C
5008896,-14,0
5008896,-15,X
5008896,-16,C
5008896,-17,C
5008896,-18,0
5008896,-19,0
5008897,0,C
5008897,-1,X
5008897,-2,C
5008897,-3,C
5008897,-4,C
5008897,-5,C
5008897,-6,C
5008897,-7,0
5008897,-8,X
5008897,-9,X
5008897,-10,C
5008897,-11,0
5008897,-12,C
5008897,-13,C
5008897,-14,X
5008898,0,1
5008898,-1,C
5008898,-2,C
5008898,-3,0
5008898,-4,1
5008898,-5,C
5008898,-6,X
5008898,-7,C
5008898,-8,X
5008898,-9,X
5008898,-10,C
5008898,-11,0
5008898,-12,0
5008898,-13,C
5008898,-14,C
5008898,-15,X
5008898,-16,C
5008898,-17,X
5008898,-18,C
5008898,-19,X
5008898,-20,0
5008898,-21,C
5008898,-22,0
5008898,-23,C
5008899,0,C
5008899,-1,C
5008899,-2,C
5008899,-3,C
5008899,-4,C
5008899,-5,C
5008899,-6,0
5008899,-7,X
5008899,-8,0
5008899,-9,C
5008899,-10,C
5008899,-11,C
5008899,-12,0
5008899,-13,0
5008899,-14,C
5008899,-15,C
5008899,-16,C
5008899,-17,0
5008899,-18,C
5008899,-19,0
5008899,-20,0
5008899,-21,X
5008899,-22,X
5008899,-23,C
5008900,0,C
5008900,-1,C
5008900,-2,C
5008900,-3,0
5008900,-4,C
5008900,-5,C
5008900,-6,C
5008900,-7,C
5008900,-8,X
5008900,-9,C
5008900,-10,C
5008900,-11,0
5008900,-12,X
5008900,-13,X
5008900,-14,0
5008900,-15,X
5008900,-16,0
5008900,-17,C
5008900,-18,1
5008900,-19,C
5008900,-20,X
5008900,-21,C
5008901,0,C
5008901,-1,0
5008901,-2,C
5008902,0,0
5008902,-1,0
5008902,-2,C
5008902,-3,X
5008902,-4,X
5008902,-5,0
5008902,-6,C
5008903,0,X
5008903,-1,C
5008903,-2,C
5008903,-3,X
5008903,-4,0
5008903,-5,X
5008903,-6,C
5008903,-7,X
5008903,-8,C
5008903,-9,0
5008903,-10,0
5008903,-11,X
5008903,-12,C
5008903,-13,C
5008903,-14,C
5008903,-15,C
5008903,-16,C
5008903,-17,C
5008903,-18,0
5008903,-19,C
5008903,-20,C
5008903,-21,X
5008903,-22,0
5008904,0,C
5008904,-1,X
5008904,-2,0
5008904,-3,C
5008904,-4,C
5008904,-5,X
5008904,-6,C
5008904,-7,C
5008904,-8,C
5008904,-9,X
5008904,-10,0
5008904,-11,0
5008904,-12,X
5008904,-13,X
5008904,-14,C
5008904,-15,X
5008904,-16,0
5008904,-17,C
5008904,-18,C
5008904,-19,C
5008905,0,0
5008905,-1,0
5008905,-2,C
5008905,-3,C
5008905,-4,C
5008905,-5,C
5008905,-6,C
5008905,-7,C
5008905,-8,1
5008905,-9,C
5008905,-10,C
5008905,-11,C
5008905,-12,C
5008905,-13,C
5008905,-14,C
5008906,0,C
5008906,-1,0
5008906,-2,0
5008906,-3,C
5008906,-4,0
5008906,-5,C
5008906,-6,0
5008906,-7,C
5008906,-8,0
5008906,-9,C
5008906,-10,C
5008906,-11,0
5008906,-12,C
5008906,-13,X
5008906,-14,C
5008906,-15,C
5008906,-16,0
5008906,-17,X
5008906,-18,0
5008906,-19,X
5008906,-20,C
5008906,-21,C
5008906,-22,0
5008907,0,C
5008907,-1,0
5008907,-2,X
5008907,-3,C
5008907,-4,0
5008907,-5,C
5008907,-6,0
5008907,-7,0
5008907,-8,C
5008907,-9,0
5008907,-10,X
5008907,-11,0
5008907,-12,X
5008907,-13,C
5008907,-14,X
5008908,0,X
5008908,-1,X
5008908,-2,C
5008908,-3,C
5008908,-4,C
5008908,-5,0
5008908,-6,C
5008908,-7,X
5008909,0,0
5008909,-1,C
5008909,-2,C
5008910,0,C
5008910,-1,1
5008910,-2,0
5008910,-3,X
5008910,-4,C
5008911,0,C
5008911,-1,C
5008911,-2,C
5008911,-3,0
5008911,-4,X
5008911,-5,C
5008912,0,C
5008912,-1,0
5008912,-2,0
5008912,-3,C
5008912,-4,C
5008912,-5,0
5008912,-6,0
5008912,-7,X
5008913,0,X
5008913,-1,X
5008913,-2,C
5008914,0,C
5008914,-1,X
5008914,-2,C
5008914,-3,X
5008914,-4,0
5008914,-5,0
5008914,-6,X
5008914,-7,C
5008914,-8,0
5008914,-9,C
5008914,-10,X
5008914,-11,C
5008914,-12,X
5008914,-13,0
5008914,-14,0
5008914,-15,0
5008914,-16,0
5008914,-17,C
5008914,-18,0
5008915,0,C
5008915,-1,0
5008915,-2,X
5008915,-3,C
5008915,-4,0
5008915,-5,C
5008915,-6,C
5008915,-7,X
5008915,-8,C
5008916,0,X
5008916,-1,1
5008916,-2,C
5008916,-3,0
5008917,0,C
5008917,-1,X
5008917,-2,X
5008918,0,0
5008918,-1,0
5008918,-2,C
5008918,-3,0
5008918,-4,C
5008918,-5,C
5008918,-6,C
5008918,-7,1
5008918,-8,X
5008918,-9,0
5008918,-10,0
5008918,-11,0
5008918,-12,0
5008918,-13,C
5008918,-14,0
5008918,-15,0
5008918,-16,X
5008918,-17,0
5008918,-18,0
5008918,-19,X
5008918,-20,0
5008918,-21,0
5008918,-22,C
5008919,0,C
5008919,-1,0
5008919,-2,C
5008919,-3,0
5008920,0,C
5008920,-1,0
5008920,-2,C
5008920,-3,0
5008920,-4,C
5008920,-5,0
5008920,-6,C
5008920,-7,0
5008920,-8,C
5008920,-9,C
5008920,-10,C
5008920,-11,C
5008920,-12,C
5008920,-13,C
5008920,-14,X
5008920,-15,0
5008920,-16,C
5008921,0,0
5008921,-1,C
5008921,-2,C
5008921,-3,C
5008921,-4,X
5008921,-5,X
5008921,-6,C
5008921,-7,0
5008921,-8,X
5008921,-9,X
5008922,0,C
5008922,-1,0
5008922,-2,X
5008922,-3,0
5008922,-4,C
5008923,0,C
5008923,-1,0
5008923,-2,X
5008923,-3,0
5008923,-4,C
5008923,-5,0
5008923,-6,C
5008923,-7,C
5008923,-8,0
5008923,-9,X
5008923,-10,C
5008923,-11,X
5008923,-12,C
5008923,-13,C
5008923,-14,C
5008923,-15,0
5008923,-16,0
5008923,-17,C
5008923,-18,C
5008923,-19,C
5008923,-20,C
5008923,-21,0
5008924,0,0
5008924,-1,0
5008924,-2,C
5008924,-3,0
5008924,-4,0
5008924,-5,C
5008924,-6,0
5008924,-7,0
5008924,-8,C
5008924,-9,X
5008924,-10,C
5008924,-11,C
5008924,-12,C
5008924,-13,C
5008924,-14,0
5008924,-15,C
5008925,0,0
5008925,-1,C
5008925,-2,C
5008925,-3,C
5008925,-4,0
5008925,-5,0
5008925,-6,X
5008925,-7,C
5008925,-8,C
5008925,-9,X
5008925,-10,C
5008925,-11,C
5008925,-12,0
5008925,-13,C
5008925,-14,C
5008925,-15,0
5008925,-16,C
5008926,0,C
5008926,-1,C
5008926,-2,C
5008926,-3,0
5008926,-4,C
5008926,-5,X
5008926,-6,X
5008926,-7,C
5008926,-8,C
5008926,-9,X
5008926,-10,0
5008927,0,X
5008927,-1,C
5008927,-2,1
5008927,-3,0
5008928,0,0
5008928,-1,C
5008928,-2,C
5008928,-3,C
5008928,-4,0
5008928,-5,C
5008928,-6,X
5008928,-7,X
5008928,-8,C
5008928,-9,C
5008928,-10,C
5008928,-11,C
5008928,-12,C
5008928,-13,0
5008928,-14,1
5008928,-15,0
5008928,-16,0
5008928,-17,C
5008928,-18,C
5008928,-19,C
5008928,-20,X
5008928,-21,C
5008929,0,0
5008929,-1,C
5008929,-2,X
5008929,-3,C
5008929,-4,0
5008929,-5,C
5008929,-6,X
5008929,-7,C
5008929,-8,C
5008930,0,C
5008930,-1,C
5008930,-2,0
5008930,-3,0
5008930,-4,X
5008930,-5,C
5008930,-6,C
5008930,-7,C
5008930,-8,X
5008930,-9,0
5008930,-10,0
5008931,0,C
5008931,-1,C
5008931,-2,0
5008931,-3,C
5008931,-4,X
5008931,-5,1
5008931,-6,C
5008931,-7,C
5008931,-8,0
5008931,-9,0
5008931,-10,C
5008931,-11,0
5008931,-12,C
5008931,-13,0
5008931,-14,C
5008931,-15,C
5008931,-16,C
5008931,-17,C
5008931,-18,X
5008931,-19,C
5008931,-20,C
5008931,-21,0
5008931,-22,X
5008932,0,C
5008932,-1,C
5008932,-2,0
5008932,-3,X
5008932,-4,C
5008932,-5,0
5008932,-6,X
5008932,-7,C
5008932,-8,0
5008932,-9,C
5008932,-10,0
5008932,-11,C
5008932,-12,C
5008932,-13,1
5008932,-14,C
5008932,-15,C
5008932,-16,0
5008932,-17,1
5008932,-18,C
5008933,0,C
5008933,-1,X
5008933,-2,C
5008933,-3,X
5008933,-4,C
5008933,-5,0
5008933,-6,C
5008933,-7,C
5008933,-8,C
5008933,-9,0
5008933,-10,0
5008933,-11,C
5008934,0,X
5008934,-1,C
5008934,-2,0
5008934,-3,C
5008934,-4,0
5008934,-5,X
5008934,-6,C
5008934,-7,X
5008934,-8,X
5008934,-9,C
5008934,-10,0
5008934,-11,0
5008934,-12,0
5008934,-13,C
5008934,-14,C
5008934,-15,C
5008934,-16,X
5008935,0,C
5008935,-1,C
5008935,-2,C
5008935,-3,0
5008935,-4,C
5008935,-5,0
5008935,-6,C
5008935,-7,0
5008935,-8,0
5008935,-9,C
5008935,-10,0
5008935,-11,X
5008935,-12,X
5008935,-13,C
5008935,-14,C
5008935,-15,X
5008935,-16,C
5008935,-17,X
5008935,-18,0
5008935,-19,C
5008936,0,0
5008936,-1,0
5008936,-2,C
5008936,-3,C
5008936,-4,C
5008936,-5,X
5008936,-6,C
5008936,-7,C
5008936,-8,C
5008936,-9,C
5008936,-10,C
5008936,-11,0
5008936,-12,X
5008937,0,0
5008937,-1,0
5008937,-2,0
5008937,-3,0
5008937,-4,C
5008937,-5,0
5008937,-6,C
5008937,-7,X
5008937,-8,X
5008937,-9,C
5008937,-10,C
5008937,-11,C
5008937,-12,0
5008937,-13,C
5008937,-14,C
5008937,-15,C
5008937,-16,C
5008937,-17,X
5008937,-18,0
5008937,-19,C
5008937,-20,C
5008937,-21,C
5008937,-22,0
5008938,0,0
5008938,-1,C
5008938,-2,C
5008938,-3,0
5008938,-4,X
5008938,-5,C
5008939,0,C
5008939,-1,C
5008939,-2,X
5008939,-3,C
5008940,0,C
5008940,-1,0
5008940,-2,X
5008940,-3,C
5008940,-4,0
5008940,-5,0
5008940,-6,0
5008940,-7,C
5008940,-8,0
5008940,-9,0
5008940,-10,C
5008940,-11,0
5008940,-12,X
5008940,-13,C
5008940,-14,C
5008941,0,X
5008941,-1,0
5008941,-2,C
5008941,-3,X
5008941,-4,0
5008941,-5,X
5008941,-6,C
5008941,-7,C
5008941,-8,0
5008941,-9,X
5008941,-10,0
5008941,-11,0
5008941,-12,C
5008941,-13,C
5008941,-14,C
5008941,-15,C
5008941,-16,C
5008941,-17,C
5008941,-18,C
5008941,-19,C
5008941,-20,0
5008941,-21,X
5008941,-22,C
5008942,0,X
5008942,-1,0
5008942,-2,C
5008942,-3,X
5008942,-4,C
5008942,-5,0
5008942,-6,C
5008942,-7,C
5008942,-8,C
5008942,-9,C
5008942,-10,C
5008942,-11,X
5008942,-12,0
5008942,-13,1
5008942,-14,C
5008943,0,X
5008943,-1,0
5008943,-2,0
5008943,-3,0
5008943,-4,C
5008943,-5,0
5008943,-6,X
5008943,-7,0
5008943,-8,0
5008943,-9,X
5008943,-10,C
5008943,-11,C
5008943,-12,C
5008943,-13,C
5008943,-14,C
5008943,-15,C
5008943,-16,0
5008943,-17,0
5008943,-18,1
5008943,-19,1
5008943,-20,C
5008943,-21,C
5008943,-22,0
5008943,-23,C
5008944,0,C
5008944,-1,1
5008944,-2,C
5008944,-3,1
5008944,-4,0
5008944,-5,X
5008944,-6,0
5008944,-7,X
5008944,-8,X
5008944,-9,0
5008944,-10,C
5008944,-11,0
5008944,-12,C
5008944,-13,C
5008944,-14,0
5008944,-15,X
5008944,-16,1
5008944,-17,C
5008944,-18,X
5008944,-19,0
5008944,-20,C
5008944,-21,0
5008945,0,0
5008945,-1,C
5008945,-2,0
5008945,-3,C
5008945,-4,C
5008945,-5,C
5008945,-6,0
5008945,-7,C
5008945,-8,0
5008945,-9,C
5008945,-10,X
5008945,-11,C
5008945,-12,X
5008945,-13,C
5008945,-14,C
5008945,-15,X
5008945,-16,C
5008945,-17,0
5008946,0,C
5008946,-1,X
5008946,-2,X
5008946,-3,C
5008946,-4,C
5008946,-5,X
5008946,-6,0
5008946,-7,X
5008946,-8,C
5008946,-9,C
5008946,-10,C
5008946,-11,C
5008946,-12,C
5008946,-13,C
5008946,-14,C
5008947,0,X
5008947,-1,C
5008947,-2,C
5008947,-3,0
5008947,-4,C
5008947,-5,X
5008947,-6,0
5008947,-7,C
5008947,-8,C
5008947,-9,C
5008947,-10,0
5008947,-11,C
5008947,-12,0
5008947,-13,X
5008947,-14,C
5008947,-15,C
5008947,-16,X
5008947,-17,C
5008947,-18,C
5008947,-19,C
5008947,-20,C
5008947,-21,C
5008947,-22,C
5008948,0,X
5008948,-1,C
5008948,-2,0
5008948,-3,C
5008948,-4,C
5008948,-5,X
5008948,-6,C
5008948,-7,C
5008949,0,0
5008949,-1,C
5008949,-2,0
5008949,-3,C
5008949,-4,X
5008949,-5,X
5008949,-6,C
5008949,-7,X
5008949,-8,X
5008949,-9,C
5008950,0,0
5008950,-1,C
5008950,-2,0
5008950,-3,1
5008950,-4,C
5008950,-5,C
5008950,-6,C
5008950,-7,0
5008950,-8,C
5008950,-9,C
5008950,-10,X
5008950,-11,X
5008950,-12,X
5008950,-13,X
5008950,-14,C
5008950,-15,C
5008950,-16,X
5008950,-17,C
5008951,0,0
5008951,-1,X
5008951,-2,C
5008951,-3,C
5008951,-4,C
5008951,-5,0
5008951,-6,C
5008951,-7,C
5008951,-8,0
5008951,-9,X
5008951,-10,0
5008951,-11,X
5008951,-12,C
5008951,-13,C
5008951,-14,C
5008951,-15,C
5008951,-16,C
5008951,-17,0
5008951,-18,0
5008951,-19,C
5008951,-20,C
5008952,0,X
5008952,-1,0
5008952,-2,C
5008952,-3,C
5008952,-4,C
5008952,-5,C
5008952,-6,0
5008952,-7,C
5008952,-8,C
5008952,-9,X
5008952,-10,0
5008952,-11,C
5008952,-12,C
5008952,-13,C
5008952,-14,C
5008952,-15,C
5008952,-16,0
5008952,-17,C
5008952,-18,C
5008952,-19,0
5008952,-20,C
5008953,0,0
5008953,-1,C
5008953,-2,C
5008953,-3,C
5008953,-4,X
5008953,-5,C
5008953,-6,C
5008953,-7,0
5008953,-8,0
5008953,-9,X
5008953,-10,X
5008954,0,C
5008954,-1,0
5008954,-2,X
5008954,-3,C
5008954,-4,X
5008954,-5,C
5008954,-6,C
5008954,-7,C
5008954,-8,C
5008954,-9,C
5008954,-10,C
5008954,-11,C
5008954,-12,C
5008954,-13,X
5008954,-14,C
5008954,-15,X
5008954,-16,C
5008955,0,0
5008955,-1,X
5008955,-2,0
5008955,-3,X
5008955,-4,X
5008956,0,X
5008956,-1,C
5008956,-2,C
5008956,-3,X
5008956,-4,C
5008956,-5,0
5008956,-6,0
5008956,-7,0
5008956,-8,0
5008956,-9,C
5008956,-10,C
5008956,-11,0
5008956,-12,0
5008957,0,X
5008957,-1,C
5008957,-2,0
5008957,-3,X
5008957,-4,0
5008957,-5,C
5008957,-6,0
5008957,-7,0
5008957,-8,C
5008957,-9,C
5008957,-10,C
5008957,-11,0
5008958,0,C
5008958,-1,0
5008958,-2,0
5008958,-3,X
5008958,-4,C
5008958,-5,C
5008958,-6,X
5008958,-7,X
5008958,-8,C
5008958,-9,0
5008958,-10,0
5008959,0,X
5008959,-1,X
5008959,-2,0
5008959,-3,X
5008959,-4,0
5008959,-5,C
5008959,-6,C
5008959,-7,C
5008959,-8,C
5008959,-9,0
5008959,-10,X
5008959,-11,C
5008959,-12,X
5008959,-13,C
5008959,-14,C
5008959,-15,C
5008959,-16,C
5008959,-17,0
5008959,-18,X
5008959,-19,C
5008959,-20,X
5008960,0,C
5008960,-1,0
5008960,-2,C
5008960,-3,0
5008960,-4,C
5008960,-5,C
5008960,-6,C
5008960,-7,X
5008960,-8,0
5008960,-9,C
5008960,-10,C
5008960,-11,0
5008960,-12,C
5008960,-13,C
5008961,0,X
5008961,-1,2
5008961,-2,0
5008961,-3,3
5008961,-4,0
5008961,-5,0
5008961,-6,0
5008961,-7,2
5008961,-8,0
5008961,-9,0
5008961,-10,0
5008961,-11,1
5008961,-12,0
5008961,-13,C
5008962,0,0
5008962,-1,X
5008962,-2,0
5008962,-3,C
5008962,-4,C
5008963,0,X
5008963,-1,C
5008963,-2,C
5008963,-3,C
5008963,-4,0
5008963,-5,X
5008963,-6,C
5008963,-7,C
5008963,-8,0
5008963,-9,C
5008963,-10,C
5008964,0,C
5008964,-1,C
5008964,-2,C
5008964,-3,C
5008964,-4,C
5008964,-5,C
5008964,-6,C
5008965,0,C
5008965,-1,X
5008965,-2,X
5008965,-3,X
5008965,-4,0
5008965,-5,C
5008965,-6,0
5008965,-7,0
5008965,-8,C
5008965,-9,0
5008965,-10,1
5008965,-11,X
5008965,-12,0
5008965,-13,0
5008965,-14,X
5008965,-15,C
5008965,-16,0
5008965,-17,0
5008965,-18,C
5008965,-19,0
5008965,-20,C
5008965,-21,X
5008965,-22,C
5008965,-23,0
5008966,0,C
5008966,-1,C
5008966,-2,C
5008966,-3,C
5008966,-4,C
5008966,-5,X
5008966,-6,0
5008966,-7,C
5008966,-8,C
5008966,-9,C
5008966,-10,X
5008967,0,C
5008967,-1,C
5008967,-2,0
5008967,-3,0
5008967,-4,0
5008967,-5,0
5008967,-6,C
5008967,-7,C
5008967,-8,1
5008967,-9,X
5008967,-10,C
5008967,-11,C
5008967,-12,C
5008967,-13,C
5008967,-14,1
5008967,-15,C
5008968,0,C
5008968,-1,C
5008968,-2,C
5008968,-3,C
5008968,-4,0
5008968,-5,C
5008968,-6,0
5008968,-7,0
5008968,-8,C
5008968,-9,0
5008969,0,C
5008969,-1,C
5008969,-2,X
5008969,-3,0
5008969,-4,C
5008969,-5,0
5008969,-6,C
5008969,-7,C
5008969,-8,C
5008969,-9,C
5008969,-10,0
5008969,-11,C
5008969,-12,C
5008969,-13,X
5008969,-14,0
5008969,-15,0
5008970,0,C
5008970,-1,0
5008970,-2,0
5008971,0,X
5008971,-1,C
5008971,-2,0
5008971,-3,0
5008971,-4,0
5008971,-5,0
5008971,-6,0
5008972,0,2
5008972,-1,4
5008972,-2,1
5008972,-3,X
5008972,-4,C
5008972,-5,0
5008972,-6,0
5008972,-7,3
5008972,-8,0
5008972,-9,2
5008972,-10,1
5008972,-11,1
5008972,-12,2
5008972,-13,4
5008972,-14,2
5008972,-15,0
5008972,-16,1
5008973,0,C
5008973,-1,X
5008973,-2,0
5008973,-3,0
5008973,-4,C
5008973,-5,C
5008973,-6,C
5008973,-7,X
5008973,-8,C
5008973,-9,0
5008973,-10,C
5008974,0,X
5008974,-1,C
5008974,-2,0
5008974,-3,C
5008974,-4,C
5008974,-5,X
5008974,-6,0
5008974,-7,X
5008974,-8,X
5008974,-9,C
5008974,-10,0
5008974,-11,C
5008974,-12,C
5008974,-13,X
5008974,-14,0
5008974,-15,0
5008974,-16,C
5008974,-17,X
5008975,0,0
5008975,-1,C
5008975,-2,C
5008975,-3,0
5008975,-4,C
5008976,0,C
5008976,-1,X
5008976,-2,1
5008976,-3,X
5008976,-4,0
5008976,-5,0
5008976,-6,C
5008976,-7,0
5008976,-8,0
5008976,-9,C
5008976,-10,0
5008976,-11,0
5008976,-12,C
5008976,-13,X
5008976,-14,0
5008976,-15,0
5008976,-16,X
5008976,-17,C
5008976,-18,X
5008977,0,X
5008977,-1,C
5008977,-2,C
5008977,-3,0
5008977,-4,0
5008977,-5,C
5008977,-6,C
5008977,-7,C
5008977,-8,C
5008977,-9,C
5008977,-10,C
5008978,0,C
5008978,-1,C
5008978,-2,0
5008978,-3,C
5008978,-4,C
5008978,-5,C
5008978,-6,X
5008978,-7,X
5008978,-8,C
5008978,-9,0
5008978,-10,C
5008978,-11,0
5008978,-12,0
5008978,-13,0
5008978,-14,C
5008978,-15,X
5008978,-16,C
5008979,0,C
5008979,-1,0
5008979,-2,0
5008979,-3,C
5008979,-4,0
5008979,-5,C
5008979,-6,X
5008979,-7,0
5008979,-8,C
5008979,-9,C
5008979,-10,0
5008979,-11,C
5008980,0,C
5008980,-1,X
5008980,-2,C
5008980,-3,X
5008980,-4,0
5008980,-5,C
5008980,-6,X
5008980,-7,C
5008980,-8,X
5008980,-9,0
5008980,-10,C
5008980,-11,X
5008980,-12,C
5008980,-13,0
5008980,-14,X
5008980,-15,C
5008980,-16,C
5008980,-17,C
5008980,-18,0
5008980,-19,C
5008980,-20,0
5008980,-21,C
5008980,-22,C
5008980,-23,C
5008981,0,C
5008981,-1,C
5008981,-2,0
5008981,-3,C
5008981,-4,X
5008981,-5,X
5008981,-6,0
5008981,-7,C
5008981,-8,C
5008981,-9,C
5008981,-10,0
5008981,-11,0
5008981,-12,0
5008981,-13,C
5008981,-14,C
5008982,0,0
5008982,-1,C
5008982,-2,C
5008982,-3,C
5008982,-4,0
5008982,-5,C
5008982,-6,C
5008982,-7,0
5008982,-8,0
5008982,-9,X
5008982,-10,0
5008982,-11,C
5008982,-12,C
5008982,-13,C
5008982,-14,C
5008982,-15,X
5008982,-16,X
5008982,-17,X
5008982,-18,C
5008982,-19,C
5008982,-20,C
5008982,-21,X
5008982,-22,0
5008982,-23,C
5008983,0,0
5008983,-1,C
5008983,-2,0
5008983,-3,C
5008983,-4,X
5008983,-5,C
5008983,-6,C
5008983,-7,0
5008983,-8,C
5008983,-9,C
5008983,-10,0
5008983,-11,X
5008983,-12,0
5008983,-13,C
5008983,-14,C
5008983,-15,C
5008983,-16,C
5008983,-17,C
5008983,-18,C
5008983,-19,C
5008984,0,0
5008984,-1,C
5008984,-2,C
5008984,-3,X
5008984,-4,C
5008984,-5,C
5008985,0,0
5008985,-1,X
5008985,-2,C
5008985,-3,C
5008985,-4,X
5008985,-5,X
5008985,-6,0
5008986,0,C
5008986,-1,0
5008986,-2,X
5008986,-3,0
5008986,-4,0
5008986,-5,X
5008986,-6,C
5008986,-7,0
5008986,-8,0
5008986,-9,0
5008986,-10,C
5008986,-11,C
5008986,-12,C
5008986,-13,C
5008986,-14,C
5008986,-15,X
5008986,-16,0
5008986,-17,C
5008986,-18,C
5008987,0,C
5008987,-1,X
5008987,-2,C
5008987,-3,C
5008987,-4,C
5008987,-5,C
5008987,-6,0
5008987,-7,C
5008988,0,0
5008988,-1,X
5008988,-2,0
5008988,-3,0
5008988,-4,C
5008988,-5,0
5008988,-6,C
5008988,-7,0
5008988,-8,C
5008988,-9,X
5008988,-10,0
5008988,-11,C
5008988,-12,X
5008988,-13,C
5008988,-14,C
5008988,-15,X
5008988,-16,C
5008988,-17,X
5008988,-18,C
5008989,0,C
5008989,-1,0
5008989,-2,0
5008989,-3,0
5008989,-4,C
5008989,-5,C
5008989,-6,C
5008989,-7,C
5008989,-8,C
5008989,-9,X
5008989,-10,C
5008989,-11,C
5008989,-12,C
5008989,-13,C
5008989,-14,0
5008989,-15,C
5008990,0,X
5008990,-1,C
5008990,-2,C
5008990,-3,X
5008990,-4,0
5008990,-5,0
5008990,-6,X
5008990,-7,X
5008990,-8,X
5008990,-9,X
5008991,0,X
5008991,-1,C
5008991,-2,0
5008991,-3,0
5008991,-4,0
5008991,-5,0
5008991,-6,C
5008991,-7,X
5008991,-8,0
5008991,-9,0
5008991,-10,X
5008991,-11,0
5008991,-12,X
5008991,-13,0
5008991,-14,C
5008992,0,0
5008992,-1,C
5008992,-2,C
5008992,-3,C
5008992,-4,X
5008992,-5,X
5008992,-6,0
5008992,-7,0
5008992,-8,C
5008992,-9,C
5008992,-10,C
5008992,-11,C
5008992,-12,C
5008992,-13,0
5008992,-14,C
5008992,-15,C
5008993,0,0
5008993,-1,C
5008993,-2,C
5008993,-3,X
5008993,-4,C
5008993,-5,X
5008993,-6,X
5008993,-7,0
5008993,-8,C
5008993,-9,C
5008993,-10,0
5008993,-11,0
5008993,-12,C
5008993,-13,C
5008993,-14,0
5008993,-15,0
5008993,-16,0
5008993,-17,C
5008993,-18,0
5008994,0,C
5008994,-1,C
5008994,-2,0
5008994,-3,0
5008994,-4,0
5008994,-5,C
5008994,-6,X
5008994,-7,0
5008994,-8,X
5008994,-9,0
5008994,-10,0
5008994,-11,C
5008994,-12,C
5008994,-13,C
5008994,-14,X
5008995,0,C
5008995,-1,X
5008995,-2,C
5008995,-3,0
5008995,-4,C
5008995,-5,0
5008996,0,X
5008996,-1,C
5008996,-2,C
5008996,-3,0
5008996,-4,C
5008996,-5,0
5008996,-6,0
5008996,-7,0
5008996,-8,C
5008996,-9,X
5008996,-10,0
5008996,-11,X
5008996,-12,0
5008996,-13,X
5008996,-14,C
5008996,-15,0
5008996,-16,C
5008996,-17,C
5008996,-18,C
5008996,-19,X
5008997,0,C
5008997,-1,C
5008997,-2,C
5008997,-3,C
5008997,-4,X
5008997,-5,0
5008997,-6,0
5008997,-7,0
5008998,0,C
5008998,-1,C
5008998,-2,C
5008998,-3,0
5008998,-4,C
5008998,-5,X
5008998,-6,1
5008998,-7,C
5008998,-8,C
5008998,-9,X
5008998,-10,C
5008998,-11,X
5008998,-12,X
5008998,-13,X
5008998,-14,C
5008998,-15,X
5008998,-16,C
5008998,-17,C
5008998,-18,X
5008998,-19,X
5008998,-20,C
5008998,-21,C
5008999,0,0
5008999,-1,0
5008999,-2,C
5008999,-3,C
5008999,-4,C
5008999,-5,C
5008999,-6,0
5008999,-7,C
5008999,-8,C
5008999,-9,X
5008999,-10,0
5008999,-11,C
5008999,-12,C
5008999,-13,0
5008999,-14,X
5008999,-15,C
5008999,-16,C
5008999,-17,0
5008999,-18,C
5008999,-19,X
5008999,-20,0
5008999,-21,0
5009000,0,C
5009000,-1,0
5009000,-2,C
5009000,-3,C
5009000,-4,0
5009000,-5,C
5009000,-6,C
5009000,-7,X
5009001,0,0
5009001,-1,C
5009001,-2,X
5009002,0,C
5009002,-1,C
5009002,-2,X
5009002,-3,X
5009002,-4,X
5009002,-5,0
5009002,-6,0
5009002,-7,C
5009002,-8,C
5009002,-9,0
5009002,-10,X
5009002,-11,X
5009002,-12,0
5009002,-13,C
5009002,-14,0
5009002,-15,1
5009002,-16,X
5009002,-17,C
5009002,-18,0
5009003,0,2
5009003,-1,3
5009003,-2,C
5009003,-3,0
5009003,-4,1
5009003,-5,2
5009003,-6,2
5009003,-7,0
5009003,-8,1
5009003,-9,3
5009003,-10,1
5009003,-11,1
5009003,-12,C
5009003,-13,4
5009003,-14,0
5009003,-15,0
5009003,-16,1
5009004,0,0
5009004,-1,0
5009004,-2,X
5009004,-3,0
5009004,-4,C
5009004,-5,C
5009004,-6,C
5009004,-7,0
5009004,-8,0
5009005,0,C
5009005,-1,C
5009005,-2,C
5009005,-3,X
5009005,-4,C
5009005,-5,C
5009005,-6,0
5009005,-7,C
5009005,-8,0
5009005,-9,C
5009005,-10,C
5009005,-11,0
5009005,-12,C
5009005,-13,0
5009005,-14,C
5009005,-15,X
5009005,-16,C
5009005,-17,C
5009005,-18,X
5009005,-19,0
5009005,-20,X
5009005,-21,0
5009005,-22,0
5009006,0,0
5009006,-1,C
5009006,-2,0
5009006,-3,C
5009006,-4,C
5009006,-5,C
5009006,-6,X
5009006,-7,0
5009006,-8,C
5009006,-9,0
5009006,-10,0
5009006,-11,C
5009007,0,X
5009007,-1,C
5009007,-2,C
5009007,-3,X
5009007,-4,X
5009007,-5,C
5009008,0,0
5009008,-1,3
5009008,-2,0
5009008,-3,0
5009008,-4,2
5009008,-5,0
5009008,-6,0
5009008,-7,0
5009008,-8,X
5009008,-9,2
5009008,-10,2
5009008,-11,1
5009008,-12,0
5009008,-13,0
5009008,-14,C
5009008,-15,X
5009008,-16,0
5009008,-17,0
5009009,0,C
5009009,-1,0
5009009,-2,C
5009009,-3,X
5009009,-4,0
5009009,-5,0
5009009,-6,C
5009009,-7,0
5009009,-8,C
5009009,-9,0
5009009,-10,X
5009009,-11,X
5009009,-12,C
5009009,-13,C
5009009,-14,0
5009009,-15,X
5009009,-16,X
5009009,-17,C
5009009,-18,C
5009009,-19,C
5009009,-20,X
5009009,-21,X
5009010,0,X
5009010,-1,C
5009010,-2,0
5009010,-3,C
5009010,-4,0
5009010,-5,C
5009010,-6,C
5009010,-7,X
5009010,-8,C
5009010,-9,X
5009010,-10,C
5009010,-11,C
5009010,-12,0
5009010,-13,X
5009010,-14,X
5009010,-15,C
5009010,-16,X
5009010,-17,C
5009010,-18,C
5009010,-19,C
5009010,-20,C
5009011,0,C
5009011,-1,C
5009011,-2,C
5009011,-3,X
5009011,-4,0
5009011,-5,0
5009011,-6,C
5009011,-7,0
5009011,-8,C
5009012,0,0
5009012,-1,0
5009012,-2,C
5009012,-3,C
5009012,-4,0
5009012,-5,X
5009012,-6,C
5009012,-7,C
5009012,-8,X
5009012,-9,C
5009012,-10,C
5009012,-11,X
5009013,0,X
5009013,-1,C
5009013,-2,X
5009013,-3,0
5009013,-4,1
5009014,0,X
5009014,-1,X
5009014,-2,0
5009014,-3,0
5009015,0,0
5009015,-1,C
5009015,-2,C
5009015,-3,C
5009015,-4,0
5009015,-5,C
5009015,-6,C
5009015,-7,C
5009015,-8,C
5009015,-9,C
5009015,-10,C
5009015,-11,C
5009015,-12,X
5009015,-13,0
5009016,0,0
5009016,-1,0
5009016,-2,C
5009016,-3,X
5009016,-4,0
5009016,-5,C
5009016,-6,X
5009016,-7,C
5009016,-8,C
5009016,-9,C
5009016,-10,C
5009016,-11,C
5009016,-12,0
5009016,-13,0
5009016,-14,X
5009016,-15,C
5009016,-16,0
5009016,-17,1
5009017,0,C
5009017,-1,X
5009017,-2,C
5009017,-3,C
5009017,-4,0
5009017,-5,C
5009017,-6,0
5009017,-7,C
5009017,-8,X
5009017,-9,X
5009017,-10,C
5009017,-11,C
5009017,-12,C
5009017,-13,X
5009017,-14,C
5009018,0,X
5009018,-1,C
5009018,-2,0
5009019,0,C
5009019,-1,C
5009019,-2,X
5009019,-3,X
5009019,-4,C
5009019,-5,C
5009019,-6,X
5009019,-7,C
5009020,0,0
5009020,-1,C
5009020,-2,0
5009020,-3,0
5009020,-4,X
5009020,-5,0
5009020,-6,X
5009020,-7,C
5009020,-8,X
5009020,-9,0
5009020,-10,0
5009020,-11,0
5009020,-12,C
5009020,-13,0
5009020,-14,C
5009020,-15,X
5009020,-16,0
5009020,-17,0
5009020,-18,0
5009021,0,C
5009021,-1,0
5009021,-2,C
5009021,-3,X
5009021,-4,X
5009021,-5,X
5009021,-6,X
5009022,0,C
5009022,-1,X
5009022,-2,X
5009022,-3,0
5009022,-4,C
5009022,-5,C
5009022,-6,C
5009023,0,X
5009023,-1,0
5009023,-2,C
5009023,-3,C
5009023,-4,C
5009023,-5,C
5009023,-6,0
5009023,-7,C
5009023,-8,0
5009023,-9,C
5009023,-10,1
5009023,-11,1
5009023,-12,C
5009023,-13,C
5009023,-14,C
5009023,-15,C
5009023,-16,X
5009023,-17,C
5009023,-18,C
5009023,-19,X
5009023,-20,0
5009024,0,1
5009024,-1,C
5009024,-2,X
5009024,-3,C
5009024,-4,0
5009024,-5,X
5009024,-6,0
5009024,-7,C
5009024,-8,0
5009024,-9,X
5009024,-10,0
5009024,-11,0
5009024,-12,X
5009024,-13,0
5009024,-14,0
5009024,-15,C
5009024,-16,X
5009024,-17,C
5009024,-18,C
5009024,-19,0
5009024,-20,0
5009024,-21,X
5009025,0,C
5009025,-1,0
5009025,-2,C
5009025,-3,X
5009025,-4,0
5009025,-5,0
5009025,-6,C
5009025,-7,0
5009025,-8,0
5009025,-9,X
5009025,-10,C
5009025,-11,X
5009025,-12,C
5009025,-13,0
5009026,0,0
5009026,-1,C
5009026,-2,C
5009026,-3,0
5009026,-4,C
5009026,-5,X
5009026,-6,C
5009026,-7,C
5009026,-8,0
5009026,-9,C
5009027,0,C
5009027,-1,C
5009027,-2,X
5009027,-3,0
5009027,-4,0
5009027,-5,0
5009027,-6,0
5009027,-7,C
5009027,-8,C
5009027,-9,0
5009027,-10,C
5009027,-11,0
5009027,-12,C
5009027,-13,C
5009027,-14,C
5009027,-15,X
5009028,0,C
5009028,-1,0
5009028,-2,C
5009028,-3,C
5009028,-4,C
5009028,-5,C
5009028,-6,0
5009028,-7,C
5009028,-8,C
5009028,-9,C
5009028,-10,0
5009028,-11,C
5009028,-12,C
5009028,-13,C
5009028,-14,C
5009028,-15,0
5009028,-16,0
5009028,-17,0
5009029,0,0
5009029,-1,C
5009029,-2,C
5009029,-3,X
5009029,-4,0
5009029,-5,0
5009029,-6,C
5009029,-7,C
5009029,-8,C
5009029,-9,C
5009029,-10,0
5009029,-11,C
5009029,-12,C
5009029,-13,C
5009029,-14,X
5009029,-15,C
5009029,-16,C
5009029,-17,X
5009029,-18,C
5009029,-19,C
5009029,-20,C
5009029,-21,0
5009029,-22,X
5009030,0,C
5009030,-1,C
5009030,-2,0
5009030,-3,C
5009030,-4,X
5009030,-5,C
5009030,-6,C
5009030,-7,C
5009030,-8,0
5009030,-9,C
5009030,-10,C
5009030,-11,C
5009030,-12,1
5009030,-13,C
5009030,-14,0
5009030,-15,X
5009030,-16,C
5009030,-17,X
5009030,-18,0
5009030,-19,0
5009030,-20,C
5009030,-21,C
5009030,-22,0
5009031,0,C
5009031,-1,X
5009031,-2,C
5009031,-3,C
5009032,0,C
5009032,-1,C
5009032,-2,C
5009032,-3,0
5009032,-4,X
5009032,-5,C
5009032,-6,X
5009032,-7,X
5009032,-8,C
5009032,-9,X
5009032,-10,X
5009033,0,0
5009033,-1,X
5009033,-2,X
5009033,-3,C
5009033,-4,C
5009033,-5,C
5009033,-6,0
5009033,-7,0
5009033,-8,0
5009034,0,X
5009034,-1,C
5009034,-2,X
5009035,0,X
5009035,-1,0
5009035,-2,0
5009035,-3,0
5009035,-4,C
5009035,-5,0
5009035,-6,C
5009035,-7,0
5009035,-8,C
5009035,-9,0
5009035,-10,C
5009035,-11,0
5009035,-12,C
5009035,-13,C
5009035,-14,C
5009035,-15,X
5009035,-16,C
5009035,-17,X
5009035,-18,X
5009035,-19,C
5009035,-20,C
5009035,-21,C
5009036,0,0
5009036,-1,0
5009036,-2,C
5009036,-3,C
5009036,-4,C
5009036,-5,X
5009036,-6,X
5009036,-7,C
5009036,-8,C
5009036,-9,X
5009036,-10,C
5009037,0,C
5009037,-1,C
5009037,-2,C
5009037,-3,0
5009037,-4,C
5009037,-5,0
5009037,-6,C
5009037,-7,0
5009037,-8,X
5009037,-9,X
5009037,-10,C
5009037,-11,0
5009037,-12,C
5009037,-13,0
5009037,-14,0
5009037,-15,0
5009037,-16,C
5009037,-17,C
5009037,-18,C
5009038,0,0
5009038,-1,0
5009038,-2,C
5009038,-3,0
5009038,-4,0
5009038,-5,C
5009038,-6,C
5009038,-7,C
5009039,0,C
5009039,-1,C
5009039,-2,0
5009039,-3,C
5009039,-4,C
5009039,-5,X
5009039,-6,X
5009039,-7,0
5009039,-8,C
5009039,-9,X
5009039,-10,C
5009039,-11,C
5009039,-12,0
5009039,-13,0
5009039,-14,X
5009039,-15,C
5009039,-16,C
5009040,0,0
5009040,-1,0
5009040,-2,C
5009040,-3,C
5009040,-4,0
5009040,-5,C
5009041,0,C
5009041,-1,0
5009041,-2,1
5009041,-3,0
5009041,-4,X
5009041,-5,C
5009041,-6,C
5009041,-7,C
5009041,-8,C
5009041,-9,C
5009041,-10,C
5009041,-11,C
5009041,-12,C
5009041,-13,0
5009041,-14,X
5009041,-15,C
5009041,-16,C
5009041,-17,C
5009041,-18,0
5009041,-19,C
5009042,0,X
5009042,-1,C
5009042,-2,C
5009042,-3,C
5009042,-4,C
5009042,-5,X
5009042,-6,C
5009042,-7,X
5009042,-8,C
5009042,-9,0
5009042,-10,0
5009042,-11,C
5009042,-12,C
5009042,-13,0
5009042,-14,C
5009043,0,C
5009043,-1,C
5009043,-2,C
5009043,-3,X
5009043,-4,C
5009043,-5,C
5009043,-6,C
5009044,0,C
5009044,-1,C
5009044,-2,C
5009044,-3,0
5009045,0,0
5009045,-1,C
5009045,-2,C
5009046,0,X
5009046,-1,C
5009046,-2,C
5009046,-3,C
5009047,0,C
5009047,-1,X
5009047,-2,0
5009047,-3,X
5009047,-4,C
5009047,-5,C
5009047,-6,C
5009047,-7,0
5009047,-8,C
5009047,-9,0
5009047,-10,0
5009047,-11,0
5009047,-12,0
5009047,-13,1
5009047,-14,C
5009047,-15,C
5009047,-16,0
5009047,-17,0
5009047,-18,C
5009047,-19,C
5009047,-20,C
5009048,0,1
5009048,-1,C
5009048,-2,C
5009048,-3,C
5009049,0,C
5009049,-1,C
5009049,-2,X
5009049,-3,C
5009049,-4,C
5009049,-5,C
5009049,-6,X
5009050,0,0
5009050,-1,0
5009050,-2,X
5009050,-3,C
5009050,-4,C
5009050,-5,0
5009050,-6,C
5009051,0,C
5009051,-1,C
5009051,-2,X
5009051,-3,C
5009051,-4,X
5009051,-5,C
5009051,-6,C
5009051,-7,C
5009052,0,C
5009052,-1,0
5009052,-2,0
5009052,-3,C
5009052,-4,0
5009052,-5,C
5009052,-6,0
5009052,-7,0
5009052,-8,C
5009052,-9,X
5009052,-10,C
5009052,-11,C
5009052,-12,C
5009052,-13,X
5009052,-14,C
5009052,-15,0
5009052,-16,X
5009052,-17,0
5009052,-18,C
5009052,-19,0
5009052,-20,X
5009052,-21,C
5009052,-22,0
5009053,0,0
5009053,-1,0
5009053,-2,C
5009053,-3,X
5009053,-4,0
5009053,-5,0
5009053,-6,X
5009053,-7,C
5009053,-8,C
5009053,-9,C
5009053,-10,C
5009053,-11,C
5009053,-12,X
5009053,-13,C
5009053,-14,C
5009053,-15,X
5009053,-16,C
5009053,-17,0
5009053,-18,X
5009053,-19,C
5009053,-20,X
5009053,-21,X
5009054,0,0
5009054,-1,C
5009054,-2,C
5009054,-3,C
5009054,-4,C
5009054,-5,0
5009054,-6,0
5009054,-7,0
5009054,-8,0
5009054,-9,0
5009054,-10,C
5009054,-11,X
5009054,-12,0
5009054,-13,C
5009054,-14,C
5009054,-15,C
5009054,-16,C
5009054,-17,X
5009054,-18,X
5009054,-19,C
5009054,-20,0
5009054,-21,C
5009055,0,X
5009055,-1,X
5009055,-2,C
5009055,-3,C
5009055,-4,C
5009055,-5,0
5009055,-6,C
5009055,-7,1
5009055,-8,C
5009055,-9,0
5009056,0,0
5009056,-1,C
5009056,-2,C
5009056,-3,0
5009056,-4,0
5009056,-5,C
5009056,-6,C
5009057,0,C
5009057,-1,C
5009057,-2,0
5009057,-3,C
5009057,-4,C
5009057,-5,C
5009057,-6,C
5009057,-7,X
5009057,-8,X
5009057,-9,0
5009057,-10,1
5009057,-11,C
5009057,-12,C
5009057,-13,0
5009057,-14,C
5009058,0,C
5009058,-1,0
5009058,-2,X
5009058,-3,0
5009058,-4,C
5009059,0,0
5009059,-1,X
5009059,-2,X
5009059,-3,0
5009059,-4,0
5009059,-5,0
5009059,-6,X
5009059,-7,C
5009059,-8,X
5009059,-9,0
5009059,-10,C
5009059,-11,1
5009059,-12,0
5009059,-13,0
5009059,-14,0
5009059,-15,X
5009059,-16,C
5009060,0,C
5009060,-1,C
5009060,-2,X
5009060,-3,0
5009060,-4,X
5009060,-5,C
5009060,-6,C
5009060,-7,C
5009060,-8,0
5009060,-9,0
5009061,0,C
5009061,-1,C
5009061,-2,0
5009061,-3,C
5009061,-4,X
5009061,-5,X
5009061,-6,C
5009061,-7,C
5009061,-8,X
5009061,-9,0
5009061,-10,0
5009061,-11,C
5009061,-12,0
5009061,-13,C
5009061,-14,C
5009061,-15,0
5009061,-16,C
5009062,0,0
5009062,-1,C
5009062,-2,C
5009062,-3,C
5009062,-4,C
5009062,-5,X
5009062,-6,X
5009062,-7,C
5009062,-8,0
5009062,-9,C
5009062,-10,C
5009062,-11,C
5009062,-12,0
5009063,0,C
5009063,-1,0
5009063,-2,0
5009063,-3,0
5009063,-4,0
5009063,-5,X
5009063,-6,C
5009063,-7,X
5009063,-8,0
5009063,-9,X
5009063,-10,X
5009063,-11,X
5009063,-12,0
5009063,-13,0
5009063,-14,C
5009063,-15,0
5009063,-16,C
5009063,-17,X
5009063,-18,X
5009063,-19,C
5009064,0,0
5009064,-1,C
5009064,-2,0
5009064,-3,C
5009064,-4,0
5009064,-5,C
5009064,-6,C
5009064,-7,0
5009064,-8,C
5009064,-9,C
5009064,-10,C
5009064,-11,C
5009064,-12,X
5009065,0,0
5009065,-1,X
5009065,-2,C
5009065,-3,X
5009065,-4,X
5009065,-5,0
5009065,-6,X
5009065,-7,0
5009065,-8,0
5009065,-9,C
5009065,-10,C
5009065,-11,X
5009065,-12,0
5009065,-13,C
5009065,-14,C
5009065,-15,C
5009065,-16,C
5009065,-17,C
5009065,-18,C
5009065,-19,C
5009066,0,C
5009066,-1,C
5009066,-2,C
5009066,-3,C
5009066,-4,0
5009066,-5,0
5009066,-6,C
5009066,-7,0
5009066,-8,X
5009066,-9,1
5009066,-10,X
5009066,-11,C
5009066,-12,C
5009066,-13,C
5009066,-14,0
5009066,-15,0
5009066,-16,0
5009066,-17,C
5009066,-18,0
5009066,-19,C
5009067,0,C
5009067,-1,0
5009067,-2,0
5009067,-3,C
5009067,-4,C
5009067,-5,C
5009067,-6,C
5009067,-7,1
5009067,-8,0
5009067,-9,C
5009067,-10,0
5009068,0,C
5009068,-1,C
5009068,-2,C
5009068,-3,0
5009068,-4,0
5009068,-5,1
5009068,-6,0
5009068,-7,C
5009068,-8,0
5009068,-9,C
5009068,-10,C
5009068,-11,0
5009068,-12,C
5009068,-13,1
5009068,-14,X
5009068,-15,C
5009068,-16,C
5009068,-17,C
5009068,-18,X
5009068,-19,0
5009068,-20,X
5009068,-21,C
5009069,0,X
5009069,-1,0
5009069,-2,0
5009070,0,0
5009070,-1,0
5009070,-2,0
5009070,-3,0
5009070,-4,C
5009070,-5,C
5009070,-6,0
5009070,-7,0
5009070,-8,0
5009070,-9,C
5009070,-10,X
5009070,-11,X
5009070,-12,0
5009070,-13,0
5009071,0,0
5009071,-1,X
5009071,-2,X
5009071,-3,X
5009071,-4,C
5009071,-5,C
5009071,-6,0
5009071,-7,C
5009071,-8,X
5009071,-9,X
5009071,-10,C
5009071,-11,C
5009071,-12,C
5009071,-13,C
5009071,-14,0
5009071,-15,0
5009071,-16,C
5009072,0,0
5009072,-1,0
5009072,-2,X
5009072,-3,0
5009072,-4,C
5009072,-5,C
5009072,-6,X
5009072,-7,0
5009072,-8,X
5009072,-9,0
5009072,-10,C
5009072,-11,C
5009072,-12,0
5009072,-13,C
5009072,-14,C
5009072,-15,X
5009073,0,0
5009073,-1,0
5009073,-2,C
5009073,-3,0
5009073,-4,C
5009073,-5,C
5009073,-6,X
5009073,-7,X
5009073,-8,C
5009073,-9,C
5009073,-10,X
5009073,-11,C
5009073,-12,C
5009073,-13,X
5009073,-14,0
5009073,-15,X
5009073,-16,0
5009073,-17,0
5009073,-18,0
5009073,-19,X
5009073,-20,C
5009073,-21,0
5009073,-22,X
5009074,0,C
5009074,-1,0
5009074,-2,C
5009074,-3,C
5009074,-4,C
5009074,-5,C
5009074,-6,C
5009074,-7,0
5009074,-8,C
5009074,-9,C
5009074,-10,0
5009074,-11,C
5009074,-12,0
5009074,-13,C
5009074,-14,C
5009075,0,C
5009075,-1,0
5009075,-2,X
5009075,-3,C
5009076,0,C
5009076,-1,0
5009076,-2,X
5009076,-3,X
5009076,-4,C
5009076,-5,C
5009076,-6,C
5009076,-7,1
5009076,-8,C
5009076,-9,X
5009076,-10,X
5009076,-11,X
5009076,-12,X
5009076,-13,0
5009076,-14,C
5009076,-15,0
5009076,-16,C
5009076,-17,C
5009077,0,0
5009077,-1,C
5009077,-2,0
5009077,-3,C
5009077,-4,C
5009077,-5,0
5009077,-6,0
5009077,-7,X
5009077,-8,C
5009077,-9,0
5009077,-10,0
5009077,-11,0
5009077,-12,0
5009077,-13,C
5009077,-14,1
5009077,-15,C
5009077,-16,0
5009077,-17,0
5009078,0,C
5009078,-1,X
5009078,-2,C
5009078,-3,0
5009078,-4,C
5009078,-5,X
5009078,-6,0
5009078,-7,0
5009078,-8,X
5009078,-9,C
5009078,-10,0
5009078,-11,C
5009078,-12,C
5009078,-13,C
5009078,-14,C
5009078,-15,C
5009078,-16,C
5009078,-17,X
5009078,-18,0
5009079,0,C
5009079,-1,0
5009079,-2,X
5009080,0,0
5009080,-1,4
5009080,-2,X
5009080,-3,C
5009080,-4,1
5009080,-5,X
5009080,-6,1
5009080,-7,4
5009080,-8,X
5009080,-9,3
5009081,0,X
5009081,-1,C
5009081,-2,C
5009081,-3,0
5009081,-4,X
5009081,-5,C
5009081,-6,0
5009081,-7,C
5009081,-8,0
5009081,-9,X
5009081,-10,C
5009081,-11,0
5009081,-12,C
5009081,-13,C
5009081,-14,C
5009081,-15,0
5009081,-16,X
5009081,-17,0
5009081,-18,C
5009081,-19,0
5009081,-20,C
5009082,0,X
5009082,-1,C
5009082,-2,0
5009082,-3,C
5009082,-4,0
5009082,-5,0
5009082,-6,C
5009082,-7,0
5009082,-8,C
5009082,-9,C
5009082,-10,1
5009083,0,X
5009083,-1,0
5009083,-2,C
5009083,-3,X
5009083,-4,C
5009083,-5,0
5009083,-6,X
5009083,-7,C
5009083,-8,C
5009083,-9,X
5009083,-10,C
5009083,-11,0
5009083,-12,0
5009083,-13,C
5009083,-14,0
5009084,0,C
5009084,-1,C
5009084,-2,C
5009084,-3,C
5009084,-4,C
5009084,-5,C
5009084,-6,C
5009085,0,C
5009085,-1,C
5009085,-2,0
5009086,0,X
5009086,-1,C
5009086,-2,0
5009086,-3,C
5009086,-4,C
5009086,-5,0
5009086,-6,C
5009086,-7,X
5009086,-8,C
5009086,-9,C
5009086,-10,X
5009086,-11,C
5009086,-12,C
5009086,-13,C
5009086,-14,C
5009086,-15,C
5009086,-16,C
5009086,-17,0
5009086,-18,C
5009086,-19,C
5009086,-20,0
5009086,-21,C
5009086,-22,C
5009087,0,C
5009087,-1,C
5009087,-2,0
5009087,-3,X
5009087,-4,C
5009087,-5,C
5009087,-6,0
5009087,-7,C
5009087,-8,X
5009087,-9,0
5009087,-10,0
5009087,-11,C
5009087,-12,X
5009087,-13,C
5009087,-14,C
5009088,0,0
5009088,-1,C
5009088,-2,0
5009088,-3,C
5009088,-4,X
5009088,-5,0
5009088,-6,0
5009088,-7,0
5009088,-8,C
5009088,-9,C
5009088,-10,X
5009089,0,C
5009089,-1,0
5009089,-2,0
5009089,-3,0
5009089,-4,C
5009089,-5,C
5009090,0,0
5009090,-1,C
5009090,-2,C
5009090,-3,C
5009090,-4,C
5009090,-5,0
5009090,-6,X
5009090,-7,0
5009090,-8,0
5009090,-9,C
5009090,-10,C
5009090,-11,C
5009090,-12,C
5009090,-13,0
5009091,0,0
5009091,-1,C
5009091,-2,C
5009091,-3,C
5009091,-4,C
5009091,-5,C
5009091,-6,C
5009091,-7,C
5009091,-8,0
5009091,-9,C
5009091,-10,C
5009091,-11,0
5009091,-12,0
5009091,-13,C
5009092,0,C
5009092,-1,0
5009092,-2,C
5009092,-3,C
5009092,-4,C
5009092,-5,C
5009092,-6,C
5009092,-7,C
5009092,-8,C
5009092,-9,0
5009093,0,0
5009093,-1,0
5009093,-2,X
5009093,-3,C
5009093,-4,C
5009093,-5,C
5009093,-6,C
5009093,-7,0
5009093,-8,X
5009093,-9,C
5009093,-10,C
5009093,-11,C
5009093,-12,X
5009093,-13,0
5009093,-14,1
5009093,-15,C
5009093,-16,C
5009093,-17,C
5009093,-18,C
5009094,0,C
5009094,-1,C
5009094,-2,C
5009094,-3,0
5009094,-4,C
5009094,-5,C
5009094,-6,0
5009094,-7,0
5009094,-8,C
5009094,-9,C
5009094,-10,C
5009094,-11,X
5009094,-12,C
5009094,-13,X
5009094,-14,0
5009094,-15,0
5009094,-16,X
5009094,-17,C
5009094,-18,X
5009094,-19,C
5009094,-20,C
5009094,-21,0
5009094,-22,X
5009094,-23,C
5009095,0,C
5009095,-1,C
5009095,-2,C
5009095,-3,C
5009095,-4,C
5009095,-5,0
5009095,-6,X
5009095,-7,0
5009096,0,C
5009096,-1,X
5009096,-2,0
5009096,-3,0
5009096,-4,C
5009096,-5,0
5009096,-6,C
5009097,0,C
5009097,-1,X
5009097,-2,0
5009098,0,0
5009098,-1,X
5009098,-2,0
5009098,-3,C
5009099,0,C
5009099,-1,0
5009099,-2,X
5009099,-3,0
5009099,-4,C
5009099,-5,0
5009099,-6,C
5009099,-7,0
5009099,-8,C
5009099,-9,0
5009099,-10,0
5009100,0,C
5009100,-1,0
5009100,-2,C
5009100,-3,X
5009100,-4,C
5009100,-5,C
5009100,-6,C
5009100,-7,C
5009100,-8,C
5009101,0,X
5009101,-1,0
5009101,-2,C
5009101,-3,C
5009101,-4,0
5009101,-5,C
5009101,-6,0
5009101,-7,C
5009101,-8,C
5009101,-9,0
5009101,-10,C
5009101,-11,X
5009101,-12,C
5009101,-13,C
5009101,-14,C
5009101,-15,C
5009102,0,X
5009102,-1,0
5009102,-2,C
5009102,-3,0
5009102,-4,0
5009102,-5,1
5009102,-6,1
5009102,-7,0
5009102,-8,C
5009103,0,C
5009103,-1,C
5009103,-2,C
5009103,-3,C
5009103,-4,C
5009103,-5,C
5009103,-6,C
5009103,-7,C
5009103,-8,0
5009103,-9,C
5009103,-10,C
5009104,0,0
5009104,-1,C
5009104,-2,0
5009104,-3,0
5009104,-4,X
5009104,-5,0
5009104,-6,C
5009104,-7,C
5009104,-8,C
5009104,-9,0
5009104,-10,C
5009104,-11,0
5009104,-12,C
5009104,-13,C
5009104,-14,C
5009105,0,X
5009105,-1,0
5009105,-2,C
5009105,-3,C
5009105,-4,X
5009105,-5,X
5009105,-6,0
5009105,-7,C
5009106,0,C
5009106,-1,C
5009106,-2,C
5009106,-3,0
5009106,-4,0
5009106,-5,X
5009106,-6,C
5009106,-7,X
5009106,-8,0
5009106,-9,C
5009106,-10,C
5009106,-11,C
5009106,-12,0
5009107,0,C
5009107,-1,X
5009107,-2,0
5009107,-3,C
5009107,-4,X
5009108,0,0
5009108,-1,C
5009108,-2,0
5009108,-3,0
5009108,-4,C
5009108,-5,X
5009108,-6,0
5009108,-7,C
5009108,-8,C
5009108,-9,X
5009108,-10,C
5009108,-11,C
5009108,-12,C
5009108,-13,X
5009108,-14,X
5009108,-15,C
5009108,-16,C
5009108,-17,C
5009108,-18,0
5009108,-19,C
5009108,-20,0
5009109,0,1
5009109,-1,0
5009109,-2,0
5009109,-3,C
5009109,-4,C
5009109,-5,C
5009109,-6,0
5009109,-7,C
5009109,-8,0
5009109,-9,0
5009109,-10,X
5009109,-11,C
5009109,-12,0
5009109,-13,0
5009109,-14,0
5009109,-15,0
5009109,-16,0
5009109,-17,C
5009110,0,1
5009110,-1,3
5009110,-2,1
5009110,-3,X
5009110,-4,X
5009110,-5,4
5009110,-6,0
5009110,-7,X
5009110,-8,4
5009110,-9,0
5009110,-10,C
5009111,0,0
5009111,-1,0
5009111,-2,C
5009111,-3,0
5009111,-4,C
5009111,-5,0
5009111,-6,C
5009111,-7,C
5009111,-8,C
5009111,-9,0
5009111,-10,0
5009111,-11,C
5009111,-12,C
5009111,-13,X
5009112,0,C
5009112,-1,0
5009112,-2,X
5009112,-3,0
5009112,-4,C
5009112,-5,0
5009112,-6,C
5009112,-7,C
5009112,-8,0
5009112,-9,X
5009112,-10,C
5009112,-11,0
5009112,-12,C
5009112,-13,X
5009112,-14,0
5009112,-15,1
5009112,-16,C
5009112,-17,C
5009112,-18,0
5009112,-19,C
5009113,0,0
5009113,-1,C
5009113,-2,0
5009113,-3,0
5009113,-4,C
5009113,-5,0
5009113,-6,X
5009113,-7,X
5009114,0,C
5009114,-1,0
5009114,-2,C
5009114,-3,C
5009114,-4,C
5009114,-5,X
5009115,0,0
5009115,-1,C
5009115,-2,X
5009115,-3,0
5009115,-4,X
5009116,0,C
5009116,-1,1
5009116,-2,C
5009116,-3,C
5009116,-4,C
5009116,-5,C
5009116,-6,C
5009116,-7,C
5009116,-8,C
5009116,-9,C
5009116,-10,0
5009116,-11,0
5009116,-12,C
5009116,-13,C
5009116,-14,X
5009116,-15,X
5009116,-16,0
5009117,0,0
5009117,-1,C
5009117,-2,C
5009117,-3,X
5009117,-4,C
5009117,-5,0
5009118,0,X
5009118,-1,C
5009118,-2,0
5009119,0,C
5009119,-1,C
5009119,-2,C
5009119,-3,C
5009119,-4,C
5009119,-5,C
5009119,-6,C
5009119,-7,C
5009119,-8,C
5009119,-9,C
5009119,-10,C
5009120,0,X
5009120,-1,C
5009120,-2,C
5009120,-3,0
5009120,-4,X
5009120,-5,C
5009121,0,X
5009121,-1,C
5009121,-2,X
5009121,-3,C
5009121,-4,X
5009121,-5,C
5009121,-6,C
5009121,-7,0
5009121,-8,X
5009121,-9,C
5009121,-10,0
5009121,-11,X
5009121,-12,X
5009121,-13,0
5009121,-14,X
5009121,-15,C
5009121,-16,C
5009122,0,C
5009122,-1,X
5009122,-2,C
5009123,0,C
5009123,-1,X
5009123,-2,0
5009123,-3,0
5009123,-4,0
5009123,-5,X
5009123,-6,1
5009123,-7,C
5009123,-8,C
5009123,-9,0
5009123,-10,0
5009123,-11,C
5009123,-12,C
5009123,-13,X
5009123,-14,C
5009123,-15,C
5009123,-16,C
5009123,-17,X
5009123,-18,X
5009123,-19,0
5009123,-20,C
5009123,-21,X
5009123,-22,C
5009124,0,0
5009124,-1,C
5009124,-2,C
5009124,-3,0
5009124,-4,C
5009124,-5,0
5009124,-6,C
5009124,-7,X
5009125,0,X
5009125,-1,0
5009125,-2,C
5009125,-3,0
5009125,-4,0
5009125,-5,X
5009125,-6,C
5009126,0,C
5009126,-1,X
5009126,-2,C
5009126,-3,0
5009126,-4,C
5009126,-5,C
5009126,-6,C
5009126,-7,0
5009126,-8,X
5009126,-9,X
5009126,-10,C
5009126,-11,0
5009126,-12,C
5009126,-13,C
5009126,-14,C
5009126,-15,X
5009126,-16,C
5009126,-17,C
5009126,-18,C
5009126,-19,0
5009126,-20,C
5009127,0,C
5009127,-1,X
5009127,-2,C
5009127,-3,C
5009127,-4,C
5009127,-5,0
5009127,-6,C
5009127,-7,C
5009127,-8,X
5009127,-9,C
5009127,-10,C
5009128,0,2
5009128,-1,C
5009128,-2,1
5009128,-3,0
5009128,-4,X
5009128,-5,0
5009128,-6,0
5009128,-7,C
5009128,-8,2
5009128,-9,1
5009128,-10,C
5009128,-11,2
5009128,-12,1
5009129,0,X
5009129,-1,C
5009129,-2,C
5009129,-3,0
5009129,-4,C
5009129,-5,0
5009129,-6,C
5009129,-7,0
5009129,-8,X
5009130,0,0
5009130,-1,C
5009130,-2,C
5009131,0,C
5009131,-1,C
5009131,-2,X
5009131,-3,C
5009131,-4,0
5009131,-5,C
5009131,-6,C
5009131,-7,C
5009131,-8,C
5009131,-9,0
5009131,-10,0
5009131,-11,C
5009131,-12,C
5009131,-13,C
5009131,-14,C
5009132,0,C
5009132,-1,0
5009132,-2,X
5009132,-3,0
5009132,-4,X
5009132,-5,C
5009132,-6,0
5009132,-7,C
5009132,-8,C
5009132,-9,C
5009132,-10,0
5009132,-11,X
5009132,-12,C
5009132,-13,C
5009132,-14,C
5009132,-15,C
5009133,0,C
5009133,-1,C
5009133,-2,0
5009133,-3,C
5009133,-4,0
5009133,-5,C
5009134,0,0
5009134,-1,X
5009134,-2,C
5009134,-3,C
5009134,-4,0
5009134,-5,C
5009134,-6,0
5009134,-7,C
5009134,-8,C
5009134,-9,C
5009134,-10,X
5009134,-11,C
5009134,-12,C
5009134,-13,C
5009134,-14,C
5009134,-15,C
5009134,-16,C
5009134,-17,X
5009134,-18,C
5009134,-19,1
5009134,-20,0
5009134,-21,C
5009134,-22,X
5009134,-23,C
5009135,0,C
5009135,-1,C
5009135,-2,X
5009135,-3,C
5009135,-4,C
5009135,-5,C
5009135,-6,0
5009135,-7,C
5009136,0,0
5009136,-1,0
5009136,-2,X
5009136,-3,C
5009136,-4,C
5009136,-5,X
5009136,-6,1
5009136,-7,C
5009136,-8,0
5009136,-9,0
5009136,-10,C
5009136,-11,C
5009136,-12,0
5009136,-13,C
5009136,-14,X
5009136,-15,C
5009137,0,C
5009137,-1,C
5009137,-2,0
5009137,-3,C
5009137,-4,C
5009137,-5,0
5009137,-6,X
5009137,-7,C
5009138,0,0
5009138,-1,C
5009138,-2,0
5009138,-3,C
5009138,-4,C
5009138,-5,C
5009138,-6,C
5009138,-7,X
5009138,-8,C
5009138,-9,0
5009138,-10,X
5009138,-11,C
5009138,-12,X
5009138,-13,C
5009138,-14,C
5009138,-15,C
5009138,-16,0
5009138,-17,X
5009138,-18,0
5009138,-19,C
5009138,-20,C
5009138,-21,0
5009138,-22,X
5009139,0,C
5009139,-1,0
5009139,-2,C
5009139,-3,0
5009139,-4,0
5009139,-5,0
5009139,-6,C
5009139,-7,C
5009139,-8,0
5009139,-9,0
5009139,-10,C
5009139,-11,0
5009139,-12,0
5009139,-13,C
5009139,-14,0
5009139,-15,0
5009139,-16,0
5009140,0,0
5009140,-1,C
5009140,-2,C
5009140,-3,X
5009140,-4,X
5009140,-5,C
5009140,-6,C
5009140,-7,C
5009140,-8,0
5009140,-9,C
5009140,-10,0
5009140,-11,C
5009141,0,C
5009141,-1,C
5009141,-2,0
5009141,-3,X
5009141,-4,C
5009141,-5,0
5009141,-6,C
5009141,-7,0
5009141,-8,C
5009141,-9,C
5009141,-10,C
5009141,-11,0
5009141,-12,C
5009142,0,X
5009142,-1,C
5009142,-2,C
5009142,-3,X
5009142,-4,X
5009142,-5,C
5009142,-6,C
5009142,-7,0
5009142,-8,0
5009142,-9,C
5009142,-10,0
5009142,-11,C
5009142,-12,C
5009142,-13,C
5009142,-14,0
5009142,-15,0
5009142,-16,X
5009142,-17,0
5009142,-18,X
5009142,-19,0
5009142,-20,C
5009143,0,C
5009143,-1,X
5009143,-2,C
5009143,-3,X
5009143,-4,0
5009143,-5,C
5009143,-6,0
5009143,-7,X
5009143,-8,C
5009143,-9,X
5009143,-10,C
5009143,-11,X
5009143,-12,X
5009143,-13,0
5009143,-14,0
5009143,-15,1
5009144,0,2
5009144,-1,1
5009144,-2,2
5009144,-3,2
5009144,-4,1
5009144,-5,1
5009144,-6,X
5009144,-7,X
5009144,-8,0
5009144,-9,0
5009144,-10,3
5009144,-11,0
5009144,-12,2
5009145,0,X
5009145,-1,C
5009145,-2,C
5009145,-3,C
5009145,-4,0
5009145,-5,0
5009145,-6,C
5009145,-7,C
5009145,-8,0
5009145,-9,X
5009145,-10,0
5009145,-11,C
5009145,-12,0
5009145,-13,X
5009145,-14,C
5009146,0,C
5009146,-1,1
5009146,-2,0
5009146,-3,0
5009146,-4,C
5009146,-5,X
5009146,-6,C
5009146,-7,C
5009146,-8,0
5009146,-9,C
5009146,-10,0
5009146,-11,C
5009146,-12,C
5009146,-13,0
5009146,-14,C
5009146,-15,C
5009146,-16,0
5009146,-17,X
5009146,-18,C
5009146,-19,X
5009146,-20,C
5009146,-21,C
5009147,0,X
5009147,-1,X
5009147,-2,0
5009147,-3,C
5009147,-4,0
5009147,-5,0
5009147,-6,C
5009147,-7,1
5009147,-8,X
5009147,-9,C
5009147,-10,C
5009147,-11,0
5009147,-12,X
5009147,-13,C
5009147,-14,C
5009147,-15,C
5009147,-16,C
5009147,-17,X
5009147,-18,0
5009147,-19,C
5009148,0,5
5009148,-1,1
5009148,-2,4
5009148,-3,0
5009148,-4,1
5009148,-5,1
5009148,-6,2
5009148,-7,1
5009148,-8,0
5009148,-9,C
5009148,-10,X
5009149,0,0
5009149,-1,C
5009149,-2,0
5009149,-3,C
5009149,-4,C
5009149,-5,0
5009149,-6,C
5009149,-7,X
5009149,-8,0
5009149,-9,C
5009149,-10,C
5009149,-11,C
5009149,-12,0
5009149,-13,X
5009149,-14,0
5009149,-15,0
5009149,-16,0
5009149,-17,C
5009149,-18,X
5009149,-19,C
5009149,-20,0
5009149,-21,0
5009149,-22,X
5009149,-23,0
5009150,0,C
5009150,-1,C
5009150,-2,C
5009150,-3,C
5009150,-4,C
5009151,0,C
5009151,-1,C
5009151,-2,C
5009151,-3,C
5009151,-4,C
5009151,-5,X
5009151,-6,C
5009152,0,C
5009152,-1,C
5009152,-2,X
5009152,-3,X
5009152,-4,C
5009153,0,0
5009153,-1,0
5009153,-2,C
5009153,-3,0
5009153,-4,X
5009153,-5,C
5009153,-6,C
5009153,-7,X
5009153,-8,X
5009153,-9,C
5009153,-10,X
5009153,-11,X
5009154,0,C
5009154,-1,C
5009154,-2,C
5009154,-3,0
5009154,-4,X
5009154,-5,0
5009154,-6,0
5009154,-7,C
5009154,-8,C
5009154,-9,0
5009154,-10,C
5009155,0,C
5009155,-1,C
5009155,-2,C
5009155,-3,X
5009155,-4,C
5009155,-5,X
5009155,-6,0
5009155,-7,1
5009155,-8,C
5009155,-9,X
5009155,-10,0
5009155,-11,C
5009155,-12,C
5009155,-13,0
5009155,-14,C
5009155,-15,X
5009155,-16,X
5009155,-17,C
5009155,-18,X
5009155,-19,0
5009156,0,C
5009156,-1,C
5009156,-2,0
5009157,0,C
5009157,-1,C
5009157,-2,0
5009157,-3,C
5009157,-4,X
5009157,-5,X
5009157,-6,0
5009157,-7,C
5009157,-8,C
5009157,-9,C
5009157,-10,C
5009157,-11,X
5009157,-12,C
5009157,-13,C
5009157,-14,0
5009157,-15,0
5009157,-16,C
5009157,-17,X
5009157,-18,X
5009157,-19,C
5009157,-20,C
5009157,-21,0
5009157,-22,C
5009157,-23,C
5009158,0,C
5009158,-1,C
5009158,-2,X
5009158,-3,C
5009158,-4,X
5009158,-5,C
5009158,-6,X
5009158,-7,C
5009158,-8,C
5009158,-9,0
5009158,-10,X
5009158,-11,0
5009159,0,0
5009159,-1,0
5009159,-2,X
5009159,-3,C
5009159,-4,0
5009159,-5,X
5009159,-6,1
5009159,-7,C
5009159,-8,C
5009159,-9,0
5009159,-10,C
5009160,0,0
5009160,-1,C
5009160,-2,C
5009160,-3,C
5009160,-4,C
5009160,-5,0
5009160,-6,0
5009160,-7,C
5009160,-8,X
5009161,0,C
5009161,-1,0
5009161,-2,0
5009161,-3,0
5009161,-4,X
5009161,-5,C
5009161,-6,0
5009161,-7,0
5009161,-8,C
5009161,-9,X
5009161,-10,C
5009161,-11,0
5009161,-12,X
5009161,-13,C
5009161,-14,C
5009161,-15,C
5009161,-16,0
5009161,-17,0
5009161,-18,X
5009161,-19,C
5009161,-20,C
5009162,0,1
5009162,-1,0
5009162,-2,0
5009162,-3,X
5009162,-4,C
5009162,-5,0
5009162,-6,X
5009162,-7,0
5009162,-8,X
5009162,-9,C
5009162,-10,0
5009162,-11,0
5009162,-12,0
5009162,-13,C
5009162,-14,X
5009162,-15,0
5009162,-16,C
5009162,-17,C
5009162,-18,0
5009162,-19,C
5009162,-20,C
5009162,-21,C
5009163,0,X
5009163,-1,0
5009163,-2,C
5009163,-3,X
5009164,0,C
5009164,-1,X
5009164,-2,C
5009164,-3,0
5009164,-4,C
5009164,-5,1
5009164,-6,C
5009164,-7,C
5009164,-8,0
5009164,-9,C
5009164,-10,C
5009164,-11,0
5009164,-12,X
5009165,0,0
5009165,-1,0
5009165,-2,0
5009165,-3,0
5009165,-4,C
5009165,-5,X
5009165,-6,C
5009166,0,2
5009166,-1,1
5009166,-2,0
5009166,-3,X
5009166,-4,0
5009166,-5,2
5009166,-6,0
5009166,-7,X
5009166,-8,1
5009166,-9,1
5009166,-10,X
5009166,-11,1
5009167,0,C
5009167,-1,X
5009167,-2,C
5009167,-3,0
5009167,-4,X
5009167,-5,X
5009167,-6,C
5009167,-7,C
5009167,-8,X
5009167,-9,0
5009167,-10,C
5009167,-11,X
5009167,-12,C
5009167,-13,0
5009167,-14,C
5009167,-15,0
5009167,-16,1
5009167,-17,C
5009167,-18,0
5009167,-19,C
5009167,-20,0
5009167,-21,X
5009167,-22,X
5009168,0,0
5009168,-1,0
5009168,-2,X
5009168,-3,0
5009168,-4,0
5009168,-5,X
5009168,-6,0
5009168,-7,C
5009168,-8,C
5009168,-9,C
5009168,-10,C
5009168,-11,C
5009168,-12,X
5009168,-13,C
5009168,-14,X
5009168,-15,C
5009168,-16,0
5009168,-17,C
5009168,-18,C
5009168,-19,C
5009168,-20,0
5009169,0,0
5009169,-1,C
5009169,-2,0
5009169,-3,C
5009169,-4,0
5009169,-5,C
5009169,-6,C
5009169,-7,0
5009169,-8,C
5009169,-9,0
5009169,-10,X
5009169,-11,C
5009169,-12,X
5009169,-13,0
5009169,-14,C
5009169,-15,C
5009169,-16,C
5009169,-17,C
5009169,-18,C
5009169,-19,C
5009169,-20,0
5009169,-21,C
5009169,-22,C
5009170,0,C
5009170,-1,C
5009170,-2,X
5009170,-3,0
5009170,-4,0
5009170,-5,X
5009170,-6,0
5009170,-7,X
5009170,-8,X
5009170,-9,C
5009170,-10,C
5009170,-11,C
5009170,-12,0
5009170,-13,0
5009170,-14,0
5009170,-15,C
5009170,-16,0
5009170,-17,C
5009170,-18,X
5009170,-19,0
5009170,-20,C
5009170,-21,C
5009170,-22,0
5009170,-23,X
5009171,0,C
5009171,-1,C
5009171,-2,0
5009171,-3,C
5009171,-4,0
5009171,-5,C
5009171,-6,C
5009171,-7,0
5009171,-8,C
5009171,-9,C
5009172,0,3
5009172,-1,4
5009172,-2,C
5009172,-3,1
5009172,-4,4
5009172,-5,X
5009172,-6,1
5009172,-7,0
5009172,-8,0
5009172,-9,0
5009172,-10,4
5009172,-11,C
5009172,-12,2
5009172,-13,1
5009172,-14,0
5009172,-15,C
5009172,-16,0
5009172,-17,2
5009172,-18,2
5009172,-19,2
5009173,0,C
5009173,-1,0
5009173,-2,X
5009173,-3,X
5009173,-4,C
5009173,-5,X
5009173,-6,0
5009173,-7,C
5009173,-8,C
5009173,-9,C
5009173,-10,C
5009173,-11,C
5009173,-12,C
5009173,-13,0
5009173,-14,C
5009173,-15,C
5009173,-16,0
5009174,0,1
5009174,-1,1
5009174,-2,C
5009174,-3,0
5009174,-4,0
5009174,-5,C
5009174,-6,C
5009174,-7,X
5009174,-8,X
5009174,-9,X
5009174,-10,C
5009175,0,C
5009175,-1,C
5009175,-2,0
5009175,-3,X
5009176,0,X
5009176,-1,X
5009176,-2,C
5009176,-3,C
5009176,-4,X
5009176,-5,C
5009176,-6,C
5009176,-7,X
5009176,-8,C
5009176,-9,0
5009176,-10,C
5009177,0,C
5009177,-1,C
5009177,-2,C
5009177,-3,0
5009177,-4,C
5009177,-5,C
5009177,-6,C
5009177,-7,1
5009177,-8,C
5009177,-9,0
5009177,-10,X
5009177,-11,X
5009177,-12,C
5009177,-13,0
5009177,-14,C
5009177,-15,C
5009177,-16,0
5009177,-17,X
5009177,-18,C
5009177,-19,0
5009177,-20,X
5009177,-21,C
5009178,0,X
5009178,-1,X
5009178,-2,X
5009178,-3,0
5009178,-4,X
5009178,-5,0
5009179,0,C
5009179,-1,C
5009179,-2,0
5009179,-3,C
5009179,-4,C
5009179,-5,C
5009179,-6,C
5009179,-7,C
5009179,-8,C
5009179,-9,C
5009180,0,C
5009180,-1,X
5009180,-2,C
5009180,-3,X
5009180,-4,C
5009180,-5,1
5009180,-6,0
5009180,-7,X
5009180,-8,C
5009180,-9,C
5009180,-10,C
5009180,-11,0
5009180,-12,X
5009180,-13,C
5009180,-14,0
5009181,0,C
5009181,-1,0
5009181,-2,0
5009181,-3,C
5009181,-4,X
5009181,-5,0
5009181,-6,0
5009181,-7,0
5009181,-8,0
5009181,-9,C
5009181,-10,0
5009182,0,0
5009182,-1,X
5009182,-2,0
5009182,-3,X
5009182,-4,C
5009183,0,1
5009183,-1,C
5009183,-2,C
5009183,-3,C
5009183,-4,0
5009183,-5,X
5009183,-6,0
5009183,-7,C
5009183,-8,0
5009183,-9,C
5009183,-10,C
5009183,-11,0
5009183,-12,C
5009183,-13,C
5009183,-14,C
5009184,0,C
5009184,-1,0
5009184,-2,X
5009184,-3,C
5009184,-4,0
5009184,-5,C
5009184,-6,C
5009184,-7,C
5009184,-8,C
5009184,-9,0
5009184,-10,C
5009184,-11,C
5009184,-12,X
5009184,-13,X
5009184,-14,X
5009184,-15,C
5009184,-16,0
5009185,0,C
5009185,-1,0
5009185,-2,X
5009185,-3,X
5009185,-4,1
5009185,-5,C
5009185,-6,0
5009185,-7,X
5009185,-8,C
5009185,-9,C
5009185,-10,X
5009185,-11,C
5009185,-12,X
5009185,-13,0
5009185,-14,C
5009185,-15,C
5009185,-16,C
5009185,-17,X
5009185,-18,C
5009185,-19,C
5009185,-20,X
5009186,0,C
5009186,-1,X
5009186,-2,X
5009186,-3,C
5009186,-4,0
5009186,-5,C
5009186,-6,0
5009186,-7,0
5009186,-8,0
5009186,-9,X
5009186,-10,C
5009186,-11,C
5009186,-12,X
5009186,-13,0
5009186,-14,C
5009187,0,0
5009187,-1,C
5009187,-2,C
5009187,-3,C
5009187,-4,X
5009187,-5,C
5009187,-6,C
5009187,-7,X
5009187,-8,0
5009187,-9,X
5009187,-10,C
5009187,-11,C
5009187,-12,C
5009187,-13,0
5009187,-14,0
5009187,-15,0
5009187,-16,C
5009187,-17,C
5009187,-18,0
5009187,-19,X
5009188,0,C
5009188,-1,X
5009188,-2,C
5009188,-3,X
5009188,-4,C
5009188,-5,C
5009188,-6,0
5009189,0,0
5009189,-1,C
5009189,-2,C
5009189,-3,C
5009189,-4,C
5009189,-5,0
5009189,-6,C
5009189,-7,C
5009189,-8,0
5009189,-9,C
5009189,-10,C
5009189,-11,0
5009189,-12,C
5009189,-13,X
5009189,-14,C
5009189,-15,C
5009190,0,C
5009190,-1,C
5009190,-2,0
5009191,0,C
5009191,-1,C
5009191,-2,C
5009191,-3,C
5009191,-4,C
5009191,-5,C
5009191,-6,C
5009191,-7,C
5009191,-8,C
5009191,-9,C
5009191,-10,C
5009191,-11,C
5009191,-12,C
5009191,-13,0
5009191,-14,0
5009191,-15,0
5009192,0,X
5009192,-1,C
5009192,-2,0
5009192,-3,0
5009192,-4,X
5009192,-5,C
5009193,0,0
5009193,-1,C
5009193,-2,X
5009193,-3,X
5009193,-4,X
5009193,-5,C
5009193,-6,0
5009193,-7,0
5009193,-8,0
5009193,-9,C
5009193,-10,C
5009193,-11,C
5009193,-12,0
5009193,-13,X
5009193,-14,C
5009193,-15,C
5009193,-16,X
5009193,-17,C
5009193,-18,X
5009193,-19,C
5009193,-20,X
5009194,0,0
5009194,-1,2
5009194,-2,4
5009194,-3,5
5009194,-4,1
5009194,-5,2
5009194,-6,2
5009194,-7,C
5009194,-8,0
5009194,-9,3
5009194,-10,2
5009194,-11,X
5009194,-12,X
5009194,-13,C
5009194,-14,0
5009194,-15,0
5009194,-16,0
5009194,-17,3
5009194,-18,X
5009194,-19,2
5009194,-20,1
5009194,-21,0
5009194,-22,1
5009194,-23,0
5009195,0,C
5009195,-1,C
5009195,-2,0
5009195,-3,0
5009195,-4,C
5009195,-5,0
5009195,-6,0
5009195,-7,0
5009195,-8,0
5009195,-9,C
5009195,-10,X
5009195,-11,X
5009195,-12,C
5009195,-13,C
5009195,-14,C
5009196,0,C
5009196,-1,X
5009196,-2,C
5009196,-3,C
5009196,-4,C
5009196,-5,X
5009196,-6,C
5009196,-7,C
5009197,0,C
5009197,-1,X
5009197,-2,C
5009198,0,C
5009198,-1,C
5009198,-2,0
5009198,-3,C
5009198,-4,C
5009198,-5,X
5009198,-6,C
5009198,-7,X
5009198,-8,0
5009198,-9,C
5009198,-10,0
5009198,-11,0
5009198,-12,C
5009198,-13,C
5009198,-14,C
5009198,-15,0
5009198,-16,C
5009198,-17,0
5009198,-18,C
5009199,0,X
5009199,-1,C
5009199,-2,0
5009199,-3,C
5009199,-4,C
5009199,-5,0
5009199,-6,0
5009199,-7,1
5009199,-8,C
5009199,-9,C
5009199,-10,0
5009199,-11,C
5009199,-12,X
5009199,-13,0
5009199,-14,0
5009199,-15,C
5009199,-16,C
5009199,-17,C
5009199,-18,0
5009199,-19,C
5009199,-20,0
5009199,-21,X
5009200,0,0
5009200,-1,0
5009200,-2,0
5009200,-3,3
5009200,-4,0
5009200,-5,0
5009200,-6,0
5009200,-7,0
5009200,-8,2
5009200,-9,0
5009200,-10,0
5009200,-11,1
5009200,-12,2
5009200,-13,X
5009200,-14,0
5009201,0,X
5009201,-1,0
5009201,-2,C
5009201,-3,C
5009202,0,C
5009202,-1,X
5009202,-2,C
5009202,-3,0
5009202,-4,C
5009202,-5,C
5009202,-6,C
5009202,-7,C
5009202,-8,X
5009202,-9,C
5009202,-10,0
5009203,0,0
5009203,-1,C
5009203,-2,C
5009204,0,1
5009204,-1,X
5009204,-2,0
5009204,-3,0
5009204,-4,0
5009204,-5,0
5009204,-6,0
5009204,-7,0
5009204,-8,C
5009204,-9,C
5009204,-10,C
5009204,-11,C
5009204,-12,X
5009204,-13,C
5009204,-14,0
5009204,-15,1
5009204,-16,X
5009204,-17,X
5009204,-18,C
5009204,-19,X
5009204,-20,X
5009204,-21,C
5009204,-22,1
5009204,-23,0
5009205,0,C
5009205,-1,X
5009205,-2,X
5009205,-3,C
5009205,-4,C
5009205,-5,0
5009205,-6,X
5009205,-7,0
5009205,-8,C
5009205,-9,0
5009205,-10,0
5009205,-11,C
5009205,-12,C
5009205,-13,C
5009205,-14,C
5009205,-15,X
5009205,-16,0
5009205,-17,C
5009205,-18,C
5009206,0,0
5009206,-1,0
5009206,-2,0
5009206,-3,C
5009206,-4,0
5009206,-5,C
5009206,-6,X
5009206,-7,X
5009206,-8,C
5009206,-9,C
5009206,-10,C
5009206,-11,C
5009206,-12,X
5009206,-13,C
5009206,-14,X
5009206,-15,0
5009206,-16,C
5009206,-17,0
5009206,-18,0
5009206,-19,0
5009206,-20,0
5009207,0,C
5009207,-1,0
5009207,-2,0
5009207,-3,C
5009207,-4,C
5009207,-5,C
5009207,-6,X
5009207,-7,C
5009207,-8,0
5009207,-9,0
5009207,-10,X
5009207,-11,0
5009207,-12,C
5009207,-13,C
5009207,-14,X
5009207,-15,X
5009207,-16,C
5009207,-17,X
5009208,0,C
5009208,-1,X
5009208,-2,C
5009208,-3,C
5009208,-4,0
5009208,-5,X
5009208,-6,C
5009208,-7,X
5009208,-8,C
5009208,-9,C
5009208,-10,0
5009208,-11,X
5009209,0,C
5009209,-1,0
5009209,-2,C
5009209,-3,C
5009209,-4,C
5009209,-5,C
5009209,-6,0
5009209,-7,C
5009209,-8,0
5009209,-9,X
5009209,-10,0
5009210,0,C
5009210,-1,C
5009210,-2,C
5009210,-3,0
5009210,-4,C
5009210,-5,0
5009210,-6,C
5009210,-7,C
5009210,-8,C
5009210,-9,C
5009210,-10,C
5009210,-11,0
5009210,-12,0
5009210,-13,X
5009210,-14,C
5009210,-15,C
5009210,-16,C
5009211,0,C
5009211,-1,0
5009211,-2,C
5009211,-3,C
5009211,-4,C
5009211,-5,0
5009211,-6,C
5009211,-7,C
5009211,-8,C
5009211,-9,C
5009211,-10,X
5009211,-11,C
5009211,-12,0
5009211,-13,C
5009211,-14,X
5009212,0,C
5009212,-1,C
5009212,-2,C
5009212,-3,C
5009212,-4,C
5009212,-5,C
5009212,-6,C
5009212,-7,C
5009212,-8,C
5009212,-9,X
5009212,-10,X
5009212,-11,0
5009212,-12,C
5009212,-13,0
5009212,-14,0
5009212,-15,C
5009212,-16,C
5009212,-17,X
5009212,-18,C
5009212,-19,X
5009212,-20,C
5009212,-21,C
5009212,-22,C
5009212,-23,C
5009213,0,0
5009213,-1,C
5009213,-2,C
5009214,0,C
5009214,-1,C
5009214,-2,X
5009214,-3,C
5009214,-4,C
5009214,-5,X
5009214,-6,0
5009214,-7,X
5009214,-8,0
5009214,-9,C
5009214,-10,1
5009215,0,0
5009215,-1,C
5009215,-2,X
5009215,-3,C
5009215,-4,0
5009215,-5,X
5009215,-6,0
5009215,-7,C
5009215,-8,C
5009215,-9,0
5009215,-10,0
5009216,0,C
5009216,-1,C
5009216,-2,1
5009216,-3,X
5009216,-4,C
5009216,-5,C
5009216,-6,X
5009216,-7,X
5009216,-8,C
5009216,-9,0
5009216,-10,C
5009216,-11,C
5009216,-12,0
5009216,-13,0
5009216,-14,C
5009216,-15,1
5009216,-16,0
5009216,-17,C
5009217,0,X
5009217,-1,C
5009217,-2,C
5009217,-3,C
5009217,-4,C
5009217,-5,0
5009217,-6,0
5009217,-7,C
5009217,-8,X
5009217,-9,C
5009217,-10,C
5009217,-11,X
5009217,-12,C
5009217,-13,X
5009217,-14,0
5009217,-15,C
5009217,-16,C
5009217,-17,C
5009217,-18,0
5009217,-19,X
5009217,-20,0
5009217,-21,C
5009217,-22,C
5009218,0,C
5009218,-1,0
5009218,-2,C
5009219,0,0
5009219,-1,X
5009219,-2,C
5009219,-3,X
5009219,-4,C
5009219,-5,X
5009219,-6,0
5009219,-7,C
5009219,-8,C
5009219,-9,X
5009219,-10,C
5009219,-11,C
5009219,-12,0
5009219,-13,X
5009219,-14,C
5009219,-15,C
5009219,-16,X
5009219,-17,0
5009219,-18,0
5009219,-19,C
5009219,-20,X
5009220,0,0
5009220,-1,C
5009220,-2,X
5009220,-3,C
5009220,-4,X
5009220,-5,C
5009220,-6,0
5009220,-7,C
5009220,-8,0
5009220,-9,C
5009220,-10,X
5009220,-11,0
5009220,-12,0
5009220,-13,C
5009220,-14,C
5009220,-15,C
5009220,-16,0
5009220,-17,C
5009220,-18,0
5009221,0,C
5009221,-1,C
5009221,-2,X
5009222,0,0
5009222,-1,C
5009222,-2,C
5009222,-3,0
5009222,-4,0
5009222,-5,0
5009222,-6,C
5009222,-7,X
5009222,-8,C
5009222,-9,0
5009222,-10,0
5009222,-11,0
5009222,-12,0
5009222,-13,X
5009222,-14,C
5009222,-15,X
5009222,-16,0
5009222,-17,0
5009222,-18,0
5009222,-19,C
5009222,-20,C
5009222,-21,C
5009222,-22,X
5009223,0,X
5009223,-1,X
5009223,-2,1
5009223,-3,0
5009223,-4,C
5009223,-5,X
5009223,-6,X
5009223,-7,C
5009223,-8,0
5009223,-9,0
5009223,-10,C
5009223,-11,0
5009223,-12,0
5009223,-13,0
5009223,-14,X
5009223,-15,C
5009223,-16,X
5009223,-17,X
5009223,-18,0
5009223,-19,1
5009223,-20,X
5009223,-21,0
5009224,0,C
5009224,-1,C
5009224,-2,C
5009224,-3,X
5009224,-4,1
5009224,-5,0
5009224,-6,X
5009224,-7,X
5009224,-8,C
5009224,-9,C
5009224,-10,C
5009224,-11,X
5009224,-12,C
5009224,-13,C
5009224,-14,C
5009224,-15,C
5009224,-16,X
5009225,0,0
5009225,-1,X
5009225,-2,C
5009225,-3,0
5009225,-4,C
5009225,-5,C
5009225,-6,X
5009225,-7,C
5009225,-8,X
5009225,-9,0
5009225,-10,0
5009225,-11,X
5009225,-12,C
5009225,-13,C
5009225,-14,X
5009225,-15,X
5009225,-16,C
5009225,-17,0
5009225,-18,0
5009225,-19,X
5009225,-20,X
5009225,-21,C
5009226,0,C
5009226,-1,0
5009226,-2,X
5009226,-3,X
5009226,-4,X
5009226,-5,0
5009226,-6,0
5009226,-7,C
5009226,-8,0
5009226,-9,0
5009226,-10,C
5009226,-11,0
5009226,-12,C
5009226,-13,C
5009226,-14,0
5009226,-15,0
5009226,-16,X
5009226,-17,0
5009226,-18,C
5009226,-19,X
5009227,0,X
5009227,-1,C
5009227,-2,X
5009227,-3,0
5009227,-4,C
5009227,-5,0
5009227,-6,X
5009228,0,X
5009228,-1,X
5009228,-2,C
5009228,-3,C
5009228,-4,0
5009228,-5,C
5009228,-6,C
5009228,-7,C
5009228,-8,X
5009228,-9,0
5009228,-10,0
5009228,-11,0
5009228,-12,1
5009228,-13,C
5009228,-14,C
5009228,-15,C
5009229,0,C
5009229,-1,C
5009229,-2,C
5009229,-3,0
5009229,-4,0
5009229,-5,C
5009229,-6,C
5009229,-7,C
5009229,-8,C
5009229,-9,0
5009229,-10,C
5009229,-11,X
5009229,-12,C
5009229,-13,C
5009229,-14,C
5009229,-15,C
5009229,-16,X
5009230,0,X
5009230,-1,0
5009230,-2,C
5009230,-3,C
5009230,-4,C
5009230,-5,X
5009230,-6,C
5009230,-7,0
5009230,-8,C
5009230,-9,C
5009231,0,X
5009231,-1,0
5009231,-2,0
5009231,-3,0
5009232,0,0
5009232,-1,C
5009232,-2,X
5009232,-3,C
5009232,-4,C
5009232,-5,0
5009232,-6,0
5009232,-7,0
5009232,-8,X
5009232,-9,0
5009232,-10,X
5009232,-11,C
5009232,-12,0
5009233,0,C
5009233,-1,0
5009233,-2,C
5009233,-3,0
5009233,-4,0
5009233,-5,X
5009233,-6,C
5009233,-7,X
5009233,-8,C
5009233,-9,0
5009233,-10,X
5009233,-11,C
5009233,-12,0
5009233,-13,1
5009233,-14,0
5009233,-15,C
5009233,-16,0
5009233,-17,0
5009233,-18,0
5009233,-19,C
5009234,0,X
5009234,-1,C
5009234,-2,0
5009234,-3,X
5009234,-4,C
5009234,-5,C
5009234,-6,X
5009235,0,0
5009235,-1,C
5009235,-2,0
5009235,-3,X
5009235,-4,X
5009235,-5,C
5009235,-6,X
5009235,-7,0
5009235,-8,0
5009235,-9,C
5009235,-10,C
5009235,-11,X
5009235,-12,C
5009235,-13,X
5009235,-14,0
5009235,-15,X
5009235,-16,X
5009236,0,C
5009236,-1,C
5009236,-2,C
5009236,-3,1
5009236,-4,C
5009236,-5,X
5009236,-6,X
5009236,-7,C
5009236,-8,C
5009236,-9,C
5009237,0,0
5009237,-1,C
5009237,-2,0
5009237,-3,0
5009237,-4,0
5009237,-5,C
5009237,-6,0
5009237,-7,C
5009237,-8,X
5009237,-9,C
5009237,-10,C
5009237,-11,C
5009237,-12,X
5009237,-13,C
5009237,-14,0
5009237,-15,0
5009237,-16,C
5009238,0,C
5009238,-1,0
5009238,-2,0
5009239,0,C
5009239,-1,X
5009239,-2,C
5009239,-3,0
5009239,-4,C
5009239,-5,1
5009239,-6,C
5009239,-7,0
5009239,-8,0
5009239,-9,X
5009239,-10,C
5009239,-11,0
5009239,-12,0
5009239,-13,C
5009239,-14,X
5009239,-15,X
5009239,-16,0
5009239,-17,C
5009239,-18,0
5009239,-19,C
5009239,-20,0
5009239,-21,0
5009239,-22,X
5009239,-23,C
5009240,0,0
5009240,-1,0
5009240,-2,C
5009240,-3,C
5009240,-4,0
5009240,-5,X
5009240,-6,0
5009240,-7,0
5009240,-8,X
5009240,-9,X
5009241,0,C
5009241,-1,0
5009241,-2,C
5009241,-3,C
5009241,-4,C
5009241,-5,0
5009241,-6,1
5009241,-7,C
5009242,0,C
5009242,-1,C
5009242,-2,C
5009243,0,0
5009243,-1,0
5009243,-2,C
5009243,-3,0
5009243,-4,C
5009243,-5,X
5009243,-6,0
5009243,-7,C
5009244,0,C
5009244,-1,1
5009244,-2,0
5009244,-3,0
5009245,0,C
5009245,-1,X
5009245,-2,C
5009245,-3,C
5009245,-4,C
5009245,-5,C
5009245,-6,C
5009245,-7,C
5009245,-8,0
5009245,-9,C
5009245,-10,C
5009245,-11,X
5009245,-12,C
5009245,-13,0
5009245,-14,C
5009245,-15,C
5009246,0,C
5009246,-1,C
5009246,-2,0
5009246,-3,C
5009246,-4,C
5009246,-5,X
5009246,-6,C
5009246,-7,0
5009246,-8,C
5009246,-9,C
5009246,-10,X
5009246,-11,0
5009246,-12,0
5009246,-13,X
5009247,0,C
5009247,-1,X
5009247,-2,C
5009247,-3,C
5009247,-4,X
5009247,-5,C
5009247,-6,0
5009247,-7,0
5009247,-8,C
5009247,-9,C
5009247,-10,C
5009247,-11,0
5009247,-12,0
5009247,-13,0
5009247,-14,C
5009247,-15,0
5009247,-16,0
5009247,-17,C
5009247,-18,C
5009247,-19,0
5009247,-20,C
5009247,-21,0
5009247,-22,0
5009248,0,C
5009248,-1,X
5009248,-2,C
5009248,-3,C
5009248,-4,0
5009248,-5,C
5009248,-6,C
5009248,-7,C
5009248,-8,C
5009248,-9,C
5009248,-10,C
5009248,-11,C
5009248,-12,C
5009248,-13,0
5009248,-14,C
5009248,-15,X
5009248,-16,C
5009248,-17,0
5009248,-18,C
5009248,-19,C
5009248,-20,C
5009248,-21,0
5009248,-22,C
5009248,-23,X
5009249,0,C
5009249,-1,C
5009249,-2,X
5009249,-3,C
5009249,-4,X
5009249,-5,C
5009249,-6,C
5009249,-7,X
5009249,-8,C
5009249,-9,X
5009249,-10,C
5009249,-11,X
5009249,-12,C
5009250,0,0
5009250,-1,X
5009250,-2,0
5009250,-3,C
5009250,-4,C
5009250,-5,C
5009251,0,C
5009251,-1,C
5009251,-2,X
5009251,-3,C
5009251,-4,C
5009252,0,0
5009252,-1,C
5009252,-2,C
5009252,-3,C
5009252,-4,X
5009252,-5,X
5009252,-6,C
5009252,-7,C
5009252,-8,C
5009252,-9,C
5009252,-10,C
5009252,-11,X
5009252,-12,X
5009252,-13,C
5009252,-14,0
5009252,-15,0
5009252,-16,X
5009252,-17,C
5009253,0,C
5009253,-1,C
5009253,-2,0
5009253,-3,C
5009253,-4,C
5009254,0,C
5009254,-1,0
5009254,-2,C
5009254,-3,C
5009254,-4,X
5009254,-5,0
5009254,-6,0
5009254,-7,C
5009254,-8,C
5009255,0,C
5009255,-1,C
5009255,-2,C
5009255,-3,C
5009255,-4,C
5009255,-5,C
5009255,-6,C
5009255,-7,C
5009256,0,X
5009256,-1,C
5009256,-2,1
5009256,-3,C
5009256,-4,0
5009256,-5,C
5009256,-6,0
5009256,-7,C
5009256,-8,C
5009256,-9,C
5009256,-10,C
5009256,-11,1
5009256,-12,C
5009256,-13,0
5009256,-14,C
5009256,-15,X
5009256,-16,C
5009256,-17,C
5009256,-18,X
5009256,-19,C
5009256,-20,X
5009257,0,0
5009257,-1,C
5009257,-2,C
5009257,-3,X
5009258,0,C
5009258,-1,C
5009258,-2,C
5009258,-3,C
5009258,-4,C
5009258,-5,0
5009258,-6,0
5009258,-7,C
5009258,-8,0
5009258,-9,C
5009258,-10,0
5009258,-11,C
5009258,-12,C
5009258,-13,C
5009258,-14,C
5009258,-15,X
5009258,-16,C
5009258,-17,0
5009258,-18,X
5009258,-19,C
5009258,-20,C
5009259,0,C
5009259,-1,C
5009259,-2,C
5009259,-3,C
5009259,-4,0
5009259,-5,0
5009259,-6,C
5009259,-7,0
5009259,-8,X
5009259,-9,C
5009259,-10,0
5009259,-11,0
5009259,-12,C
5009259,-13,X
5009259,-14,X
5009259,-15,C
5009259,-16,X
5009259,-17,0
5009259,-18,C
5009260,0,C
5009260,-1,C
5009260,-2,C
5009260,-3,0
5009260,-4,C
5009261,0,C
5009261,-1,0
5009261,-2,C
5009261,-3,C
5009261,-4,0
5009262,0,C
5009262,-1,0
5009262,-2,C
5009262,-3,C
5009262,-4,C
5009262,-5,1
5009262,-6,C
5009262,-7,C
5009262,-8,X
5009262,-9,C
5009262,-10,C
5009262,-11,C
5009262,-12,1
5009262,-13,C
5009262,-14,0
5009262,-15,C
5009262,-16,C
5009262,-17,C
5009262,-18,C
5009263,0,C
5009263,-1,X
5009263,-2,0
5009263,-3,X
5009263,-4,C
5009263,-5,C
5009263,-6,C
5009263,-7,0
5009263,-8,0
5009263,-9,1
5009263,-10,C
5009263,-11,X
5009263,-12,C
5009263,-13,C
5009263,-14,C
5009263,-15,X
5009264,0,0
5009264,-1,0
5009264,-2,X
5009264,-3,C
5009264,-4,C
5009264,-5,0
5009264,-6,C
5009264,-7,X
5009264,-8,X
5009264,-9,C
5009264,-10,X
5009264,-11,C
5009264,-12,0
5009264,-13,C
5009264,-14,X
5009264,-15,C
5009265,0,C
5009265,-1,X
5009265,-2,0
5009265,-3,X
5009265,-4,X
5009265,-5,C
5009265,-6,C
5009265,-7,C
5009265,-8,0
5009265,-9,C
5009265,-10,C
5009265,-11,0
5009265,-12,X
5009265,-13,X
5009265,-14,C
5009265,-15,C
5009265,-16,C
5009265,-17,C
5009265,-18,C
5009265,-19,C
5009265,-20,X
5009265,-21,0
5009265,-22,0
5009266,0,X
5009266,-1,C
5009266,-2,C
5009266,-3,X
5009266,-4,0
5009266,-5,X
5009266,-6,C
5009266,-7,0
5009266,-8,X
5009266,-9,C
5009266,-10,0
5009267,0,0
5009267,-1,X
5009267,-2,C
5009267,-3,0
5009267,-4,C
5009267,-5,C
5009267,-6,C
5009267,-7,C
5009267,-8,X
5009267,-9,0
5009267,-10,C
5009267,-11,0
5009267,-12,C
5009267,-13,0
5009267,-14,C
5009268,0,C
5009268,-1,C
5009268,-2,0
5009268,-3,0
5009268,-4,X
5009268,-5,0
5009268,-6,C
5009268,-7,C
5009268,-8,X
5009268,-9,X
5009268,-10,X
5009268,-11,1
5009268,-12,C
5009268,-13,X
5009268,-14,0
5009268,-15,C
5009268,-16,C
5009268,-17,C
5009268,-18,X
5009268,-19,C
5009268,-20,X
5009268,-21,C
5009269,0,C
5009269,-1,C
5009269,-2,C
5009269,-3,C
5009269,-4,C
5009269,-5,C
5009269,-6,0
5009269,-7,X
5009269,-8,C
5009269,-9,0
5009270,0,C
5009270,-1,X
5009270,-2,0
5009270,-3,C
5009270,-4,C
5009270,-5,C
5009270,-6,C
5009270,-7,C
5009270,-8,X
5009270,-9,0
5009270,-10,X
5009270,-11,C
5009270,-12,X
5009270,-13,X
5009270,-14,C
5009270,-15,C
5009270,-16,X
5009270,-17,0
5009270,-18,C
5009270,-19,0
5009270,-20,0
5009270,-21,0
5009271,0,C
5009271,-1,1
5009271,-2,0
5009271,-3,C
5009271,-4,C
5009271,-5,0
5009271,-6,X
5009271,-7,0
5009271,-8,X
5009272,0,C
5009272,-1,C
5009272,-2,0
5009273,0,C
5009273,-1,X
5009273,-2,0
5009273,-3,0
5009274,0,0
5009274,-1,1
5009274,-2,0
5009274,-3,C
5009274,-4,X
5009274,-5,C
5009274,-6,C
5009274,-7,C
5009274,-8,0
5009274,-9,C
5009274,-10,X
5009274,-11,0
5009274,-12,C
5009274,-13,X
5009274,-14,0
5009275,0,C
5009275,-1,C
5009275,-2,C
5009275,-3,C
5009275,-4,1
5009275,-5,C
5009275,-6,0
5009275,-7,0
5009275,-8,C
5009276,0,C
5009276,-1,C
5009276,-2,C
5009276,-3,0
5009276,-4,0
5009276,-5,0
5009276,-6,C
5009276,-7,0
5009276,-8,0
5009276,-9,C
5009276,-10,X
5009276,-11,0
5009276,-12,0
5009276,-13,1
5009276,-14,C
5009277,0,C
5009277,-1,0
5009277,-2,X
5009278,0,C
5009278,-1,C
5009278,-2,X
5009278,-3,0
5009278,-4,C
5009278,-5,C
5009278,-6,C
5009278,-7,X
5009278,-8,0
5009278,-9,X
5009278,-10,0
5009278,-11,C
5009279,0,C
5009279,-1,0
5009279,-2,C
5009279,-3,C
5009279,-4,X
5009279,-5,0
5009279,-6,C
5009279,-7,X
5009279,-8,C
5009279,-9,0
5009279,-10,X
5009279,-11,C
5009279,-12,0
5009279,-13,1
5009279,-14,C
5009279,-15,X
5009279,-16,C
5009279,-17,C
5009280,0,C
5009280,-1,0
5009280,-2,0
5009280,-3,0
5009280,-4,1
5009280,-5,4
5009280,-6,X
5009280,-7,C
5009280,-8,1
5009280,-9,2
5009281,0,C
5009281,-1,X
5009281,-2,0
5009281,-3,0
5009281,-4,C
5009281,-5,X
5009281,-6,C
5009281,-7,0
5009281,-8,C
5009281,-9,0
5009281,-10,X
5009281,-11,X
5009281,-12,X
5009282,0,C
5009282,-1,X
5009282,-2,X
5009282,-3,1
5009282,-4,X
5009282,-5,1
5009282,-6,C
5009282,-7,C
5009282,-8,1
5009282,-9,0
5009282,-10,C
5009282,-11,C
5009282,-12,0
5009282,-13,0
5009283,0,0
5009283,-1,C
5009283,-2,C
5009283,-3,1
5009283,-4,C
5009283,-5,0
5009283,-6,C
5009283,-7,C
5009283,-8,C
5009283,-9,X
5009283,-10,C
5009283,-11,C
5009283,-12,C
5009283,-13,C
5009284,0,C
5009284,-1,3
5009284,-2,1
5009284,-3,0
5009285,0,1
5009285,-1,C
5009285,-2,X
5009286,0,C
5009286,-1,0
5009286,-2,X
5009286,-3,0
5009286,-4,C
5009286,-5,C
5009286,-6,0
5009286,-7,1
5009287,0,X
5009287,-1,X
5009287,-2,1
5009287,-3,0
5009287,-4,C
5009287,-5,C
5009287,-6,C
5009287,-7,C
5009287,-8,C
5009287,-9,X
5009287,-10,C
5009287,-11,C
5009287,-12,0
5009287,-13,C
5009287,-14,C
5009287,-15,X
5009287,-16,C
5009287,-17,X
5009287,-18,C
5009287,-19,X
5009288,0,X
5009288,-1,C
5009288,-2,X
5009288,-3,X
5009288,-4,C
5009288,-5,C
5009288,-6,C
5009289,0,C
5009289,-1,0
5009289,-2,C
5009289,-3,0
5009289,-4,C
5009289,-5,C
5009289,-6,C
5009289,-7,X
5009289,-8,0
5009289,-9,0
5009289,-10,C
5009290,0,0
5009290,-1,C
5009290,-2,X
5009290,-3,X
5009290,-4,0
5009290,-5,C
5009290,-6,0
5009290,-7,C
5009290,-8,X
5009290,-9,0
5009290,-10,C
5009290,-11,C
5009290,-12,1
5009290,-13,X
5009290,-14,C
5009290,-15,C
5009290,-16,C
5009291,0,C
5009291,-1,C
5009291,-2,X
5009291,-3,0
5009291,-4,0
5009292,0,C
5009292,-1,C
5009292,-2,0
5009292,-3,0
5009292,-4,X
5009292,-5,0
5009292,-6,0
5009292,-7,C
5009292,-8,C
5009292,-9,C
5009292,-10,C
5009292,-11,0
5009293,0,C
5009293,-1,C
5009293,-2,X
5009293,-3,X
5009293,-4,X
5009293,-5,C
5009293,-6,C
5009293,-7,C
5009293,-8,1
5009293,-9,X
5009293,-10,0
5009293,-11,C
5009293,-12,1
5009293,-13,C
5009293,-14,X
5009293,-15,C
5009293,-16,C
5009293,-17,C
5009293,-18,X
5009293,-19,0
5009294,0,0
5009294,-1,0
5009294,-2,0
5009294,-3,C
5009294,-4,X
5009294,-5,C
5009294,-6,C
5009294,-7,C
5009294,-8,C
5009294,-9,C
5009294,-10,C
5009295,0,X
5009295,-1,C
5009295,-2,X
5009296,0,X
5009296,-1,C
5009296,-2,X
5009296,-3,X
5009296,-4,C
5009296,-5,C
5009296,-6,X
5009296,-7,X
5009296,-8,C
5009296,-9,C
5009296,-10,C
5009296,-11,C
5009296,-12,C
5009296,-13,C
5009296,-14,0
5009296,-15,C
5009297,0,C
5009297,-1,C
5009297,-2,C
5009297,-3,0
5009297,-4,C
5009298,0,X
5009298,-1,X
5009298,-2,C
5009298,-3,C
5009298,-4,C
5009298,-5,C
5009298,-6,C
5009298,-7,C
5009298,-8,X
5009298,-9,X
5009298,-10,0
5009298,-11,C
5009299,0,0
5009299,-1,C
5009299,-2,0
5009299,-3,0
5009299,-4,X
5009299,-5,X
5009299,-6,C
5009299,-7,C
5009299,-8,C
5009299,-9,C
5009299,-10,X
5009299,-11,0
5009299,-12,C
5009299,-13,C
5009299,-14,C
5009299,-15,C
5009299,-16,C
5009299,-17,C
5009300,0,C
5009300,-1,X
5009300,-2,C
5009300,-3,C
5009300,-4,0
5009300,-5,0
5009300,-6,C
5009300,-7,0
5009300,-8,X
5009300,-9,C
5009300,-10,C
5009300,-11,C
5009300,-12,C
5009300,-13,C
5009300,-14,0
5009300,-15,C
5009300,-16,C
5009300,-17,0
5009300,-18,X
5009300,-19,C
5009300,-20,C
5009300,-21,C
5009301,0,X
5009301,-1,0
5009301,-2,X
5009301,-3,C
5009301,-4,C
5009301,-5,0
5009301,-6,C
5009301,-7,C
5009301,-8,C
5009301,-9,0
5009301,-10,X
5009301,-11,C
5009301,-12,C
5009301,-13,C
5009301,-14,0
5009301,-15,X
5009301,-16,0
5009301,-17,C
5009301,-18,C
5009301,-19,C
5009301,-20,0
5009301,-21,C
5009301,-22,C
5009302,0,C
5009302,-1,C
5009302,-2,X
5009302,-3,C
5009302,-4,1
5009302,-5,C
5009302,-6,C
5009302,-7,C
5009302,-8,C
5009302,-9,C
5009302,-10,C
5009302,-11,0
5009302,-12,X
5009302,-13,X
5009302,-14,C
5009302,-15,0
5009302,-16,0
5009302,-17,C
5009302,-18,C
5009302,-19,C
5009302,-20,X
5009303,0,C
5009303,-1,C
5009303,-2,C
5009303,-3,C
5009303,-4,X
5009303,-5,C
5009303,-6,C
5009303,-7,C
5009303,-8,C
5009303,-9,0
5009303,-10,X
5009303,-11,C
5009303,-12,C
5009303,-13,C
5009303,-14,C
5009303,-15,0
5009303,-16,X
5009303,-17,0
5009303,-18,C
5009303,-19,0
5009303,-20,C
5009304,0,0
5009304,-1,X
5009304,-2,X
5009305,0,C
5009305,-1,0
5009305,-2,C
5009305,-3,0
5009305,-4,C
5009305,-5,0
5009305,-6,C
5009305,-7,C
5009305,-8,X
5009305,-9,C
5009306,0,C
5009306,-1,C
5009306,-2,C
5009306,-3,C
5009306,-4,C
5009307,0,1
5009307,-1,4
5009307,-2,0
5009307,-3,1
5009307,-4,1
5009307,-5,X
5009308,0,0
5009308,-1,C
5009308,-2,C
5009308,-3,C
5009308,-4,C
5009308,-5,C
5009308,-6,C
5009308,-7,0
5009308,-8,C
5009308,-9,C
5009308,-10,0
5009308,-11,C
5009308,-12,C
5009308,-13,0
5009308,-14,C
5009308,-15,X
5009308,-16,C
5009309,0,C
5009309,-1,C
5009309,-2,C
5009309,-3,C
5009309,-4,C
5009309,-5,X
5009309,-6,0
5009309,-7,C
5009309,-8,X
5009309,-9,C
5009309,-10,C
5009309,-11,C
5009309,-12,C
5009309,-13,C
5009309,-14,C
5009309,-15,X
5009309,-16,X
5009309,-17,C
5009309,-18,C
5009309,-19,0
5009309,-20,X
5009309,-21,C
5009310,0,C
5009310,-1,C
5009310,-2,C
5009310,-3,0
5009310,-4,X
5009310,-5,C
5009310,-6,C
5009310,-7,0
5009310,-8,C
5009310,-9,0
5009310,-10,0
5009310,-11,C
5009310,-12,0
5009310,-13,X
5009310,-14,X
5009310,-15,0
5009311,0,C
5009311,-1,C
5009311,-2,C
5009311,-3,X
5009311,-4,X
5009312,0,C
5009312,-1,0
5009312,-2,0
5009312,-3,X
5009312,-4,C
5009312,-5,C
5009312,-6,X
5009312,-7,0
5009312,-8,C
5009312,-9,C
5009312,-10,C
5009312,-11,1
5009312,-12,0
5009312,-13,0
5009312,-14,C
5009312,-15,C
5009312,-16,0
5009312,-17,X
5009312,-18,C
5009312,-19,C
5009312,-20,C
5009312,-21,0
5009313,0,C
5009313,-1,0
5009313,-2,0
5009313,-3,0
5009313,-4,C
5009313,-5,0
5009313,-6,C
5009313,-7,1
5009314,0,C
5009314,-1,0
5009314,-2,C
5009314,-3,0
5009314,-4,C
5009314,-5,C
5009314,-6,0
5009314,-7,C
5009314,-8,C
5009314,-9,C
5009314,-10,X
5009314,-11,X
5009314,-12,X
5009314,-13,C
5009315,0,C
5009315,-1,C
5009315,-2,C
5009315,-3,C
5009315,-4,X
5009315,-5,C
5009315,-6,0
5009315,-7,X
5009315,-8,0
5009315,-9,C
5009315,-10,C
5009315,-11,0
5009315,-12,0
5009315,-13,C
5009315,-14,X
5009315,-15,0
5009315,-16,0
5009315,-17,0
5009315,-18,0
5009315,-19,0
5009315,-20,C
5009316,0,0
5009316,-1,X
5009316,-2,X
5009316,-3,C
5009316,-4,X
5009316,-5,C
5009316,-6,C
5009316,-7,C
5009316,-8,C
5009316,-9,C
5009316,-10,0
5009316,-11,C
5009316,-12,C
5009317,0,C
5009317,-1,C
5009317,-2,X
5009317,-3,0
5009317,-4,0
5009317,-5,X
5009317,-6,0
5009317,-7,C
5009317,-8,0
5009318,0,C
5009318,-1,0
5009318,-2,C
5009318,-3,0
5009318,-4,C
5009318,-5,X
5009318,-6,C
5009318,-7,C
5009318,-8,X
5009318,-9,X
5009318,-10,C
5009318,-11,C
5009318,-12,X
5009318,-13,0
5009318,-14,1
5009318,-15,C
5009318,-16,C
5009318,-17,C
5009318,-18,0
5009318,-19,C
5009318,-20,C
5009319,0,C
5009319,-1,0
5009319,-2,C
5009319,-3,C
5009319,-4,0
5009319,-5,C
5009319,-6,C
5009319,-7,X
5009319,-8,X
5009319,-9,0
5009319,-10,0
5009320,0,C
5009320,-1,C
5009320,-2,1
5009320,-3,0
5009320,-4,0
5009320,-5,C
5009320,-6,0
5009320,-7,C
5009320,-8,0
5009320,-9,X
5009320,-10,C
5009320,-11,0
5009320,-12,C
5009320,-13,0
5009320,-14,0
5009320,-15,0
5009321,0,C
5009321,-1,C
5009321,-2,X
5009321,-3,C
5009321,-4,0
5009321,-5,C
5009321,-6,0
5009321,-7,X
5009321,-8,C
5009322,0,C
5009322,-1,C
5009322,-2,C
5009322,-3,C
5009322,-4,X
5009322,-5,X
5009322,-6,C
5009322,-7,C
5009322,-8,0
5009322,-9,C
5009322,-10,X
5009322,-11,C
5009322,-12,C
5009322,-13,X
5009322,-14,0
5009322,-15,C
5009322,-16,C
5009322,-17,C
5009322,-18,C
5009322,-19,0
5009322,-20,0
5009322,-21,0
5009322,-22,C
5009323,0,C
5009323,-1,0
5009323,-2,C
5009324,0,0
5009324,-1,X
5009324,-2,X
5009324,-3,0
5009324,-4,C
5009324,-5,0
5009324,-6,C
5009324,-7,X
5009324,-8,X
5009324,-9,X
5009324,-10,0
5009324,-11,C
5009324,-12,C
5009324,-13,C
5009325,0,C
5009325,-1,C
5009325,-2,C
5009325,-3,X
5009325,-4,C
5009325,-5,C
5009325,-6,C
5009325,-7,X
5009325,-8,X
5009325,-9,C
5009325,-10,X
5009326,0,C
5009326,-1,X
5009326,-2,C
5009326,-3,X
5009326,-4,C
5009326,-5,0
5009326,-6,X
5009326,-7,C
5009326,-8,C
5009326,-9,C
5009326,-10,0
5009326,-11,C
5009326,-12,C
5009326,-13,C
5009326,-14,0
5009326,-15,C
5009326,-16,0
5009327,0,C
5009327,-1,0
5009327,-2,X
5009327,-3,X
5009327,-4,0
5009327,-5,C
5009327,-6,C
5009327,-7,C
5009327,-8,C
5009327,-9,0
5009327,-10,C
5009327,-11,0
5009327,-12,0
5009327,-13,C
5009327,-14,X
5009327,-15,C
5009327,-16,0
5009327,-17,C
5009327,-18,X
5009327,-19,0
5009327,-20,C
5009327,-21,C
5009327,-22,C
5009327,-23,C
5009328,0,0
5009328,-1,C
5009328,-2,0
5009328,-3,C
5009328,-4,C
5009328,-5,C
5009328,-6,X
5009328,-7,X
5009328,-8,C
5009328,-9,C
5009328,-10,C
5009328,-11,C
5009328,-12,C
5009329,0,X
5009329,-1,X
5009329,-2,0
5009329,-3,C
5009329,-4,C
5009329,-5,C
5009329,-6,C
5009329,-7,C
5009329,-8,0
5009329,-9,C
5009330,0,X
5009330,-1,X
5009330,-2,C
5009330,-3,C
5009330,-4,X
5009331,0,C
5009331,-1,0
5009331,-2,C
5009331,-3,C
5009331,-4,X
5009331,-5,C
5009331,-6,0
5009331,-7,C
5009331,-8,C
5009332,0,X
5009332,-1,X
5009332,-2,C
5009332,-3,C
5009332,-4,C
5009332,-5,0
5009332,-6,C
5009332,-7,C
5009332,-8,0
5009332,-9,C
5009332,-10,C
5009332,-11,C
5009332,-12,C
5009332,-13,0
5009332,-14,C
5009332,-15,C
5009332,-16,0
5009332,-17,X
5009332,-18,X
5009332,-19,C
5009332,-20,0
5009333,0,C
5009333,-1,0
5009333,-2,X
5009333,-3,0
5009333,-4,C
5009333,-5,C
5009333,-6,C
5009333,-7,C
5009333,-8,0
5009333,-9,0
5009333,-10,C
5009333,-11,0
5009333,-12,C
5009333,-13,C
5009333,-14,X
5009333,-15,C
5009333,-16,X
5009333,-17,C
5009333,-18,C
5009333,-19,X
5009333,-20,C
5009333,-21,0
5009333,-22,C
5009334,0,2
5009334,-1,0
5009334,-2,X
5009334,-3,1
5009334,-4,0
5009334,-5,3
5009334,-6,4
5009335,0,C
5009335,-1,0
5009335,-2,X
5009335,-3,1
5009335,-4,C
5009335,-5,X
5009335,-6,0
5009335,-7,0
5009335,-8,C
5009335,-9,C
5009335,-10,X
5009335,-11,X
5009335,-12,C
5009335,-13,C
5009335,-14,X
5009335,-15,C
5009335,-16,C
5009335,-17,0
5009335,-18,C
5009335,-19,C
5009335,-20,X
5009335,-21,X
5009335,-22,X
5009335,-23,C
5009336,0,C
5009336,-1,X
5009336,-2,C
5009336,-3,C
5009336,-4,0
5009336,-5,C
5009336,-6,C
5009336,-7,X
5009336,-8,X
5009336,-9,C
5009336,-10,0
5009337,0,C
5009337,-1,C
5009337,-2,C
5009337,-3,C
5009337,-4,1
5009337,-5,0
5009337,-6,C
5009337,-7,C
5009338,0,C
5009338,-1,C
5009338,-2,C
5009338,-3,C
5009338,-4,X
5009338,-5,C
5009338,-6,0
5009338,-7,C
5009338,-8,0
5009338,-9,C
5009338,-10,C
5009338,-11,0
5009338,-12,0
5009338,-13,C
5009338,-14,C
5009338,-15,C
5009338,-16,C
5009338,-17,X
5009338,-18,0
5009338,-19,X
5009338,-20,0
5009338,-21,0
5009338,-22,X
5009338,-23,0
5009339,0,C
5009339,-1,C
5009339,-2,X
5009339,-3,C
5009339,-4,C
5009339,-5,C
5009339,-6,C
5009339,-7,C
5009339,-8,C
5009340,0,C
5009340,-1,0
5009340,-2,0
5009340,-3,0
5009340,-4,1
5009340,-5,C
5009340,-6,C
5009340,-7,0
5009340,-8,0
5009340,-9,C
5009340,-10,C
5009341,0,X
5009341,-1,0
5009341,-2,C
5009341,-3,C
5009341,-4,0
5009341,-5,C
5009341,-6,C
5009341,-7,C
5009341,-8,0
5009341,-9,X
5009341,-10,C
5009341,-11,0
5009341,-12,X
5009341,-13,C
5009341,-14,C
5009341,-15,C
5009341,-16,0
5009341,-17,X
5009342,0,C
5009342,-1,C
5009342,-2,C
5009342,-3,0
5009342,-4,0
5009342,-5,C
5009342,-6,X
5009342,-7,X
5009342,-8,C
5009342,-9,C
5009342,-10,C
5009342,-11,0
5009342,-12,C
5009342,-13,X
5009342,-14,0
5009342,-15,0
5009342,-16,X
5009342,-17,C
5009342,-18,C
5009342,-19,0
5009343,0,C
5009343,-1,0
5009343,-2,0
5009343,-3,C
5009343,-4,C
5009343,-5,0
5009343,-6,C
5009343,-7,C
5009343,-8,C
5009344,0,C
5009344,-1,X
5009344,-2,X
5009344,-3,0
5009344,-4,0
5009344,-5,C
5009344,-6,0
5009344,-7,0
5009344,-8,C
5009344,-9,X
5009344,-10,0
5009344,-11,C
5009344,-12,0
5009344,-13,C
5009344,-14,X
5009344,-15,0
5009344,-16,0
5009344,-17,X
5009344,-18,C
5009344,-19,0
5009344,-20,C
5009345,0,X
5009345,-1,C
5009345,-2,C
5009345,-3,0
5009345,-4,C
5009345,-5,X
5009345,-6,X
5009345,-7,X
5009345,-8,0
5009345,-9,C
5009346,0,C
5009346,-1,C
5009346,-2,0
5009346,-3,0
5009346,-4,X
5009346,-5,0
5009346,-6,0
5009346,-7,1
5009346,-8,0
5009346,-9,0
5009346,-10,0
5009346,-11,0
5009346,-12,C
5009346,-13,1
5009346,-14,0
5009346,-15,C
5009346,-16,0
5009346,-17,X
5009346,-18,0
5009346,-19,X
5009346,-20,0
5009346,-21,C
5009346,-22,X
5009347,0,X
5009347,-1,X
5009347,-2,C
5009347,-3,C
5009347,-4,X
5009347,-5,1
5009347,-6,0
5009347,-7,C
5009347,-8,C
5009348,0,0
5009348,-1,C
5009348,-2,C
5009348,-3,0
5009348,-4,C
5009348,-5,C
5009348,-6,C
5009348,-7,0
5009348,-8,X
5009348,-9,C
5009348,-10,0
5009348,-11,C
5009348,-12,X
5009348,-13,0
5009348,-14,C
5009348,-15,0
5009349,0,0
5009349,-1,X
5009349,-2,C
5009349,-3,0
5009349,-4,C
5009349,-5,0
5009349,-6,X
5009349,-7,C
5009349,-8,C
5009349,-9,X
5009349,-10,C
5009349,-11,C
5009349,-12,C
5009349,-13,0
5009349,-14,X
5009349,-15,X
5009349,-16,X
5009349,-17,C
5009349,-18,C
5009350,0,C
5009350,-1,X
5009350,-2,X
5009350,-3,X
5009350,-4,0
5009350,-5,0
5009350,-6,C
5009350,-7,C
5009350,-8,X
5009350,-9,0
5009350,-10,X
5009350,-11,C
5009350,-12,C
5009351,0,C
5009351,-1,C
5009351,-2,0
5009351,-3,0
5009351,-4,C
5009351,-5,C
5009351,-6,0
5009351,-7,0
5009351,-8,C
5009351,-9,0
5009351,-10,C
5009351,-11,C
5009351,-12,C
5009351,-13,0
5009351,-14,0
5009351,-15,C
5009351,-16,C
5009351,-17,0
5009352,0,C
5009352,-1,X
5009352,-2,X
5009352,-3,0
5009352,-4,C
5009352,-5,0
5009352,-6,0
5009352,-7,0
5009352,-8,C
5009352,-9,C
5009352,-10,X
5009352,-11,C
5009352,-12,C
5009353,0,C
5009353,-1,C
5009353,-2,X
5009353,-3,0
5009353,-4,C
5009353,-5,X
5009353,-6,C
5009353,-7,X
5009353,-8,X
5009353,-9,X
5009353,-10,C
5009353,-11,0
5009353,-12,C
5009353,-13,X
5009353,-14,1
5009353,-15,X
5009353,-16,X
5009353,-17,0
5009353,-18,X
5009354,0,2
5009354,-1,X
5009354,-2,1
5009354,-3,C
5009354,-4,1
5009354,-5,2
5009355,0,X
5009355,-1,2
5009355,-2,C
5009355,-3,1
5009355,-4,1
5009355,-5,X
5009355,-6,X
5009355,-7,0
5009355,-8,X
5009355,-9,1
5009355,-10,2
5009356,0,C
5009356,-1,0
5009356,-2,C
5009357,0,C
5009357,-1,0
5009357,-2,0
5009357,-3,0
5009357,-4,0
5009357,-5,X
5009357,-6,C
5009357,-7,C
5009357,-8,0
5009357,-9,C
5009357,-10,C
5009357,-11,0
5009357,-12,0
5009357,-13,C
5009357,-14,C
5009357,-15,0
5009357,-16,C
5009357,-17,0
5009357,-18,C
5009357,-19,X
5009357,-20,C
5009357,-21,C
5009357,-22,X
5009358,0,X
5009358,-1,0
5009358,-2,C
5009358,-3,0
5009358,-4,X
5009358,-5,C
5009358,-6,C
5009358,-7,X
5009358,-8,C
5009358,-9,C
5009358,-10,C
5009358,-11,0
5009358,-12,C
5009358,-13,X
5009358,-14,0
5009358,-15,0
5009359,0,C
5009359,-1,0
5009359,-2,C
5009359,-3,0
5009359,-4,C
5009359,-5,C
5009359,-6,C
5009359,-7,0
5009359,-8,C
5009359,-9,0
5009359,-10,C
5009359,-11,X
5009359,-12,C
5009359,-13,C
5009359,-14,C
5009359,-15,C
5009360,0,0
5009360,-1,X
5009360,-2,C
5009360,-3,C
5009360,-4,X
5009360,-5,C
5009360,-6,C
5009360,-7,C
5009360,-8,0
5009360,-9,0
5009360,-10,C
5009360,-11,C
5009360,-12,0
5009360,-13,C
5009360,-14,0
5009361,0,0
5009361,-1,C
5009361,-2,C
5009361,-3,0
5009361,-4,C
5009361,-5,X
5009361,-6,C
5009361,-7,X
5009361,-8,C
5009361,-9,0
5009361,-10,0
5009361,-11,C
5009361,-12,C
5009361,-13,1
5009361,-14,C
5009361,-15,C
5009361,-16,C
5009361,-17,C
5009361,-18,0
5009361,-19,C
5009361,-20,C
5009361,-21,C
5009361,-22,0
5009361,-23,0
5009362,0,C
5009362,-1,C
5009362,-2,C
5009362,-3,0
5009362,-4,0
5009362,-5,0
5009362,-6,X
5009362,-7,C
5009362,-8,0
5009362,-9,C
5009362,-10,X
5009362,-11,X
5009362,-12,C
5009362,-13,0
5009362,-14,C
5009362,-15,C
5009362,-16,X
5009362,-17,C
5009362,-18,C
5009362,-19,X
5009362,-20,X
5009363,0,1
5009363,-1,C
5009363,-2,C
5009363,-3,X
5009363,-4,C
5009363,-5,C
5009363,-6,0
5009363,-7,C
5009363,-8,C
5009363,-9,C
5009363,-10,X
5009363,-11,X
5009364,0,0
5009364,-1,X
5009364,-2,0
5009364,-3,C
5009364,-4,C
5009364,-5,0
5009364,-6,0
5009364,-7,C
5009364,-8,C
5009364,-9,C
5009365,0,0
5009365,-1,X
5009365,-2,0
5009365,-3,0
5009365,-4,1
5009365,-5,2
5009365,-6,0
5009365,-7,X
5009366,0,X
5009366,-1,X
5009366,-2,C
5009366,-3,X
5009366,-4,X
5009366,-5,X
5009367,0,0
5009367,-1,C
5009367,-2,0
5009367,-3,0
5009367,-4,0
5009367,-5,0
5009367,-6,X
5009367,-7,X
5009367,-8,C
5009367,-9,C
5009367,-10,X
5009367,-11,0
5009367,-12,C
5009368,0,C
5009368,-1,C
5009368,-2,C
5009368,-3,0
5009368,-4,C
5009368,-5,C
5009368,-6,0
5009368,-7,C
5009368,-8,C
5009368,-9,C
5009368,-10,C
5009368,-11,1
5009368,-12,C
5009368,-13,C
5009368,-14,C
5009368,-15,C
5009368,-16,0
5009368,-17,0
5009368,-18,0
5009368,-19,0
5009368,-20,0
5009368,-21,C
5009368,-22,C
5009368,-23,0
5009369,0,X
5009369,-1,X
5009369,-2,0
5009369,-3,C
5009369,-4,C
5009369,-5,X
5009369,-6,0
5009369,-7,C
5009369,-8,C
5009369,-9,X
5009369,-10,C
5009370,0,3
5009370,-1,1
5009370,-2,4
5009370,-3,0
5009370,-4,0
5009370,-5,C
5009370,-6,0
5009370,-7,2
5009370,-8,2
5009370,-9,2
5009371,0,0
5009371,-1,0
5009371,-2,C
5009371,-3,C
5009371,-4,0
5009371,-5,0
5009371,-6,0
5009372,0,0
5009372,-1,X
5009372,-2,X
5009372,-3,0
5009372,-4,C
5009372,-5,C
5009372,-6,0
5009372,-7,X
5009372,-8,X
5009372,-9,C
5009373,0,C
5009373,-1,C
5009373,-2,0
5009373,-3,C
5009373,-4,C
5009373,-5,0
5009373,-6,C
5009373,-7,C
5009373,-8,C
5009373,-9,0
5009374,0,C
5009374,-1,X
5009374,-2,C
5009374,-3,C
5009374,-4,X
5009374,-5,0
5009374,-6,X
5009374,-7,C
5009374,-8,C
5009374,-9,0
5009374,-10,C
5009374,-11,C
5009374,-12,C
5009374,-13,X
5009374,-14,C
5009374,-15,0
5009374,-16,0
5009375,0,X
5009375,-1,X
5009375,-2,C
5009375,-3,X
5009375,-4,C
5009375,-5,C
5009375,-6,C
5009375,-7,X
5009376,0,X
5009376,-1,C
5009376,-2,0
5009376,-3,C
5009376,-4,C
5009376,-5,C
5009376,-6,0
5009376,-7,X
5009376,-8,0
5009376,-9,C
5009376,-10,X
5009376,-11,0
5009376,-12,0
5009376,-13,C
5009376,-14,0
5009376,-15,C
5009376,-16,C
5009377,0,X
5009377,-1,C
5009377,-2,C
5009377,-3,C
5009377,-4,C
5009377,-5,0
5009377,-6,C
5009377,-7,C
5009377,-8,C
5009377,-9,X
5009377,-10,C
5009377,-11,C
5009377,-12,X
5009377,-13,C
5009377,-14,X
5009378,0,C
5009378,-1,C
5009378,-2,C
5009378,-3,C
5009378,-4,C
5009379,0,C
5009379,-1,X
5009379,-2,0
5009380,0,C
5009380,-1,X
5009380,-2,0
5009380,-3,0
5009380,-4,C
5009380,-5,C
5009380,-6,C
5009380,-7,X
5009380,-8,X
5009380,-9,C
5009380,-10,C
5009380,-11,C
5009380,-12,0
5009380,-13,C
5009380,-14,X
5009380,-15,0
5009380,-16,C
5009380,-17,C
5009380,-18,X
5009380,-19,X
5009381,0,X
5009381,-1,0
5009381,-2,C
5009381,-3,C
5009381,-4,X
5009382,0,0
5009382,-1,X
5009382,-2,C
5009382,-3,C
5009382,-4,0
5009382,-5,C
5009382,-6,C
5009382,-7,C
5009382,-8,C
5009382,-9,X
5009383,0,C
5009383,-1,X
5009383,-2,X
5009384,0,C
5009384,-1,0
5009384,-2,0
5009384,-3,X
5009384,-4,C
5009384,-5,0
5009384,-6,C
5009384,-7,C
5009384,-8,0
5009384,-9,C
5009385,0,C
5009385,-1,X
5009385,-2,X
5009386,0,1
5009386,-1,0
5009386,-2,X
5009386,-3,C
5009386,-4,X
5009386,-5,0
5009386,-6,X
5009386,-7,C
5009386,-8,C
5009386,-9,C
5009386,-10,C
5009386,-11,C
5009386,-12,X
5009386,-13,C
5009386,-14,C
5009386,-15,C
5009386,-16,C
5009386,-17,C
5009387,0,C
5009387,-1,0
5009387,-2,0
5009387,-3,X
5009387,-4,0
5009387,-5,C
5009387,-6,C
5009387,-7,C
5009387,-8,X
5009387,-9,C
5009387,-10,C
5009387,-11,0
5009387,-12,0
5009387,-13,X
5009387,-14,0
5009387,-15,C
5009387,-16,C
5009387,-17,C
5009387,-18,X
5009387,-19,C
5009388,0,C
5009388,-1,C
5009388,-2,C
5009388,-3,C
5009388,-4,C
5009388,-5,C
5009388,-6,0
5009388,-7,0
5009388,-8,X
5009388,-9,X
5009388,-10,X
5009388,-11,0
5009388,-12,0
5009389,0,C
5009389,-1,C
5009389,-2,C
5009389,-3,0
5009389,-4,0
5009389,-5,C
5009389,-6,C
5009389,-7,C
5009389,-8,C
5009389,-9,C
5009389,-10,C
5009389,-11,X
5009389,-12,0
5009389,-13,C
5009390,0,C
5009390,-1,C
5009390,-2,X
5009390,-3,0
5009391,0,X
5009391,-1,0
5009391,-2,C
5009391,-3,0
5009391,-4,0
5009391,-5,C
5009391,-6,C
5009391,-7,0
5009391,-8,C
5009391,-9,0
5009391,-10,C
5009391,-11,0
5009392,0,X
5009392,-1,C
5009392,-2,X
5009392,-3,C
5009392,-4,C
5009392,-5,C
5009393,0,0
5009393,-1,C
5009393,-2,0
5009393,-3,C
5009393,-4,C
5009393,-5,C
5009393,-6,C
5009393,-7,X
5009393,-8,X
5009393,-9,X
5009393,-10,0
5009393,-11,0
5009393,-12,C
5009393,-13,X
5009393,-14,0
5009393,-15,C
5009393,-16,C
5009393,-17,X
5009393,-18,C
5009393,-19,X
5009394,0,0
5009394,-1,X
5009394,-2,C
5009394,-3,C
5009394,-4,0
5009394,-5,0
5009394,-6,C
5009394,-7,0
5009394,-8,1
5009394,-9,X
5009394,-10,X
5009394,-11,C
5009394,-12,0
5009394,-13,C
5009394,-14,X
5009395,0,0
5009395,-1,C
5009395,-2,0
5009395,-3,X
5009396,0,X
5009396,-1,C
5009396,-2,X
5009396,-3,C
5009396,-4,C
5009397,0,X
5009397,-1,C
5009397,-2,X
5009397,-3,1
5009397,-4,C
5009398,0,C
5009398,-1,C
5009398,-2,X
5009398,-3,0
5009398,-4,0
5009398,-5,X
5009398,-6,0
5009398,-7,C
5009398,-8,C
5009398,-9,X
5009398,-10,X
5009398,-11,C
5009398,-12,C
5009398,-13,0
5009398,-14,C
5009398,-15,C
5009398,-16,C
5009398,-17,0
5009399,0,C
5009399,-1,0
5009399,-2,X
5009399,-3,X
5009399,-4,C
5009399,-5,0
5009399,-6,0
5009399,-7,C
5009399,-8,C
5009399,-9,X
5009399,-10,X
5009399,-11,0
5009399,-12,0
5009399,-13,C
5009399,-14,C
5009399,-15,1
5009400,0,C
5009400,-1,C
5009400,-2,0
5009400,-3,0
5009400,-4,C
5009400,-5,C
5009401,0,C
5009401,-1,X
5009401,-2,X
5009401,-3,C
5009401,-4,0
5009401,-5,X
5009401,-6,C
5009401,-7,0
5009401,-8,C
5009401,-9,0
5009401,-10,0
5009401,-11,X
5009401,-12,0
5009401,-13,C
5009401,-14,X
5009401,-15,0
5009402,0,0
5009402,-1,X
5009402,-2,C
5009402,-3,C
5009402,-4,1
5009402,-5,C
5009403,0,C
5009403,-1,C
5009403,-2,1
5009403,-3,C
5009403,-4,0
5009403,-5,0
5009403,-6,C
5009403,-7,C
5009404,0,C
5009404,-1,C
5009404,-2,0
5009404,-3,C
5009404,-4,X
5009404,-5,C
5009404,-6,C
5009404,-7,C
5009404,-8,C
5009404,-9,C
5009404,-10,X
5009404,-11,C
5009404,-12,C
5009405,0,X
5009405,-1,0
5009405,-2,X
5009405,-3,0
5009405,-4,C
5009405,-5,0
5009405,-6,1
5009405,-7,C
5009405,-8,X
5009405,-9,C
5009406,0,C
5009406,-1,0
5009406,-2,C
5009406,-3,X
5009406,-4,0
5009406,-5,C
5009406,-6,0
5009406,-7,C
5009406,-8,0
5009406,-9,1
5009406,-10,0
5009406,-11,C
5009406,-12,C
5009407,0,0
5009407,-1,C
5009407,-2,0
5009407,-3,C
5009407,-4,C
5009407,-5,0
5009407,-6,C
5009407,-7,X
5009408,0,C
5009408,-1,C
5009408,-2,0
5009408,-3,0
5009408,-4,X
5009408,-5,C
5009408,-6,C
5009408,-7,C
5009408,-8,0
5009408,-9,X
5009408,-10,C
5009408,-11,0
5009408,-12,C
5009408,-13,C
5009408,-14,X
5009408,-15,C
5009408,-16,0
5009408,-17,C
5009408,-18,X
5009408,-19,X
5009408,-20,C
5009408,-21,0
5009409,0,C
5009409,-1,C
5009409,-2,0
5009409,-3,X
5009409,-4,0
5009409,-5,X
5009409,-6,C
5009409,-7,C
5009409,-8,C
5009409,-9,0
5009409,-10,C
5009409,-11,X
5009409,-12,0
5009409,-13,C
5009409,-14,C
5009409,-15,C
5009409,-16,0
5009410,0,C
5009410,-1,0
5009410,-2,C
5009410,-3,C
5009410,-4,C
5009410,-5,C
5009410,-6,C
5009410,-7,C
5009410,-8,C
5009410,-9,0
5009410,-10,C
5009410,-11,X
5009410,-12,X
5009410,-13,0
5009410,-14,0
5009410,-15,C
5009410,-16,X
5009410,-17,0
5009410,-18,0
5009410,-19,C
5009410,-20,0
5009410,-21,C
5009411,0,0
5009411,-1,C
5009411,-2,C
5009411,-3,C
5009411,-4,0
5009411,-5,C
5009411,-6,0
5009411,-7,C
5009412,0,0
5009412,-1,C
5009412,-2,X
5009412,-3,X
5009412,-4,C
5009412,-5,C
5009412,-6,0
5009412,-7,0
5009412,-8,C
5009412,-9,X
5009412,-10,C
5009412,-11,C
5009412,-12,0
5009412,-13,C
5009412,-14,X
5009412,-15,X
5009412,-16,X
5009412,-17,0
5009412,-18,C
5009412,-19,C
5009413,0,C
5009413,-1,C
5009413,-2,C
5009413,-3,X
5009413,-4,X
5009413,-5,C
5009413,-6,C
5009413,-7,C
5009413,-8,C
5009413,-9,X
5009413,-10,C
5009413,-11,C
5009413,-12,C
5009413,-13,X
5009413,-14,C
5009413,-15,0
5009413,-16,C
5009413,-17,0
5009413,-18,X
5009413,-19,0
5009413,-20,C
5009414,0,C
5009414,-1,X
5009414,-2,C
5009414,-3,X
5009414,-4,1
5009414,-5,C
5009414,-6,0
5009414,-7,C
5009414,-8,C
5009414,-9,C
5009414,-10,X
5009414,-11,0
5009414,-12,C
5009415,0,X
5009415,-1,C
5009415,-2,X
5009415,-3,C
5009415,-4,C
5009415,-5,0
5009415,-6,X
5009415,-7,X
5009416,0,X
5009416,-1,0
5009416,-2,0
5009416,-3,0
5009416,-4,C
5009416,-5,C
5009416,-6,X
5009416,-7,C
5009416,-8,C
5009416,-9,C
5009416,-10,C
5009416,-11,0
5009416,-12,C
5009416,-13,C
5009416,-14,0
5009416,-15,X
5009416,-16,X
5009416,-17,C
5009416,-18,C
5009416,-19,C
5009416,-20,C
5009416,-21,0
5009417,0,C
5009417,-1,X
5009417,-2,0
5009417,-3,X
5009417,-4,0
5009417,-5,C
5009417,-6,C
5009417,-7,C
5009417,-8,0
5009417,-9,C
5009417,-10,0
5009417,-11,0
5009417,-12,X
5009417,-13,C
5009417,-14,C
5009418,0,X
5009418,-1,C
5009418,-2,0
5009419,0,0
5009419,-1,X
5009419,-2,X
5009419,-3,C
5009419,-4,C
5009419,-5,1
5009419,-6,C
5009419,-7,X
5009419,-8,C
5009419,-9,X
5009419,-10,0
5009419,-11,X
5009419,-12,0
5009419,-13,C
5009419,-14,C
5009419,-15,X
5009419,-16,0
5009419,-17,C
5009419,-18,C
5009419,-19,C
5009419,-20,C
5009419,-21,X
5009419,-22,C
5009420,0,0
5009420,-1,C
5009420,-2,C
5009420,-3,X
5009420,-4,C
5009420,-5,0
5009420,-6,1
5009420,-7,0
5009420,-8,X
5009420,-9,C
5009420,-10,C
5009420,-11,0
5009420,-12,C
5009420,-13,X
5009420,-14,X
5009420,-15,C
5009420,-16,C
5009420,-17,0
5009420,-18,C
5009420,-19,0
5009420,-20,X
5009421,0,X
5009421,-1,C
5009421,-2,C
5009421,-3,C
5009421,-4,C
5009421,-5,C
5009421,-6,0
5009421,-7,0
5009421,-8,C
5009421,-9,0
5009421,-10,0
5009421,-11,0
5009421,-12,C
5009421,-13,C
5009421,-14,0
5009421,-15,C
5009422,0,X
5009422,-1,C
5009422,-2,0
5009423,0,X
5009423,-1,C
5009423,-2,X
5009424,0,C
5009424,-1,C
5009424,-2,C
5009424,-3,0
5009424,-4,X
5009424,-5,X
5009424,-6,C
5009424,-7,X
5009424,-8,C
5009424,-9,0
5009424,-10,0
5009424,-11,C
5009424,-12,0
5009424,-13,X
5009424,-14,0
5009424,-15,C
5009424,-16,0
5009424,-17,0
5009424,-18,C
5009424,-19,C
5009424,-20,C
5009424,-21,0
5009424,-22,0
5009424,-23,C
5009425,0,C
5009425,-1,C
5009425,-2,0
5009425,-3,X
5009425,-4,0
5009425,-5,0
5009425,-6,C
5009425,-7,0
5009425,-8,0
5009425,-9,C
5009425,-10,1
5009425,-11,X
5009425,-12,C
5009425,-13,C
5009425,-14,0
5009425,-15,C
5009425,-16,0
5009425,-17,0
5009425,-18,0
5009425,-19,C
5009426,0,X
5009426,-1,0
5009426,-2,C
5009426,-3,X
5009426,-4,X
5009427,0,0
5009427,-1,0
5009427,-2,X
5009427,-3,C
5009427,-4,X
5009427,-5,C
5009427,-6,0
5009427,-7,C
5009427,-8,0
5009427,-9,0
5009427,-10,C
5009427,-11,X
5009427,-12,C
5009427,-13,C
5009427,-14,0
5009427,-15,X
5009428,0,X
5009428,-1,X
5009428,-2,C
5009428,-3,0
5009428,-4,0
5009428,-5,C
5009428,-6,C
5009428,-7,C
5009428,-8,C
5009428,-9,0
5009428,-10,C
5009428,-11,C
5009429,0,0
5009429,-1,C
5009429,-2,C
5009429,-3,C
5009429,-4,X
5009429,-5,C
5009429,-6,X
5009429,-7,X
5009429,-8,0
5009430,0,C
5009430,-1,C
5009430,-2,0
5009430,-3,C
5009430,-4,C
5009430,-5,X
5009430,-6,C
5009430,-7,0
5009430,-8,0
5009430,-9,C
5009431,0,0
5009431,-1,C
5009431,-2,0
5009431,-3,C
5009431,-4,0
5009431,-5,C
5009432,0,C
5009432,-1,0
5009432,-2,C
5009432,-3,C
5009432,-4,C
5009432,-5,X
5009432,-6,0
5009433,0,C
5009433,-1,C
5009433,-2,0
5009433,-3,0
5009433,-4,0
5009433,-5,X
5009433,-6,X
5009433,-7,X
5009433,-8,0
5009433,-9,0
5009433,-10,0
5009433,-11,C
5009433,-12,C
5009433,-13,C
5009433,-14,0
5009433,-15,0
5009433,-16,0
5009433,-17,0
5009433,-18,0
5009433,-19,0
5009433,-20,C
5009433,-21,C
5009434,0,C
5009434,-1,0
5009434,-2,C
5009434,-3,0
5009434,-4,C
5009434,-5,C
5009434,-6,C
5009434,-7,C
5009434,-8,C
5009434,-9,C
5009434,-10,C
5009434,-11,C
5009435,0,C
5009435,-1,X
5009435,-2,0
5009435,-3,X
5009435,-4,C
5009435,-5,0
5009435,-6,0
5009435,-7,0
5009435,-8,C
5009436,0,C
5009436,-1,0
5009436,-2,0
5009436,-3,C
5009436,-4,X
5009436,-5,0
5009436,-6,C
5009436,-7,X
5009436,-8,C
5009436,-9,C
5009436,-10,C
5009436,-11,C
5009436,-12,X
5009436,-13,0
5009436,-14,C
5009436,-15,C
5009436,-16,X
5009436,-17,0
5009436,-18,0
5009437,0,C
5009437,-1,C
5009437,-2,1
5009437,-3,0
5009438,0,0
5009438,-1,X
5009438,-2,0
5009438,-3,C
5009438,-4,C
5009438,-5,C
5009438,-6,X
5009438,-7,X
5009438,-8,X
5009438,-9,0
5009439,0,C
5009439,-1,C
5009439,-2,0
5009439,-3,X
5009439,-4,0
5009440,0,C
5009440,-1,C
5009440,-2,0
5009440,-3,C
5009440,-4,C
5009440,-5,C
5009440,-6,X
5009440,-7,X
5009440,-8,X
5009440,-9,X
5009440,-10,C
5009441,0,C
5009441,-1,X
5009441,-2,0
5009441,-3,0
5009441,-4,X
5009441,-5,C
5009441,-6,X
5009441,-7,0
5009441,-8,0
5009441,-9,C
5009441,-10,C
5009441,-11,X
5009441,-12,C
5009441,-13,X
5009441,-14,X
5009441,-15,C
5009441,-16,C
5009441,-17,C
5009441,-18,C
5009441,-19,0
5009441,-20,X
5009442,0,0
5009442,-1,0
5009442,-2,C
5009442,-3,0
5009442,-4,X
5009442,-5,X
5009442,-6,C
5009442,-7,0
5009442,-8,C
5009442,-9,C
5009442,-10,C
5009442,-11,0
5009442,-12,X
5009442,-13,C
5009442,-14,C
5009442,-15,C
5009443,0,X
5009443,-1,0
5009443,-2,C
5009443,-3,0
5009443,-4,X
5009443,-5,C
5009443,-6,C
5009443,-7,0
5009443,-8,0
5009444,0,1
5009444,-1,0
5009444,-2,C
5009444,-3,3
5009444,-4,3
5009444,-5,X
5009444,-6,2
5009444,-7,2
5009444,-8,0
5009444,-9,0
5009444,-10,0
5009444,-11,C
5009444,-12,3
5009445,0,C
5009445,-1,0
5009445,-2,0
5009445,-3,C
5009445,-4,C
5009445,-5,C
5009445,-6,C
5009445,-7,C
5009445,-8,X
5009445,-9,C
5009445,-10,C
5009445,-11,X
5009445,-12,C
5009445,-13,0
5009445,-14,0
5009445,-15,0
5009446,0,C
5009446,-1,0
5009446,-2,0
5009446,-3,0
5009446,-4,C
5009447,0,C
5009447,-1,X
5009447,-2,C
5009447,-3,X
5009447,-4,X
5009447,-5,0
5009448,0,0
5009448,-1,C
5009448,-2,C
5009448,-3,1
5009448,-4,0
5009448,-5,C
5009448,-6,0
5009448,-7,0
5009448,-8,0
5009448,-9,C
5009448,-10,C
5009448,-11,0
5009448,-12,C
5009448,-13,X
5009448,-14,0
5009448,-15,C
5009448,-16,C
5009448,-17,X
5009448,-18,0
5009448,-19,C
5009448,-20,0
5009448,-21,0
5009448,-22,0
5009448,-23,1
5009449,0,0
5009449,-1,0
5009449,-2,C
5009449,-3,C
5009449,-4,X
5009450,0,0
5009450,-1,C
5009450,-2,X
5009450,-3,C
5009450,-4,C
5009450,-5,0
5009450,-6,0
5009450,-7,0
5009450,-8,0
5009450,-9,0
5009450,-10,C
5009450,-11,C
5009451,0,0
5009451,-1,C
5009451,-2,1
5009451,-3,C
5009451,-4,C
5009451,-5,C
5009451,-6,C
5009451,-7,0
5009451,-8,C
5009451,-9,C
5009451,-10,C
5009451,-11,C
5009451,-12,C
5009451,-13,C
5009451,-14,0
5009451,-15,C
5009451,-16,C
5009451,-17,X
5009452,0,0
5009452,-1,X
5009452,-2,0
5009452,-3,C
5009452,-4,X
5009452,-5,C
5009453,0,C
5009453,-1,0
5009453,-2,0
5009453,-3,C
5009453,-4,0
5009453,-5,C
5009453,-6,0
5009453,-7,C
5009453,-8,X
5009453,-9,0
5009453,-10,X
5009453,-11,C
5009453,-12,C
5009454,0,C
5009454,-1,C
5009454,-2,C
5009454,-3,X
5009454,-4,0
5009454,-5,0
5009454,-6,0
5009454,-7,C
5009454,-8,0
5009454,-9,0
5009454,-10,0
5009454,-11,1
5009454,-12,C
5009454,-13,X
5009454,-14,C
5009454,-15,0
5009454,-16,0
5009454,-17,0
5009454,-18,0
5009454,-19,X
5009454,-20,C
5009454,-21,C
5009455,0,C
5009455,-1,C
5009455,-2,0
5009455,-3,0
5009455,-4,C
5009455,-5,C
5009456,0,0
5009456,-1,C
5009456,-2,X
5009456,-3,C
5009456,-4,X
5009456,-5,0
5009456,-6,0
5009456,-7,C
5009456,-8,C
5009456,-9,C
5009456,-10,X
5009456,-11,0
5009456,-12,C
5009456,-13,C
5009457,0,C
5009457,-1,0
5009457,-2,X
5009457,-3,0
5009457,-4,X
5009457,-5,C
5009457,-6,0
5009457,-7,X
5009457,-8,C
5009457,-9,0
5009458,0,C
5009458,-1,X
5009458,-2,C
5009459,0,C
5009459,-1,C
5009459,-2,C
5009459,-3,0
5009459,-4,X
5009459,-5,0
5009459,-6,C
5009459,-7,C
5009459,-8,C
5009459,-9,C
5009459,-10,0
5009459,-11,C
5009459,-12,X
5009459,-13,X
5009459,-14,0
5009459,-15,X
5009459,-16,0
5009459,-17,C
5009459,-18,X
5009459,-19,X
5009460,0,C
5009460,-1,1
5009460,-2,X
5009460,-3,4
5009460,-4,X
5009460,-5,C
5009460,-6,2
5009460,-7,2
5009460,-8,3
5009460,-9,0
5009460,-10,4
5009460,-11,0
5009460,-12,4
5009460,-13,4
5009460,-14,C
5009461,0,0
5009461,-1,X
5009461,-2,0
5009461,-3,X
5009461,-4,C
5009461,-5,C
5009461,-6,X
5009461,-7,C
5009461,-8,C
5009461,-9,C
5009461,-10,X
5009462,0,C
5009462,-1,X
5009462,-2,X
5009462,-3,0
5009462,-4,C
5009462,-5,0
5009462,-6,C
5009463,0,X
5009463,-1,C
5009463,-2,C
5009463,-3,X
5009463,-4,C
5009463,-5,X
5009463,-6,0
5009463,-7,C
5009463,-8,X
5009463,-9,0
5009463,-10,1
5009463,-11,0
5009463,-12,0
5009463,-13,X
5009463,-14,C
5009463,-15,C
5009463,-16,0
5009463,-17,C
5009463,-18,0
5009463,-19,0
5009463,-20,C
5009463,-21,X
5009464,0,C
5009464,-1,0
5009464,-2,2
5009464,-3,2
5009464,-4,3
5009464,-5,1
5009464,-6,2
5009464,-7,2
5009464,-8,2
5009464,-9,1
5009464,-10,4
5009464,-11,1
5009464,-12,0
5009464,-13,1
5009464,-14,2
5009464,-15,0
5009464,-16,2
5009464,-17,2
5009464,-18,4
5009465,0,C
5009465,-1,C
5009465,-2,C
5009465,-3,C
5009465,-4,0
5009465,-5,C
5009465,-6,X
5009465,-7,0
5009465,-8,C
5009465,-9,C
5009465,-10,X
5009465,-11,C
5009465,-12,C
5009465,-13,X
5009465,-14,0
5009465,-15,0
5009465,-16,C
5009466,0,0
5009466,-1,C
5009466,-2,X
5009466,-3,C
5009466,-4,0
5009466,-5,C
5009466,-6,X
5009466,-7,X
5009466,-8,X
5009466,-9,0
5009466,-10,C
5009466,-11,0
5009466,-12,0
5009466,-13,0
5009466,-14,0
5009466,-15,C
5009467,0,C
5009467,-1,C
5009467,-2,0
5009467,-3,X
5009467,-4,C
5009467,-5,0
5009467,-6,X
5009467,-7,0
5009467,-8,C
5009467,-9,C
5009468,0,X
5009468,-1,C
5009468,-2,C
5009469,0,0
5009469,-1,0
5009469,-2,X
5009469,-3,0
5009469,-4,C
5009469,-5,C
5009469,-6,C
5009469,-7,X
5009469,-8,C
5009469,-9,C
5009469,-10,0
5009469,-11,X
5009469,-12,0
5009469,-13,X
5009469,-14,C
5009469,-15,X
5009469,-16,X
5009469,-17,C
5009470,0,C
5009470,-1,X
5009470,-2,0
5009470,-3,C
5009470,-4,X
5009470,-5,X
5009470,-6,1
5009470,-7,C
5009470,-8,C
5009470,-9,0
5009470,-10,0
5009471,0,X
5009471,-1,C
5009471,-2,C
5009471,-3,C
5009471,-4,C
5009471,-5,0
5009471,-6,C
5009471,-7,C
5009471,-8,X
5009471,-9,C
5009471,-10,C
5009471,-11,C
5009471,-12,X
5009471,-13,C
5009471,-14,0
5009471,-15,C
5009471,-16,0
5009471,-17,X
5009471,-18,C
5009471,-19,0
5009471,-20,0
5009471,-21,C
5009472,0,0
5009472,-1,C
5009472,-2,0
5009472,-3,X
5009472,-4,X
5009472,-5,C
5009472,-6,0
5009472,-7,C
5009472,-8,X
5009473,0,C
5009473,-1,X
5009473,-2,C
5009473,-3,C
5009473,-4,X
5009473,-5,X
5009473,-6,X
5009473,-7,C
5009473,-8,X
5009474,0,2
5009474,-1,3
5009474,-2,4
5009474,-3,0
5009474,-4,2
5009475,0,X
5009475,-1,C
5009475,-2,0
5009475,-3,0
5009475,-4,C
5009475,-5,C
5009475,-6,0
5009475,-7,X
5009475,-8,C
5009475,-9,0
5009475,-10,C
5009475,-11,C
5009476,0,0
5009476,-1,C
5009476,-2,X
5009476,-3,0
5009476,-4,C
5009476,-5,0
5009476,-6,C
5009476,-7,C
5009476,-8,0
5009476,-9,1
5009476,-10,X
5009476,-11,C
5009476,-12,C
5009476,-13,X
5009476,-14,0
5009476,-15,C
5009477,0,X
5009477,-1,C
5009477,-2,X
5009477,-3,C
5009477,-4,X
5009477,-5,1
5009477,-6,C
5009477,-7,0
5009477,-8,0
5009477,-9,C
5009477,-10,X
5009477,-11,0
5009478,0,0
5009478,-1,0
5009478,-2,0
5009478,-3,0
5009478,-4,0
5009479,0,C
5009479,-1,C
5009479,-2,C
5009479,-3,C
5009479,-4,C
5009479,-5,C
5009479,-6,C
5009479,-7,0
5009479,-8,C
5009479,-9,C
5009479,-10,C
5009479,-11,X
5009479,-12,C
5009479,-13,X
5009479,-14,C
5009479,-15,0
5009479,-16,C
5009479,-17,X
5009479,-18,0
5009479,-19,C
5009479,-20,C
5009479,-21,C
5009479,-22,X
5009479,-23,0
5009480,0,X
5009480,-1,C
5009480,-2,C
5009480,-3,C
5009480,-4,C
5009480,-5,X
5009481,0,0
5009481,-1,X
5009481,-2,C
5009481,-3,C
5009481,-4,C
5009481,-5,0
5009482,0,X
5009482,-1,X
5009482,-2,C
5009482,-3,0
5009482,-4,C
5009482,-5,X
5009482,-6,C
5009482,-7,C
5009483,0,X
5009483,-1,C
5009483,-2,C
5009483,-3,C
5009483,-4,0
5009483,-5,C
5009483,-6,0
5009483,-7,C
5009483,-8,0
5009483,-9,C
5009483,-10,0
5009483,-11,X
5009483,-12,X
5009484,0,0
5009484,-1,C
5009484,-2,C
5009484,-3,C
5009484,-4,X
5009484,-5,0
5009484,-6,0
5009484,-7,C
5009484,-8,C
5009484,-9,0
5009484,-10,C
5009484,-11,0
5009484,-12,C
5009484,-13,C
5009484,-14,C
5009484,-15,C
5009485,0,C
5009485,-1,0
5009485,-2,X
5009485,-3,C
5009486,0,X
5009486,-1,C
5009486,-2,X
5009486,-3,0
5009486,-4,X
5009486,-5,X
5009486,-6,C
5009486,-7,C
5009486,-8,0
5009486,-9,C
5009486,-10,X
5009486,-11,C
5009487,0,C
5009487,-1,0
5009487,-2,X
5009487,-3,C
5009487,-4,C
5009487,-5,C
5009487,-6,X
5009487,-7,C
5009487,-8,X
5009487,-9,C
5009487,-10,C
5009487,-11,C
5009487,-12,C
5009488,0,C
5009488,-1,0
5009488,-2,0
5009488,-3,0
5009488,-4,0
5009488,-5,C
5009488,-6,X
5009488,-7,0
5009488,-8,C
5009488,-9,X
5009488,-10,X
5009488,-11,C
5009488,-12,C
5009488,-13,0
5009488,-14,X
5009488,-15,0
5009488,-16,X
5009488,-17,C
5009488,-18,C
5009488,-19,C
5009489,0,0
5009489,-1,X
5009489,-2,C
5009489,-3,C
5009489,-4,C
5009489,-5,C
5009489,-6,0
5009489,-7,1
5009489,-8,C
5009489,-9,0
5009489,-10,C
5009489,-11,0
5009489,-12,X
5009489,-13,C
5009489,-14,0
5009489,-15,0
5009489,-16,C
5009489,-17,C
5009489,-18,X
5009489,-19,0
5009489,-20,X
5009489,-21,1
5009489,-22,X
5009490,0,C
5009490,-1,0
5009490,-2,C
5009490,-3,C
5009490,-4,C
5009490,-5,0
5009490,-6,C
5009490,-7,C
5009490,-8,C
5009490,-9,X
5009490,-10,X
5009490,-11,C
5009491,0,0
5009491,-1,C
5009491,-2,0
5009491,-3,C
5009492,0,C
5009492,-1,X
5009492,-2,0
5009492,-3,C
5009492,-4,X
5009492,-5,C
5009492,-6,0
5009492,-7,C
5009492,-8,0
5009492,-9,X
5009492,-10,0
5009492,-11,X
5009492,-12,0
5009492,-13,0
5009492,-14,C
5009492,-15,C
5009492,-16,C
5009492,-17,1
5009492,-18,0
5009492,-19,C
5009493,0,0
5009493,-1,0
5009493,-2,X
5009493,-3,C
5009493,-4,C
5009493,-5,C
5009493,-6,X
5009493,-7,C
5009493,-8,0
5009493,-9,0
5009493,-10,C
5009493,-11,C
5009493,-12,C
5009493,-13,C
5009493,-14,C
5009493,-15,C
5009493,-16,C
5009493,-17,C
5009493,-18,0
5009493,-19,C
5009493,-20,X
5009493,-21,0
5009493,-22,C
5009493,-23,C
5009494,0,C
5009494,-1,0
5009494,-2,0
5009494,-3,C
5009494,-4,0
5009494,-5,0
5009494,-6,0
5009494,-7,C
5009494,-8,0
5009494,-9,C
5009495,0,C
5009495,-1,C
5009495,-2,C
5009495,-3,0
5009495,-4,0
5009495,-5,0
5009495,-6,C
5009495,-7,C
5009495,-8,0
5009495,-9,C
5009495,-10,C
5009495,-11,C
5009495,-12,0
5009495,-13,C
5009495,-14,1
5009495,-15,C
5009495,-16,0
5009495,-17,C
5009495,-18,X
5009495,-19,C
5009495,-20,0
5009495,-21,C
5009495,-22,0
5009495,-23,0
5009496,0,0
5009496,-1,C
5009496,-2,0
5009496,-3,X
5009496,-4,0
5009496,-5,0
5009496,-6,C
5009496,-7,C
5009496,-8,X
5009496,-9,C
5009496,-10,C
5009496,-11,C
5009496,-12,0
5009496,-13,X
5009496,-14,0
5009496,-15,X
5009497,0,0
5009497,-1,0
5009497,-2,0
5009497,-3,C
5009497,-4,0
5009497,-5,C
5009497,-6,0
5009498,0,C
5009498,-1,C
5009498,-2,C
5009498,-3,C
5009498,-4,0
5009498,-5,C
5009498,-6,0
5009498,-7,C
5009498,-8,C
5009498,-9,0
5009498,-10,X
5009499,0,C
5009499,-1,C
5009499,-2,C
5009499,-3,X
5009499,-4,C
5009499,-5,C
5009499,-6,C
5009499,-7,X
5009499,-8,X
5009499,-9,X
5009499,-10,X
5009499,-11,C
5009499,-12,0
5009500,0,C
5009500,-1,C
5009500,-2,0
5009500,-3,C
5009500,-4,C
5009500,-5,C
5009500,-6,C
5009500,-7,C
5009500,-8,C
5009500,-9,C
5009500,-10,X
5009500,-11,C
5009500,-12,C
5009500,-13,C
5009500,-14,C
5009500,-15,C
5009500,-16,C
5009500,-17,C
5009500,-18,C
5009501,0,C
5009501,-1,C
5009501,-2,0
5009501,-3,0
5009501,-4,C
5009501,-5,C
5009501,-6,0
5009501,-7,C
5009501,-8,C
5009502,0,C
5009502,-1,X
5009502,-2,0
5009502,-3,C
5009502,-4,0
5009502,-5,C
5009502,-6,C
5009502,-7,X
5009502,-8,X
5009502,-9,C
5009502,-10,C
5009502,-11,0
5009502,-12,C
5009502,-13,C
5009502,-14,X
5009502,-15,0
5009503,0,X
5009503,-1,C
5009503,-2,C
5009503,-3,X
5009504,0,X
5009504,-1,2
5009504,-2,1
5009504,-3,2
5009504,-4,0
5009504,-5,0
5009504,-6,0
5009504,-7,1
5009504,-8,C
5009504,-9,C
5009504,-10,2
5009504,-11,1
5009504,-12,0
5009504,-13,1
5009504,-14,0
5009504,-15,3
5009504,-16,2
5009504,-17,1
5009504,-18,4
5009504,-19,2
5009504,-20,2
5009504,-21,1
5009504,-22,0
5009504,-23,X
5009505,0,0
5009505,-1,X
5009505,-2,X
5009505,-3,C
5009505,-4,C
5009505,-5,0
5009506,0,C
5009506,-1,1
5009506,-2,C
5009506,-3,C
5009506,-4,0
5009506,-5,C
5009507,0,0
5009507,-1,C
5009507,-2,C
5009507,-3,0
5009507,-4,0
5009507,-5,0
5009507,-6,C
5009507,-7,C
5009507,-8,0
5009507,-9,C
5009507,-10,C
5009507,-11,X
5009507,-12,0
5009508,0,0
5009508,-1,2
5009508,-2,1
5009508,-3,X
5009508,-4,2
5009508,-5,1
5009508,-6,X
5009508,-7,5
5009508,-8,1
5009508,-9,2
5009508,-10,2
5009508,-11,X
5009508,-12,2
5009508,-13,1
5009508,-14,C
5009508,-15,0
5009508,-16,0
5009508,-17,2
5009508,-18,3
5009509,0,0
5009509,-1,C
5009509,-2,C
5009509,-3,X
5009509,-4,C
5009509,-5,C
5009509,-6,C
5009509,-7,C
5009509,-8,C
5009509,-9,0
5009509,-10,C
5009509,-11,0
5009509,-12,C
5009510,0,C
5009510,-1,0
5009510,-2,X
5009510,-3,C
5009510,-4,X
5009510,-5,0
5009510,-6,C
5009510,-7,0
5009510,-8,X
5009510,-9,C
5009510,-10,0
5009510,-11,C
5009510,-12,C
5009511,0,0
5009511,-1,1
5009511,-2,3
5009511,-3,3
5009512,0,C
5009512,-1,0
5009512,-2,C
5009512,-3,C
5009512,-4,0
5009512,-5,C
5009512,-6,0
5009513,0,X
5009513,-1,C
5009513,-2,C
5009513,-3,C
5009513,-4,C
5009513,-5,0
5009513,-6,C
5009513,-7,0
5009513,-8,C
5009513,-9,0
5009513,-10,C
5009513,-11,C
5009513,-12,C
5009513,-13,C
5009513,-14,C
5009513,-15,0
5009513,-16,0
5009513,-17,0
5009513,-18,0
5009513,-19,C
5009513,-20,X
5009513,-21,0
5009513,-22,0
5009514,0,0
5009514,-1,C
5009514,-2,C
5009514,-3,C
5009514,-4,0
5009514,-5,0
5009514,-6,0
5009514,-7,C
5009514,-8,0
5009514,-9,1
5009514,-10,0
5009514,-11,C
5009514,-12,0
5009514,-13,C
5009514,-14,C
5009514,-15,X
5009514,-16,0
5009514,-17,0
5009515,0,0
5009515,-1,C
5009515,-2,C
5009515,-3,C
5009515,-4,C
5009515,-5,C
5009515,-6,C
5009515,-7,C
5009515,-8,C
5009515,-9,C
5009515,-10,0
5009515,-11,X
5009515,-12,0
5009515,-13,0
5009515,-14,0
5009515,-15,C
5009515,-16,C
5009516,0,C
5009516,-1,C
5009516,-2,1
5009516,-3,C
5009516,-4,C
5009516,-5,C
5009517,0,C
5009517,-1,C
5009517,-2,X
5009517,-3,0
5009517,-4,C
5009517,-5,C
5009517,-6,X
5009517,-7,C
5009517,-8,C
5009517,-9,0
5009517,-10,X
5009517,-11,0
5009517,-12,X
5009517,-13,X
5009518,0,C
5009518,-1,0
5009518,-2,0
5009518,-3,C
5009518,-4,C
5009518,-5,0
5009518,-6,0
5009518,-7,C
5009518,-8,0
5009518,-9,X
5009518,-10,0
5009518,-11,C
5009518,-12,X
5009518,-13,0
5009518,-14,0
5009518,-15,C
5009518,-16,X
5009518,-17,0
5009518,-18,0
5009518,-19,0
5009518,-20,C
5009518,-21,C
5009518,-22,C
5009518,-23,X
5009519,0,C
5009519,-1,C
5009519,-2,C
5009519,-3,C
5009519,-4,0
5009519,-5,0
5009519,-6,C
5009519,-7,X
5009519,-8,C
5009519,-9,0
5009519,-10,0
5009519,-11,1
5009519,-12,C
5009519,-13,X
5009519,-14,C
5009519,-15,C
5009520,0,X
5009520,-1,0
5009520,-2,0
5009520,-3,C
5009520,-4,C
5009520,-5,C
5009520,-6,0
5009520,-7,C
5009520,-8,0
5009520,-9,C
5009520,-10,X
5009520,-11,C
5009520,-12,C
5009520,-13,C
5009520,-14,C
5009520,-15,0
5009521,0,1
5009521,-1,4
5009521,-2,2
5009521,-3,1
5009521,-4,C
5009521,-5,1
5009521,-6,1
5009521,-7,X
5009521,-8,0
5009521,-9,3
5009521,-10,0
5009521,-11,X
5009521,-12,0
5009521,-13,X
5009521,-14,0
5009522,0,C
5009522,-1,C
5009522,-2,0
5009522,-3,C
5009523,0,C
5009523,-1,X
5009523,-2,0
5009523,-3,C
5009523,-4,C
5009523,-5,0
5009523,-6,X
5009523,-7,0
5009523,-8,X
5009523,-9,C
5009523,-10,C
5009523,-11,C
5009523,-12,C
5009523,-13,C
5009523,-14,0
5009523,-15,C
5009523,-16,0
5009523,-17,C
5009523,-18,1
5009523,-19,0
5009524,0,C
5009524,-1,0
5009524,-2,0
5009525,0,0
5009525,-1,X
5009525,-2,C
5009525,-3,C
5009525,-4,C
5009525,-5,X
5009525,-6,C
5009525,-7,C
5009525,-8,0
5009525,-9,0
5009525,-10,C
5009525,-11,0
5009525,-12,X
5009525,-13,0
5009525,-14,C
5009525,-15,C
5009525,-16,C
5009525,-17,C
5009525,-18,X
5009525,-19,X
5009525,-20,C
5009525,-21,0
5009525,-22,X
5009526,0,0
5009526,-1,X
5009526,-2,C
5009526,-3,0
5009526,-4,C
5009526,-5,0
5009526,-6,0
5009526,-7,X
5009527,0,X
5009527,-1,C
5009527,-2,0
5009527,-3,X
5009527,-4,C
5009527,-5,C
5009527,-6,C
5009527,-7,C
5009528,0,X
5009528,-1,C
5009528,-2,C
5009528,-3,C
5009528,-4,C
5009528,-5,X
5009528,-6,C
5009528,-7,X
5009528,-8,C
5009528,-9,C
5009528,-10,X
5009528,-11,0
5009528,-12,X
5009528,-13,C
5009528,-14,0
5009528,-15,C
5009528,-16,C
5009528,-17,0
5009528,-18,C
5009528,-19,C
5009529,0,X
5009529,-1,X
5009529,-2,C
5009529,-3,0
5009529,-4,C
5009529,-5,C
5009529,-6,C
5009530,0,0
5009530,-1,C
5009530,-2,C
5009531,0,C
5009531,-1,C
5009531,-2,C
5009531,-3,0
5009531,-4,C
5009531,-5,C
5009531,-6,0
5009531,-7,C
5009531,-8,0
5009531,-9,0
5009531,-10,0
5009531,-11,C
5009531,-12,X
5009531,-13,C
5009531,-14,0
5009531,-15,C
5009531,-16,C
5009532,0,X
5009532,-1,X
5009532,-2,C
5009532,-3,0
5009532,-4,0
5009532,-5,C
5009532,-6,0
5009532,-7,C
5009532,-8,C
5009532,-9,C
5009532,-10,C
5009532,-11,X
5009532,-12,C
5009532,-13,0
5009532,-14,X
5009533,0,C
5009533,-1,0
5009533,-2,X
5009533,-3,C
5009533,-4,1
5009533,-5,0
5009534,0,X
5009534,-1,C
5009534,-2,X
5009535,0,C
5009535,-1,0
5009535,-2,C
5009535,-3,C
5009535,-4,0
5009535,-5,0
5009535,-6,C
5009535,-7,C
5009535,-8,C
5009535,-9,X
5009535,-10,C
5009535,-11,C
5009535,-12,C
5009535,-13,C
5009535,-14,0
5009535,-15,C
5009535,-16,0
5009535,-17,X
5009535,-18,C
5009535,-19,C
5009536,0,0
5009536,-1,0
5009536,-2,X
5009536,-3,C
5009536,-4,X
5009536,-5,0
5009536,-6,0
5009536,-7,C
5009536,-8,0
5009536,-9,C
5009536,-10,X
5009536,-11,C
5009536,-12,0
5009536,-13,C
5009536,-14,C
5009536,-15,X
5009537,0,X
5009537,-1,C
5009537,-2,C
5009537,-3,X
5009537,-4,X
5009537,-5,X
5009537,-6,X
5009537,-7,C
5009537,-8,X
5009537,-9,0
5009538,0,0
5009538,-1,C
5009538,-2,0
5009538,-3,C
5009538,-4,0
5009538,-5,C
5009538,-6,0
5009538,-7,C
5009538,-8,C
5009538,-9,C
5009538,-10,X
5009538,-11,C
5009538,-12,C
5009538,-13,0
5009538,-14,X
5009538,-15,C
5009538,-16,0
5009538,-17,C
5009539,0,0
5009539,-1,0
5009539,-2,0
5009539,-3,C
5009539,-4,X
5009539,-5,X
5009539,-6,C
5009539,-7,C
5009539,-8,0
5009539,-9,C
5009539,-10,0
5009539,-11,C
5009539,-12,X
5009540,0,X
5009540,-1,0
5009540,-2,3
5009540,-3,4
5009540,-4,1
5009540,-5,2
5009540,-6,1
5009540,-7,C
5009540,-8,C
5009540,-9,1
5009540,-10,0
5009540,-11,0
5009541,0,C
5009541,-1,X
5009541,-2,0
5009541,-3,0
5009541,-4,C
5009541,-5,C
5009541,-6,C
5009541,-7,C
5009542,0,C
5009542,-1,X
5009542,-2,C
5009542,-3,0
5009542,-4,0
5009542,-5,X
5009542,-6,C
5009542,-7,C
5009542,-8,C
5009542,-9,C
5009542,-10,C
5009542,-11,0
5009542,-12,0
5009542,-13,C
5009542,-14,C
5009542,-15,C
5009542,-16,C
5009542,-17,C
5009542,-18,0
5009542,-19,C
5009542,-20,0
5009542,-21,C
5009543,0,X
5009543,-1,C
5009543,-2,X
5009543,-3,C
5009543,-4,0
5009544,0,C
5009544,-1,C
5009544,-2,C
5009544,-3,X
5009544,-4,C
5009544,-5,0
5009544,-6,0
5009544,-7,0
5009544,-8,X
5009544,-9,X
5009544,-10,0
5009545,0,0
5009545,-1,C
5009545,-2,C
5009545,-3,0
5009545,-4,C
5009545,-5,C
5009545,-6,C
5009545,-7,0
5009545,-8,0
5009545,-9,C
5009545,-10,0
5009545,-11,C
5009545,-12,C
5009545,-13,0
5009545,-14,C
5009545,-15,X
5009545,-16,X
5009545,-17,0
5009546,0,C
5009546,-1,C
5009546,-2,C
5009546,-3,0
5009546,-4,C
5009546,-5,C
5009546,-6,X
5009546,-7,C
5009546,-8,0
5009546,-9,C
5009546,-10,C
5009546,-11,0
5009546,-12,0
5009546,-13,C
5009546,-14,X
5009546,-15,C
5009547,0,C
5009547,-1,0
5009547,-2,C
5009547,-3,C
5009547,-4,0
5009547,-5,0
5009547,-6,C
5009547,-7,X
5009547,-8,X
5009547,-9,C
5009547,-10,C
5009547,-11,X
5009547,-12,X
5009547,-13,C
5009547,-14,0
5009547,-15,0
5009547,-16,X
5009547,-17,0
5009547,-18,0
5009547,-19,X
5009547,-20,C
5009547,-21,C
5009548,0,C
5009548,-1,C
5009548,-2,0
5009548,-3,X
5009548,-4,0
5009548,-5,C
5009548,-6,0
5009548,-7,C
5009548,-8,C
5009548,-9,X
5009548,-10,0
5009548,-11,C
5009548,-12,C
5009549,0,C
5009549,-1,C
5009549,-2,C
5009549,-3,C
5009549,-4,C
5009549,-5,X
5009549,-6,X
5009549,-7,C
5009549,-8,0
5009549,-9,C
5009549,-10,C
5009549,-11,C
5009550,0,C
5009550,-1,C
5009550,-2,0
5009550,-3,C
5009550,-4,0
5009551,0,C
5009551,-1,C
5009551,-2,X
5009551,-3,C
5009551,-4,0
5009552,0,X
5009552,-1,X
5009552,-2,C
5009552,-3,C
5009552,-4,X
5009552,-5,X
5009552,-6,C
5009552,-7,C
5009552,-8,C
5009552,-9,C
5009552,-10,X
5009553,0,0
5009553,-1,C
5009553,-2,C
5009553,-3,0
5009553,-4,C
5009553,-5,C
5009553,-6,X
5009553,-7,X
5009553,-8,0
5009553,-9,0
5009553,-10,0
5009553,-11,0
5009553,-12,0
5009553,-13,C
5009554,0,X
5009554,-1,C
5009554,-2,0
5009554,-3,C
5009554,-4,0
5009554,-5,C
5009554,-6,C
5009554,-7,C
5009554,-8,0
5009554,-9,C
5009554,-10,0
5009554,-11,0
5009555,0,C
5009555,-1,X
5009555,-2,X
5009555,-3,1
5009555,-4,C
5009555,-5,C
5009555,-6,0
5009555,-7,C
5009555,-8,C
5009555,-9,0
5009556,0,0
5009556,-1,X
5009556,-2,0
5009556,-3,0
5009556,-4,C
5009556,-5,C
5009556,-6,0
5009556,-7,C
5009556,-8,C
5009556,-9,C
5009556,-10,C
5009556,-11,C
5009556,-12,C
5009556,-13,X
5009556,-14,C
5009556,-15,0
5009556,-16,X
5009556,-17,C
5009556,-18,C
5009556,-19,0
5009556,-20,C
5009556,-21,X
5009556,-22,X
5009556,-23,C
5009557,0,C
5009557,-1,0
5009557,-2,C
5009557,-3,C
5009557,-4,0
5009557,-5,0
5009557,-6,C
5009557,-7,C
5009557,-8,C
5009557,-9,C
5009557,-10,C
5009557,-11,0
5009557,-12,X
5009557,-13,X
5009557,-14,X
5009557,-15,C
5009557,-16,C
5009557,-17,0
5009557,-18,C
5009558,0,X
5009558,-1,C
5009558,-2,0
5009558,-3,C
5009558,-4,X
5009558,-5,C
5009558,-6,X
5009558,-7,X
5009558,-8,0
5009558,-9,0
5009559,0,1
5009559,-1,1
5009559,-2,0
5009559,-3,5
5009559,-4,2
5009559,-5,1
5009559,-6,X
5009559,-7,0
5009559,-8,1
5009559,-9,C
5009559,-10,4
5009559,-11,2
5009559,-12,X
5009559,-13,C
5009560,0,C
5009560,-1,X
5009560,-2,0
5009560,-3,C
5009560,-4,X
5009560,-5,C
5009560,-6,C
5009560,-7,C
5009560,-8,C
5009560,-9,C
5009560,-10,0
5009560,-11,0
5009560,-12,0
5009560,-13,C
5009560,-14,0
5009560,-15,X
5009560,-16,0
5009560,-17,X
5009560,-18,X
5009560,-19,X
5009561,0,X
5009561,-1,C
5009561,-2,C
5009561,-3,X
5009561,-4,C
5009561,-5,0
5009562,0,C
5009562,-1,C
5009562,-2,C
5009562,-3,X
5009562,-4,0
5009562,-5,C
5009562,-6,C
5009562,-7,X
5009562,-8,0
5009562,-9,0
5009562,-10,C
5009562,-11,C
5009562,-12,C
5009562,-13,C
5009562,-14,X
5009562,-15,C
5009562,-16,C
5009562,-17,1
5009563,0,X
5009563,-1,0
5009563,-2,X
5009563,-3,C
5009563,-4,0
5009564,0,X
5009564,-1,1
5009564,-2,4
5009564,-3,0
5009565,0,C
5009565,-1,C
5009565,-2,C
5009565,-3,0
5009565,-4,C
5009565,-5,C
5009565,-6,C
5009565,-7,X
5009565,-8,C
5009566,0,0
5009566,-1,C
5009566,-2,C
5009566,-3,C
5009566,-4,C
5009566,-5,0
5009566,-6,C
5009566,-7,X
5009567,0,0
5009567,-1,C
5009567,-2,C
5009567,-3,X
5009567,-4,1
5009567,-5,C
5009567,-6,1
5009567,-7,X
5009567,-8,0
5009567,-9,C
5009567,-10,X
5009567,-11,0
5009567,-12,0
5009567,-13,X
5009568,0,C
5009568,-1,X
5009568,-2,C
5009568,-3,C
5009568,-4,C
5009568,-5,C
5009568,-6,C
5009568,-7,0
5009568,-8,C
5009568,-9,X
5009568,-10,0
5009568,-11,C
5009568,-12,C
5009568,-13,C
5009568,-14,C
5009568,-15,C
5009568,-16,C
5009568,-17,0
5009568,-18,1
5009568,-19,C
5009568,-20,0
5009568,-21,C
5009568,-22,C
5009569,0,C
5009569,-1,1
5009569,-2,C
5009569,-3,C
5009569,-4,X
5009569,-5,C
5009569,-6,C
5009569,-7,C
5009569,-8,X
5009569,-9,C
5009569,-10,C
5009569,-11,C
5009569,-12,0
5009569,-13,X
5009569,-14,C
5009569,-15,C
5009569,-16,C
5009569,-17,C
5009569,-18,0
5009569,-19,C
5009569,-20,C
5009569,-21,0
5009569,-22,C
5009570,0,C
5009570,-1,C
5009570,-2,C
5009570,-3,X
5009570,-4,C
5009570,-5,C
5009571,0,C
5009571,-1,0
5009571,-2,0
5009571,-3,C
5009571,-4,C
5009571,-5,C
5009571,-6,C
5009571,-7,X
5009571,-8,C
5009571,-9,C
5009571,-10,X
5009571,-11,C
5009571,-12,X
5009571,-13,0
5009571,-14,C
5009571,-15,X
5009571,-16,X
5009571,-17,C
5009571,-18,C
5009571,-19,C
5009571,-20,C
5009571,-21,C
5009571,-22,C
5009572,0,C
5009572,-1,C
5009572,-2,C
5009572,-3,0
5009572,-4,C
5009572,-5,X
5009572,-6,C
5009572,-7,X
5009572,-8,C
5009572,-9,0
5009572,-10,C
5009572,-11,C
5009573,0,C
5009573,-1,C
5009573,-2,C
5009573,-3,0
5009573,-4,C
5009573,-5,X
5009573,-6,X
5009573,-7,C
5009573,-8,C
5009573,-9,X
5009573,-10,C
5009573,-11,C
5009574,0,X
5009574,-1,C
5009574,-2,C
5009574,-3,C
5009574,-4,C
5009574,-5,0
5009574,-6,C
5009574,-7,X
5009574,-8,0
5009574,-9,C
5009575,0,0
5009575,-1,X
5009575,-2,0
5009575,-3,0
5009575,-4,C
5009575,-5,X
5009575,-6,X
5009575,-7,0
5009575,-8,0
5009575,-9,C
5009575,-10,X
5009575,-11,0
5009575,-12,C
5009575,-13,0
5009575,-14,C
5009575,-15,C
5009575,-16,C
5009575,-17,0
5009575,-18,X
5009575,-19,C
5009575,-20,0
5009576,0,C
5009576,-1,C
5009576,-2,1
5009576,-3,0
5009576,-4,X
5009576,-5,C
5009576,-6,C
5009576,-7,C
5009576,-8,0
5009576,-9,X
5009576,-10,C
5009576,-11,C
5009576,-12,X
5009576,-13,C
5009576,-14,X
5009576,-15,C
5009576,-16,C
5009576,-17,1
5009576,-18,C
5009576,-19,C
5009576,-20,X
5009576,-21,X
5009576,-22,X
5009577,0,C
5009577,-1,0
5009577,-2,C
5009577,-3,0
5009577,-4,C
5009577,-5,C
5009577,-6,0
5009577,-7,C
5009577,-8,C
5009578,0,C
5009578,-1,C
5009578,-2,0
5009578,-3,C
5009578,-4,C
5009578,-5,1
5009578,-6,C
5009578,-7,C
5009578,-8,X
5009578,-9,X
5009578,-10,0
5009578,-11,C
5009578,-12,X
5009578,-13,C
5009578,-14,X
5009578,-15,0
5009578,-16,C
5009578,-17,0
5009578,-18,X
5009578,-19,C
5009578,-20,0
5009578,-21,C
5009579,0,0
5009579,-1,C
5009579,-2,C
5009580,0,C
5009580,-1,0
5009580,-2,0
5009580,-3,X
5009580,-4,C
5009580,-5,0
5009580,-6,C
5009580,-7,C
5009580,-8,0
5009580,-9,C
5009580,-10,1
5009580,-11,X
5009580,-12,X
5009580,-13,C
5009580,-14,0
5009580,-15,C
5009580,-16,C
5009581,0,C
5009581,-1,0
5009581,-2,0
5009581,-3,1
5009581,-4,0
5009581,-5,0
5009581,-6,1
5009581,-7,2
5009581,-8,1
5009581,-9,2
5009581,-10,1
5009581,-11,1
5009582,0,C
5009582,-1,X
5009582,-2,C
5009582,-3,C
5009582,-4,1
5009582,-5,0
5009582,-6,C
5009582,-7,C
5009582,-8,0
5009582,-9,C
5009582,-10,0
5009582,-11,0
5009582,-12,C
5009582,-13,C
5009582,-14,X
5009582,-15,C
5009582,-16,C
5009583,0,C
5009583,-1,C
5009583,-2,0
5009583,-3,C
5009584,0,0
5009584,-1,1
5009584,-2,C
5009584,-3,C
5009584,-4,0
5009584,-5,C
5009584,-6,C
5009584,-7,0
5009584,-8,0
5009584,-9,C
5009584,-10,X
5009584,-11,C
5009584,-12,C
5009584,-13,C
5009584,-14,X
5009584,-15,C
5009585,0,1
5009585,-1,0
5009585,-2,C
5009585,-3,C
5009585,-4,X
5009585,-5,C
5009585,-6,0
5009585,-7,C
5009585,-8,C
5009585,-9,C
5009585,-10,C
5009585,-11,C
5009585,-12,0
5009585,-13,C
5009585,-14,X
5009585,-15,0
5009586,0,X
5009586,-1,0
5009586,-2,C
5009586,-3,C
5009586,-4,C
5009586,-5,0
5009586,-6,C
5009586,-7,0
5009586,-8,C
5009586,-9,1
5009586,-10,C
5009586,-11,X
5009586,-12,C
5009586,-13,C
5009586,-14,0
5009587,0,0
5009587,-1,C
5009587,-2,0
5009587,-3,0
5009587,-4,0
5009587,-5,0
5009587,-6,0
5009587,-7,C
5009587,-8,C
5009587,-9,X
5009587,-10,0
5009587,-11,C
5009587,-12,C
5009587,-13,0
5009587,-14,X
5009587,-15,X
5009587,-16,C
5009587,-17,C
5009588,0,C
5009588,-1,C
5009588,-2,C
5009588,-3,0
5009588,-4,0
5009588,-5,C
5009588,-6,0
5009588,-7,C
5009588,-8,C
5009588,-9,X
5009589,0,0
5009589,-1,C
5009589,-2,C
5009589,-3,0
5009589,-4,C
5009589,-5,C
5009589,-6,C
5009589,-7,X
5009589,-8,X
5009589,-9,X
5009590,0,0
5009590,-1,C
5009590,-2,C
5009590,-3,0
5009590,-4,X
5009590,-5,X
5009590,-6,C
5009590,-7,0
5009590,-8,X
5009590,-9,X
5009590,-10,C
5009590,-11,C
5009590,-12,0
5009590,-13,C
5009591,0,X
5009591,-1,C
5009591,-2,0
5009591,-3,C
5009591,-4,X
5009591,-5,C
5009591,-6,0
5009591,-7,X
5009591,-8,C
5009591,-9,C
5009591,-10,X
5009592,0,C
5009592,-1,X
5009592,-2,C
5009592,-3,1
5009593,0,C
5009593,-1,4
5009593,-2,2
5009593,-3,1
5009593,-4,2
5009593,-5,C
5009593,-6,0
5009593,-7,C
5009593,-8,C
5009593,-9,1
5009593,-10,X
5009593,-11,0
5009593,-12,0
5009593,-13,2
5009593,-14,1
5009593,-15,1
5009593,-16,X
5009593,-17,C
5009593,-18,0
5009593,-19,C
5009593,-20,2
5009593,-21,1
5009593,-22,1
5009593,-23,X
5009594,0,0
5009594,-1,0
5009594,-2,X
5009594,-3,0
5009594,-4,X
5009594,-5,0
5009594,-6,0
5009594,-7,X
5009594,-8,C
5009594,-9,C
5009594,-10,X
5009594,-11,C
5009594,-12,C
5009594,-13,X
5009594,-14,X
5009594,-15,C
5009594,-16,0
5009594,-17,0
5009594,-18,0
5009594,-19,C
5009594,-20,1
5009594,-21,0
5009594,-22,0
5009594,-23,0
5009595,0,X
5009595,-1,C
5009595,-2,C
5009595,-3,1
5009595,-4,X
5009596,0,C
5009596,-1,0
5009596,-2,X
5009597,0,C
5009597,-1,C
5009597,-2,X
5009597,-3,X
5009597,-4,0
5009597,-5,0
5009597,-6,C
5009597,-7,C
5009597,-8,0
5009597,-9,X
5009597,-10,C
5009597,-11,C
5009598,0,0
5009598,-1,X
5009598,-2,C
5009598,-3,0
5009598,-4,C
5009598,-5,C
5009598,-6,C
5009598,-7,C
5009598,-8,X
5009598,-9,C
5009598,-10,X
5009598,-11,C
5009598,-12,C
5009599,0,C
5009599,-1,0
5009599,-2,0
5009599,-3,0
5009599,-4,0
5009599,-5,C
5009599,-6,0
5009599,-7,C
5009599,-8,X
5009599,-9,X
5009599,-10,X
5009599,-11,C
5009599,-12,0
5009599,-13,0
5009599,-14,C
5009599,-15,0
5009599,-16,C
5009599,-17,C
5009599,-18,C
5009599,-19,X
5009600,0,0
5009600,-1,0
5009600,-2,C
5009600,-3,0
5009600,-4,X
5009600,-5,X
5009600,-6,0
5009600,-7,0
5009600,-8,C
5009600,-9,0
5009601,0,C
5009601,-1,C
5009601,-2,0
5009601,-3,C
5009602,0,C
5009602,-1,C
5009602,-2,0
5009602,-3,X
5009602,-4,X
5009602,-5,X
5009602,-6,0
5009602,-7,0
5009602,-8,X
5009602,-9,C
5009602,-10,C
5009602,-11,C
5009602,-12,X
5009602,-13,C
5009602,-14,C
5009602,-15,C
5009602,-16,C
5009602,-17,0
5009603,0,0
5009603,-1,C
5009603,-2,C
5009603,-3,C
5009603,-4,0
5009603,-5,C
5009603,-6,0
5009603,-7,C
5009603,-8,C
5009603,-9,X
5009603,-10,C
5009603,-11,0
5009603,-12,C
5009603,-13,C
5009603,-14,X
5009604,0,C
5009604,-1,C
5009604,-2,C
5009604,-3,0
5009604,-4,X
5009604,-5,X
5009604,-6,C
5009604,-7,C
5009604,-8,X
5009604,-9,0
5009604,-10,C
5009604,-11,0
5009604,-12,0
5009604,-13,C
5009604,-14,C
5009604,-15,X
5009604,-16,C
5009604,-17,C
5009605,0,0
5009605,-1,C
5009605,-2,C
5009605,-3,X
5009605,-4,C
5009605,-5,C
5009605,-6,0
5009605,-7,C
5009605,-8,C
5009605,-9,C
5009605,-10,C
5009605,-11,X
5009605,-12,0
5009605,-13,C
5009605,-14,C
5009606,0,C
5009606,-1,C
5009606,-2,C
5009606,-3,0
5009606,-4,X
5009606,-5,C
5009606,-6,0
5009606,-7,X
5009606,-8,1
5009606,-9,X
5009606,-10,X
5009606,-11,C
5009606,-12,0
5009606,-13,0
5009606,-14,0
5009606,-15,C
5009606,-16,C
5009606,-17,0
5009606,-18,X
5009606,-19,C
5009607,0,0
5009607,-1,1
5009607,-2,0
5009607,-3,C
5009607,-4,C
5009607,-5,C
5009607,-6,C
5009607,-7,C
5009607,-8,X
5009607,-9,0
5009608,0,X
5009608,-1,C
5009608,-2,X
5009608,-3,C
5009608,-4,0
5009608,-5,C
5009608,-6,X
5009609,0,X
5009609,-1,C
5009609,-2,C
5009609,-3,0
5009609,-4,C
5009609,-5,C
5009609,-6,X
5009609,-7,C
5009609,-8,0
5009610,0,X
5009610,-1,X
5009610,-2,X
5009610,-3,0
5009611,0,C
5009611,-1,C
5009611,-2,X
5009611,-3,C
5009611,-4,C
5009611,-5,1
5009611,-6,C
5009612,0,C
5009612,-1,X
5009612,-2,C
5009612,-3,0
5009613,0,X
5009613,-1,0
5009613,-2,X
5009613,-3,C
5009613,-4,C
5009613,-5,0
5009613,-6,X
5009613,-7,1
5009613,-8,0
5009613,-9,C
5009613,-10,0
5009614,0,X
5009614,-1,0
5009614,-2,0
5009614,-3,X
5009614,-4,2
5009614,-5,2
5009614,-6,1
5009614,-7,2
5009614,-8,0
5009614,-9,1
5009614,-10,C
5009614,-11,0
5009614,-12,C
5009614,-13,0
5009614,-14,3
5009614,-15,C
5009614,-16,C
5009614,-17,C
5009614,-18,0
5009614,-19,1
5009614,-20,C
5009614,-21,1
5009615,0,X
5009615,-1,C
5009615,-2,0
5009615,-3,C
5009615,-4,C
5009615,-5,C
5009615,-6,0
5009615,-7,0
5009615,-8,C
5009615,-9,C
5009615,-10,C
5009615,-11,C
5009615,-12,C
5009616,0,X
5009616,-1,0
5009616,-2,C
5009617,0,C
5009617,-1,0
5009617,-2,C
5009617,-3,C
5009617,-4,C
5009617,-5,C
5009617,-6,C
5009617,-7,C
5009617,-8,C
5009617,-9,X
5009617,-10,0
5009617,-11,0
5009617,-12,C
5009617,-13,0
5009617,-14,C
5009617,-15,C
5009618,0,C
5009618,-1,0
5009618,-2,0
5009618,-3,0
5009618,-4,0
5009618,-5,C
5009618,-6,1
5009618,-7,C
5009618,-8,C
5009618,-9,0
5009618,-10,C
5009618,-11,C
5009619,0,C
5009619,-1,C
5009619,-2,C
5009619,-3,C
5009619,-4,X
5009620,0,C
5009620,-1,0
5009620,-2,X
5009620,-3,C
5009620,-4,C
5009620,-5,C
5009620,-6,C
5009620,-7,X
5009621,0,C
5009621,-1,3
5009621,-2,0
5009621,-3,3
5009621,-4,3
5009621,-5,1
5009621,-6,2
5009621,-7,1
5009621,-8,X
5009621,-9,1
5009622,0,0
5009622,-1,C
5009622,-2,X
5009622,-3,0
5009622,-4,C
5009622,-5,0
5009622,-6,0
5009622,-7,0
5009622,-8,X
5009622,-9,C
5009622,-10,0
5009622,-11,C
5009623,0,X
5009623,-1,C
5009623,-2,C
5009623,-3,X
5009623,-4,1
5009623,-5,C
5009623,-6,X
5009623,-7,0
5009623,-8,1
5009623,-9,0
5009623,-10,C
5009623,-11,0
5009623,-12,0
5009623,-13,C
5009624,0,0
5009624,-1,C
5009624,-2,0
5009624,-3,C
5009624,-4,1
5009624,-5,C
5009624,-6,X
5009624,-7,0
5009624,-8,C
5009624,-9,X
5009624,-10,C
5009624,-11,0
5009624,-12,0
5009624,-13,C
5009624,-14,C
5009624,-15,0
5009624,-16,C
5009625,0,C
5009625,-1,0
5009625,-2,X
5009625,-3,C
5009625,-4,C
5009625,-5,X
5009625,-6,C
5009625,-7,C
5009625,-8,0
5009626,0,X
5009626,-1,0
5009626,-2,X
5009626,-3,0
5009626,-4,C
5009626,-5,1
5009626,-6,C
5009626,-7,C
5009626,-8,C
5009626,-9,C
5009626,-10,C
5009626,-11,0
5009626,-12,X
5009626,-13,X
5009626,-14,X
5009626,-15,0
5009626,-16,X
5009626,-17,C
5009626,-18,X
5009627,0,0
5009627,-1,0
5009627,-2,0
5009627,-3,C
5009627,-4,X
5009627,-5,C
5009627,-6,X
5009627,-7,X
5009627,-8,C
5009627,-9,0
5009627,-10,X
5009627,-11,0
5009627,-12,0
5009627,-13,X
5009627,-14,X
5009628,0,C
5009628,-1,0
5009628,-2,C
5009628,-3,C
5009628,-4,X
5009628,-5,C
5009628,-6,C
5009628,-7,0
5009628,-8,0
5009628,-9,C
5009628,-10,C
5009628,-11,C
5009628,-12,X
5009628,-13,X
5009628,-14,1
5009628,-15,0
5009628,-16,0
5009628,-17,X
5009628,-18,C
5009628,-19,C
5009628,-20,C
5009628,-21,0
5009628,-22,X
5009629,0,C
5009629,-1,0
5009629,-2,C
5009629,-3,C
5009629,-4,0
5009629,-5,C
5009629,-6,C
5009629,-7,C
5009629,-8,0
5009629,-9,C
5009629,-10,X
5009629,-11,C
5009630,0,1
5009630,-1,C
5009630,-2,C
5009630,-3,0
5009630,-4,0
5009630,-5,C
5009630,-6,X
5009630,-7,0
5009630,-8,C
5009630,-9,X
5009630,-10,C
5009630,-11,X
5009630,-12,0
5009630,-13,X
5009631,0,0
5009631,-1,X
5009631,-2,C
5009631,-3,X
5009631,-4,C
5009631,-5,X
5009631,-6,C
5009631,-7,X
5009631,-8,C
5009631,-9,X
5009631,-10,0
5009631,-11,C
5009631,-12,C
5009631,-13,C
5009631,-14,0
5009631,-15,1
5009631,-16,X
5009631,-17,C
5009631,-18,0
5009631,-19,C
5009631,-20,1
5009631,-21,X
5009632,0,0
5009632,-1,C
5009632,-2,C
5009632,-3,0
5009632,-4,X
5009632,-5,0
5009632,-6,C
5009632,-7,C
5009632,-8,X
5009632,-9,C
5009632,-10,X
5009632,-11,C
5009632,-12,C
5009632,-13,C
5009632,-14,0
5009632,-15,X
5009632,-16,C
5009632,-17,C
5009632,-18,C
5009632,-19,X
5009632,-20,X
5009632,-21,C
5009632,-22,X
5009632,-23,X
5009633,0,0
5009633,-1,2
5009633,-2,4
5009633,-3,3
5009633,-4,1
5009633,-5,0
5009633,-6,X
5009633,-7,0
5009634,0,0
5009634,-1,0
5009634,-2,C
5009634,-3,C
5009634,-4,C
5009634,-5,X
5009634,-6,C
5009634,-7,0
5009634,-8,C
5009634,-9,C
5009634,-10,C
5009634,-11,C
5009634,-12,X
5009634,-13,0
5009634,-14,X
5009634,-15,0
5009634,-16,C
5009634,-17,C
5009634,-18,C
5009634,-19,1
5009634,-20,0
5009634,-21,C
5009634,-22,C
5009634,-23,C
5009635,0,C
5009635,-1,C
5009635,-2,0
5009635,-3,0
5009635,-4,X
5009635,-5,0
5009635,-6,0
5009635,-7,C
5009635,-8,C
5009636,0,0
5009636,-1,X
5009636,-2,0
5009636,-3,C
5009636,-4,X
5009636,-5,0
5009636,-6,C
5009636,-7,C
5009636,-8,C
5009636,-9,0
5009637,0,C
5009637,-1,C
5009637,-2,0
5009637,-3,X
5009637,-4,X
5009637,-5,X
5009637,-6,C
5009638,0,X
5009638,-1,C
5009638,-2,X
5009638,-3,0
5009638,-4,C
5009638,-5,C
5009638,-6,0
5009638,-7,X
5009638,-8,C
5009638,-9,0
5009638,-10,C
5009638,-11,C
5009638,-12,C
5009638,-13,C
5009638,-14,0
5009638,-15,X
5009639,0,C
5009639,-1,C
5009639,-2,C
5009639,-3,1
5009639,-4,X
5009639,-5,X
5009639,-6,C
5009639,-7,0
5009639,-8,C
5009640,0,C
5009640,-1,C
5009640,-2,X
5009640,-3,0
5009640,-4,C
5009640,-5,0
5009640,-6,0
5009640,-7,X
5009640,-8,C
5009640,-9,X
5009641,0,C
5009641,-1,0
5009641,-2,X
5009641,-3,C
5009641,-4,C
5009641,-5,X
5009641,-6,C
5009641,-7,0
5009641,-8,C
5009641,-9,0
5009641,-10,C
5009641,-11,C
5009641,-12,C
5009641,-13,C
5009641,-14,C
5009641,-15,0
5009641,-16,C
5009641,-17,X
5009641,-18,C
5009641,-19,X
5009641,-20,0
5009642,0,C
5009642,-1,C
5009642,-2,X
5009642,-3,X
5009642,-4,0
5009642,-5,0
5009642,-6,X
5009642,-7,X
5009642,-8,0
5009642,-9,0
5009642,-10,C
5009642,-11,0
5009642,-12,0
5009642,-13,X
5009642,-14,C
5009643,0,C
5009643,-1,C
5009643,-2,C
5009643,-3,C
5009643,-4,0
5009643,-5,0
5009643,-6,C
5009643,-7,C
5009643,-8,C
5009643,-9,C
5009644,0,C
5009644,-1,C
5009644,-2,C
5009644,-3,X
5009644,-4,C
5009644,-5,X
5009644,-6,0
5009644,-7,0
5009645,0,C
5009645,-1,C
5009645,-2,C
5009645,-3,X
5009645,-4,0
5009645,-5,0
5009645,-6,C
5009646,0,C
5009646,-1,X
5009646,-2,C
5009646,-3,C
5009646,-4,C
5009646,-5,C
5009646,-6,X
5009646,-7,C
5009647,0,C
5009647,-1,C
5009647,-2,X
5009647,-3,0
5009647,-4,0
5009647,-5,X
5009647,-6,0
5009647,-7,0
5009647,-8,C
5009647,-9,X
5009647,-10,C
5009648,0,C
5009648,-1,C
5009648,-2,C
5009648,-3,C
5009648,-4,C
5009648,-5,C
5009648,-6,0
5009648,-7,C
5009648,-8,C
5009648,-9,0
5009648,-10,X
5009648,-11,C
5009648,-12,C
5009649,0,1
5009649,-1,C
5009649,-2,0
5009649,-3,X
5009650,0,X
5009650,-1,C
5009650,-2,X
5009650,-3,0
5009650,-4,C
5009650,-5,0
5009650,-6,C
5009651,0,0
5009651,-1,0
5009651,-2,C
5009651,-3,C
5009651,-4,C
5009652,0,C
5009652,-1,X
5009652,-2,C
5009652,-3,C
5009652,-4,0
5009652,-5,C
5009652,-6,X
5009652,-7,0
5009652,-8,C
5009652,-9,0
5009652,-10,X
5009652,-11,C
5009652,-12,1
5009652,-13,0
5009652,-14,X
5009652,-15,C
5009652,-16,C
5009652,-17,C
5009653,0,0
5009653,-1,0
5009653,-2,1
5009653,-3,C
5009653,-4,X
5009653,-5,C
5009654,0,C
5009654,-1,0
5009654,-2,0
5009654,-3,C
5009654,-4,X
5009654,-5,0
5009654,-6,X
5009654,-7,C
5009654,-8,C
5009654,-9,C
5009654,-10,0
5009654,-11,C
5009654,-12,C
5009654,-13,X
5009654,-14,0
5009654,-15,C
5009654,-16,0
5009654,-17,C
5009654,-18,C
5009654,-19,C
5009654,-20,X
5009654,-21,0
5009654,-22,C
5009654,-23,0
5009655,0,C
5009655,-1,0
5009655,-2,X
5009655,-3,0
5009655,-4,X
5009655,-5,C
5009655,-6,C
5009655,-7,0
5009655,-8,C
5009655,-9,X
5009656,0,C
5009656,-1,0
5009656,-2,X
5009656,-3,C
5009656,-4,X
5009657,0,C
5009657,-1,0
5009657,-2,C
5009657,-3,C
5009657,-4,C
5009657,-5,C
5009658,0,C
5009658,-1,X
5009658,-2,0
5009658,-3,C
5009658,-4,X
5009658,-5,C
5009658,-6,C
5009658,-7,1
5009658,-8,C
5009658,-9,0
5009658,-10,C
5009658,-11,0
5009658,-12,0
5009658,-13,C
5009658,-14,X
5009658,-15,X
5009658,-16,X
5009658,-17,0
5009658,-18,C
5009658,-19,C
5009658,-20,X
5009659,0,0
5009659,-1,C
5009659,-2,0
5009659,-3,C
5009659,-4,C
5009659,-5,X
5009659,-6,X
5009659,-7,0
5009659,-8,X
5009659,-9,C
5009659,-10,C
5009659,-11,C
5009659,-12,C
5009659,-13,0
5009659,-14,C
5009659,-15,C
5009659,-16,0
5009660,0,C
5009660,-1,0
5009660,-2,C
5009660,-3,C
5009660,-4,0
5009660,-5,X
5009660,-6,C
5009660,-7,C
5009660,-8,C
5009660,-9,0
5009660,-10,0
5009660,-11,0
5009660,-12,X
5009660,-13,C
5009661,0,0
5009661,-1,0
5009661,-2,C
5009661,-3,X
5009661,-4,C
5009661,-5,0
5009661,-6,0
5009661,-7,C
5009661,-8,X
5009661,-9,C
5009661,-10,C
5009661,-11,C
5009661,-12,0
5009661,-13,X
5009661,-14,C
5009661,-15,C
5009661,-16,X
5009661,-17,X
5009661,-18,C
5009661,-19,0
5009661,-20,C
5009661,-21,C
5009661,-22,C
5009661,-23,C
5009662,0,C
5009662,-1,C
5009662,-2,X
5009662,-3,X
5009662,-4,C
5009662,-5,C
5009662,-6,0
5009662,-7,C
5009662,-8,0
5009662,-9,0
5009662,-10,C
5009663,0,X
5009663,-1,C
5009663,-2,0
5009663,-3,C
5009663,-4,X
5009664,0,C
5009664,-1,X
5009664,-2,0
5009664,-3,X
5009664,-4,X
5009664,-5,0
5009664,-6,X
5009664,-7,0
5009664,-8,C
5009664,-9,C
5009664,-10,X
5009664,-11,C
5009664,-12,X
5009664,-13,C
5009664,-14,X
5009664,-15,0
5009664,-16,C
5009664,-17,C
5009664,-18,0
5009664,-19,X
5009665,0,0
5009665,-1,C
5009665,-2,0
5009665,-3,C
5009666,0,X
5009666,-1,C
5009666,-2,C
5009666,-3,C
5009666,-4,X
5009666,-5,C
5009666,-6,X
5009666,-7,0
5009666,-8,0
5009666,-9,0
5009666,-10,X
5009666,-11,C
5009666,-12,X
5009666,-13,0
5009666,-14,0
5009666,-15,0
5009666,-16,C
5009666,-17,X
5009667,0,C
5009667,-1,C
5009667,-2,C
5009667,-3,C
5009667,-4,C
5009667,-5,C
5009667,-6,C
5009667,-7,0
5009667,-8,0
5009667,-9,X
5009667,-10,1
5009667,-11,0
5009667,-12,C
5009667,-13,C
5009667,-14,C
5009667,-15,C
5009667,-16,X
5009667,-17,0
5009667,-18,C
5009667,-19,C
5009668,0,C
5009668,-1,0
5009668,-2,0
5009668,-3,X
5009668,-4,X
5009668,-5,X
5009668,-6,C
5009668,-7,1
5009669,0,C
5009669,-1,C
5009669,-2,X
5009669,-3,0
5009669,-4,0
5009669,-5,0
5009669,-6,C
5009669,-7,C
5009669,-8,0
5009669,-9,0
5009669,-10,C
5009669,-11,0
5009669,-12,1
5009669,-13,1
5009669,-14,C
5009669,-15,0
5009669,-16,C
5009669,-17,C
5009670,0,X
5009670,-1,C
5009670,-2,1
5009670,-3,1
5009670,-4,X
5009670,-5,C
5009670,-6,0
5009670,-7,X
5009671,0,2
5009671,-1,2
5009671,-2,1
5009671,-3,2
5009671,-4,0
5009671,-5,0
5009671,-6,2
5009672,0,C
5009672,-1,0
5009672,-2,1
5009672,-3,C
5009672,-4,0
5009672,-5,C
5009672,-6,C
5009672,-7,0
5009672,-8,0
5009672,-9,C
5009672,-10,0
5009672,-11,C
5009672,-12,X
5009672,-13,C
5009672,-14,C
5009672,-15,C
5009673,0,C
5009673,-1,C
5009673,-2,0
5009673,-3,C
5009673,-4,0
5009673,-5,C
5009673,-6,C
5009673,-7,0
5009673,-8,0
5009673,-9,C
5009674,0,0
5009674,-1,0
5009674,-2,C
5009674,-3,C
5009674,-4,X
5009674,-5,C
5009674,-6,C
5009674,-7,0
5009674,-8,C
5009674,-9,0
5009674,-10,0
5009674,-11,C
5009674,-12,X
5009674,-13,C
5009674,-14,X
5009674,-15,C
5009674,-16,0
5009674,-17,X
5009674,-18,C
5009674,-19,0
5009674,-20,C
5009674,-21,C
5009674,-22,C
5009675,0,C
5009675,-1,0
5009675,-2,C
5009675,-3,C
5009675,-4,C
5009675,-5,C
5009675,-6,0
5009675,-7,C
5009675,-8,X
5009675,-9,C
5009675,-10,X
5009675,-11,X
5009676,0,C
5009676,-1,0
5009676,-2,0
5009676,-3,X
5009676,-4,X
5009676,-5,C
5009676,-6,C
5009676,-7,0
5009676,-8,0
5009676,-9,X
5009676,-10,C
5009676,-11,0
5009676,-12,X
5009677,0,X
5009677,-1,0
5009677,-2,1
5009677,-3,0
5009677,-4,1
5009677,-5,C
5009677,-6,C
5009677,-7,C
5009678,0,C
5009678,-1,X
5009678,-2,0
5009678,-3,X
5009678,-4,0
5009678,-5,C
5009678,-6,0
5009678,-7,0
5009678,-8,C
5009678,-9,0
5009678,-10,0
5009678,-11,C
5009678,-12,C
5009678,-13,C
5009678,-14,C
5009678,-15,C
5009678,-16,0
5009678,-17,0
5009678,-18,0
5009678,-19,X
5009678,-20,C
5009678,-21,0
5009678,-22,0
5009678,-23,0
5009679,0,X
5009679,-1,0
5009679,-2,1
5009679,-3,0
5009679,-4,C
5009679,-5,X
5009679,-6,0
5009680,0,0
5009680,-1,C
5009680,-2,C
5009680,-3,0
5009680,-4,C
5009680,-5,X
5009680,-6,C
5009680,-7,C
5009680,-8,X
5009680,-9,C
5009681,0,0
5009681,-1,C
5009681,-2,C
5009681,-3,C
5009681,-4,C
5009681,-5,X
5009681,-6,0
5009681,-7,0
5009681,-8,C
5009681,-9,X
5009681,-10,0
5009681,-11,C
5009681,-12,C
5009681,-13,C
5009681,-14,C
5009681,-15,X
5009681,-16,C
5009681,-17,0
5009681,-18,0
5009681,-19,C
5009681,-20,X
5009681,-21,0
5009681,-22,C
5009682,0,0
5009682,-1,C
5009682,-2,0
5009682,-3,0
5009682,-4,C
5009682,-5,0
5009682,-6,C
5009682,-7,C
5009682,-8,C
5009682,-9,C
5009682,-10,X
5009682,-11,0
5009682,-12,X
5009682,-13,1
5009682,-14,0
5009682,-15,0
5009682,-16,1
5009683,0,C
5009683,-1,C
5009683,-2,0
5009683,-3,X
5009683,-4,0
5009683,-5,C
5009683,-6,X
5009683,-7,X
5009683,-8,0
5009683,-9,C
5009683,-10,X
5009683,-11,C
5009684,0,C
5009684,-1,C
5009684,-2,0
5009684,-3,C
5009684,-4,X
5009684,-5,0
5009684,-6,0
5009684,-7,C
5009684,-8,0
5009684,-9,C
5009684,-10,0
5009684,-11,X
5009684,-12,C
5009685,0,X
5009685,-1,C
5009685,-2,X
5009685,-3,0
5009685,-4,C
5009685,-5,C
5009685,-6,0
5009685,-7,0
5009685,-8,C
5009685,-9,X
5009685,-10,0
5009685,-11,X
5009686,0,0
5009686,-1,C
5009686,-2,C
5009686,-3,C
5009686,-4,X
5009686,-5,X
5009686,-6,C
5009686,-7,C
5009686,-8,0
5009686,-9,C
5009686,-10,0
5009687,0,C
5009687,-1,C
5009687,-2,0
5009687,-3,X
5009687,-4,C
5009687,-5,0
5009687,-6,C
5009687,-7,C
5009687,-8,C
5009687,-9,X
5009687,-10,C
5009687,-11,0
5009687,-12,X
5009687,-13,1
5009687,-14,C
5009687,-15,X
5009687,-16,0
5009687,-17,C
5009687,-18,C
5009688,0,C
5009688,-1,C
5009688,-2,C
5009688,-3,X
5009688,-4,C
5009688,-5,X
5009688,-6,C
5009688,-7,1
5009688,-8,0
5009689,0,X
5009689,-1,C
5009689,-2,X
5009689,-3,X
5009689,-4,0
5009689,-5,C
5009689,-6,C
5009689,-7,X
5009689,-8,X
5009689,-9,C
5009689,-10,C
5009689,-11,0
5009689,-12,C
5009689,-13,X
5009689,-14,X
5009689,-15,C
5009690,0,C
5009690,-1,C
5009690,-2,X
5009690,-3,0
5009690,-4,0
5009690,-5,C
5009690,-6,C
5009690,-7,C
5009690,-8,C
5009690,-9,C
5009690,-10,C
5009690,-11,0
5009690,-12,X
5009690,-13,C
5009690,-14,0
5009690,-15,C
5009690,-16,C
5009690,-17,X
5009690,-18,X
5009690,-19,0
5009690,-20,C
5009690,-21,0
5009690,-22,C
5009691,0,X
5009691,-1,0
5009691,-2,C
5009691,-3,0
5009691,-4,C
5009692,0,C
5009692,-1,C
5009692,-2,C
5009692,-3,0
5009692,-4,X
5009692,-5,C
5009692,-6,C
5009692,-7,X
5009692,-8,C
5009692,-9,C
5009692,-10,X
5009692,-11,0
5009693,0,C
5009693,-1,0
5009693,-2,X
5009693,-3,C
5009694,0,0
5009694,-1,0
5009694,-2,C
5009694,-3,1
5009694,-4,C
5009695,0,C
5009695,-1,0
5009695,-2,C
5009695,-3,X
5009695,-4,0
5009695,-5,C
5009695,-6,C
5009695,-7,C
5009695,-8,0
5009695,-9,0
5009695,-10,0
5009695,-11,C
5009695,-12,0
5009695,-13,C
5009695,-14,C
5009695,-15,C
5009695,-16,X
5009695,-17,0
5009695,-18,C
5009695,-19,0
5009695,-20,X
5009696,0,0
5009696,-1,X
5009696,-2,0
5009696,-3,C
5009696,-4,C
5009696,-5,C
5009696,-6,0
5009697,0,C
5009697,-1,C
5009697,-2,0
5009697,-3,0
5009697,-4,C
5009697,-5,X
5009698,0,C
5009698,-1,X
5009698,-2,X
5009698,-3,C
5009698,-4,C
5009699,0,C
5009699,-1,C
5009699,-2,C
5009699,-3,0
5009699,-4,C
5009699,-5,C
5009699,-6,C
5009699,-7,C
5009699,-8,C
5009699,-9,X
5009699,-10,C
5009699,-11,C
5009699,-12,C
5009699,-13,C
5009699,-14,X
5009699,-15,C
5009699,-16,C
5009699,-17,X
5009699,-18,0
5009699,-19,C
5009700,0,0
5009700,-1,X
5009700,-2,X
5009700,-3,C
5009700,-4,C
5009700,-5,C
5009700,-6,0
5009700,-7,C
5009700,-8,X
5009700,-9,X
5009700,-10,X
5009700,-11,C
5009700,-12,C
5009700,-13,C
5009700,-14,0
5009700,-15,0
5009700,-16,X
5009700,-17,C
5009700,-18,0
5009701,0,0
5009701,-1,X
5009701,-2,C
5009701,-3,1
5009701,-4,0
5009701,-5,0
5009701,-6,X
5009701,-7,C
5009701,-8,C
5009701,-9,C
5009701,-10,X
5009701,-11,X
5009701,-12,0
5009701,-13,C
5009701,-14,C
5009701,-15,X
5009702,0,C
5009702,-1,0
5009702,-2,C
5009702,-3,C
5009702,-4,C
5009702,-5,C
5009702,-6,0
5009702,-7,1
5009702,-8,C
5009702,-9,0
5009702,-10,X
5009702,-11,C
5009703,0,C
5009703,-1,X
5009703,-2,0
5009703,-3,C
5009703,-4,0
5009704,0,0
5009704,-1,C
5009704,-2,0
5009704,-3,X
5009704,-4,C
5009704,-5,C
5009704,-6,C
5009704,-7,0
5009704,-8,C
5009704,-9,C
5009704,-10,C
5009704,-11,C
5009704,-12,X
5009704,-13,0
5009705,0,0
5009705,-1,0
5009705,-2,C
5009705,-3,0
5009705,-4,0
5009705,-5,0
5009705,-6,0
5009705,-7,0
5009705,-8,0
5009705,-9,X
5009705,-10,C
5009705,-11,0
5009705,-12,C
5009705,-13,C
5009705,-14,C
5009705,-15,C
5009705,-16,X
5009705,-17,C
5009705,-18,0
5009705,-19,0
5009705,-20,0
5009705,-21,C
5009705,-22,X
5009705,-23,0
5009706,0,C
5009706,-1,C
5009706,-2,C
5009706,-3,C
5009706,-4,X
5009706,-5,X
5009706,-6,C
5009706,-7,C
5009706,-8,C
5009706,-9,0
5009707,0,X
5009707,-1,C
5009707,-2,C
5009707,-3,C
5009708,0,C
5009708,-1,X
5009708,-2,C
5009708,-3,C
5009708,-4,X
5009708,-5,X
5009708,-6,X
5009708,-7,X
5009708,-8,X
5009708,-9,C
5009708,-10,C
5009708,-11,0
5009708,-12,0
5009708,-13,C
5009708,-14,C
5009709,0,0
5009709,-1,0
5009709,-2,C
5009709,-3,C
5009709,-4,0
5009709,-5,0
5009709,-6,C
5009709,-7,1
5009709,-8,C
5009709,-9,X
5009709,-10,C
5009709,-11,X
5009709,-12,C
5009710,0,3
5009710,-1,1
5009710,-2,X
5009710,-3,2
5009710,-4,0
5009710,-5,1
5009710,-6,3
5009710,-7,1
5009710,-8,0
5009711,0,0
5009711,-1,C
5009711,-2,0
5009711,-3,X
5009711,-4,C
5009711,-5,X
5009711,-6,C
5009711,-7,C
5009711,-8,X
5009711,-9,C
5009711,-10,0
5009711,-11,C
5009711,-12,C
5009711,-13,C
5009711,-14,0
5009711,-15,C
5009711,-16,C
5009711,-17,0
5009711,-18,C
5009711,-19,C
5009711,-20,C
5009712,0,X
5009712,-1,C
5009712,-2,C
5009712,-3,C
5009712,-4,X
5009712,-5,C
5009712,-6,C
5009712,-7,0
5009713,0,C
5009713,-1,C
5009713,-2,C
5009713,-3,C
5009713,-4,C
5009714,0,C
5009714,-1,X
5009714,-2,C
5009714,-3,C
5009714,-4,0
5009715,0,C
5009715,-1,X
5009715,-2,C
5009715,-3,0
5009715,-4,C
5009715,-5,C
5009715,-6,C
5009715,-7,X
5009715,-8,C
5009715,-9,C
5009715,-10,C
5009715,-11,0
5009715,-12,X
5009715,-13,C
5009715,-14,X
5009716,0,C
5009716,-1,C
5009716,-2,C
5009716,-3,C
5009716,-4,C
5009716,-5,0
5009716,-6,C
5009716,-7,X
5009716,-8,C
5009716,-9,C
5009717,0,C
5009717,-1,C
5009717,-2,C
5009717,-3,1
5009717,-4,0
5009717,-5,C
5009717,-6,0
5009717,-7,X
5009717,-8,C
5009717,-9,C
5009717,-10,C
5009717,-11,C
5009717,-12,X
5009717,-13,0
5009717,-14,C
5009717,-15,C
5009717,-16,C
5009717,-17,C
5009717,-18,0
5009717,-19,0
5009717,-20,C
5009717,-21,0
5009717,-22,C
5009717,-23,0
5009718,0,X
5009718,-1,0
5009718,-2,0
5009718,-3,C
5009718,-4,X
5009718,-5,C
5009718,-6,0
5009718,-7,X
5009718,-8,C
5009718,-9,0
5009718,-10,X
5009718,-11,C
5009718,-12,X
5009718,-13,0
5009719,0,C
5009719,-1,C
5009719,-2,X
5009719,-3,C
5009719,-4,0
5009719,-5,0
5009720,0,0
5009720,-1,X
5009720,-2,X
5009720,-3,C
5009720,-4,0
5009720,-5,C
5009720,-6,C
5009720,-7,C
5009720,-8,C
5009720,-9,0
5009720,-10,0
5009721,0,X
5009721,-1,0
5009721,-2,C
5009721,-3,0
5009721,-4,X
5009721,-5,C
5009721,-6,C
5009721,-7,0
5009721,-8,C
5009721,-9,C
5009721,-10,C
5009721,-11,C
5009721,-12,0
5009721,-13,X
5009721,-14,0
5009721,-15,X
5009721,-16,C
5009721,-17,C
5009721,-18,C
5009721,-19,C
5009721,-20,C
5009721,-21,C
5009721,-22,C
5009721,-23,0
5009722,0,X
5009722,-1,C
5009722,-2,C
5009722,-3,C
5009722,-4,X
5009723,0,X
5009723,-1,C
5009723,-2,X
5009723,-3,0
5009723,-4,0
5009723,-5,X
5009723,-6,0
5009723,-7,C
5009723,-8,0
5009723,-9,X
5009723,-10,C
5009723,-11,C
5009723,-12,0
5009724,0,C
5009724,-1,C
5009724,-2,X
5009724,-3,0
5009725,0,C
5009725,-1,X
5009725,-2,C
5009725,-3,0
5009725,-4,0
5009725,-5,C
5009725,-6,0
5009725,-7,0
5009725,-8,0
5009725,-9,0
5009725,-10,C
5009725,-11,C
5009725,-12,X
5009725,-13,0
5009725,-14,C
5009725,-15,0
5009725,-16,X
5009725,-17,0
5009725,-18,C
5009725,-19,0
5009725,-20,0
5009725,-21,0
5009726,0,C
5009726,-1,C
5009726,-2,C
5009726,-3,X
5009726,-4,C
5009726,-5,C
5009726,-6,C
5009726,-7,C
5009726,-8,1
5009726,-9,C
5009726,-10,C
5009726,-11,0
5009726,-12,C
5009726,-13,C
5009726,-14,C
5009726,-15,C
5009726,-16,0
5009726,-17,C
5009726,-18,C
5009726,-19,X
5009727,0,0
5009727,-1,0
5009727,-2,0
5009727,-3,0
5009727,-4,X
5009728,0,C
5009728,-1,0
5009728,-2,0
5009728,-3,C
5009728,-4,X
5009728,-5,C
5009728,-6,C
5009728,-7,C
5009728,-8,0
5009728,-9,C
5009728,-10,C
5009728,-11,X
5009728,-12,0
5009728,-13,1
5009728,-14,0
5009728,-15,C
5009728,-16,0
5009728,-17,C
5009728,-18,0
5009728,-19,C
5009728,-20,0
5009728,-21,0
5009729,0,X
5009729,-1,X
5009729,-2,X
5009729,-3,C
5009729,-4,0
5009729,-5,C
5009729,-6,1
5009729,-7,X
5009729,-8,0
5009729,-9,X
5009729,-10,0
5009729,-11,0
5009729,-12,C
5009729,-13,C
5009729,-14,X
5009729,-15,0
5009729,-16,X
5009729,-17,C
5009729,-18,C
5009729,-19,0
5009729,-20,C
5009729,-21,0
5009729,-22,0
5009729,-23,X
5009730,0,0
5009730,-1,C
5009730,-2,X
5009730,-3,X
5009730,-4,X
5009730,-5,X
5009730,-6,C
5009730,-7,C
5009731,0,0
5009731,-1,0
5009731,-2,X
5009731,-3,C
5009731,-4,X
5009731,-5,1
5009731,-6,C
5009731,-7,C
5009731,-8,C
5009731,-9,0
5009731,-10,X
5009731,-11,0
5009731,-12,0
5009731,-13,C
5009732,0,5
5009732,-1,0
5009732,-2,2
5009732,-3,2
5009732,-4,2
5009732,-5,C
5009732,-6,C
5009732,-7,0
5009732,-8,1
5009732,-9,C
5009732,-10,1
5009732,-11,2
5009732,-12,0
5009732,-13,2
5009732,-14,2
5009732,-15,2
5009732,-16,4
5009732,-17,0
5009732,-18,C
5009732,-19,2
5009732,-20,2
5009732,-21,2
5009732,-22,1
5009732,-23,3
5009733,0,X
5009733,-1,X
5009733,-2,X
5009733,-3,X
5009733,-4,C
5009733,-5,C
5009733,-6,C
5009733,-7,C
5009733,-8,X
5009733,-9,X
5009733,-10,C
5009734,0,X
5009734,-1,C
5009734,-2,C
5009734,-3,C
5009734,-4,C
5009734,-5,C
5009734,-6,C
5009734,-7,C
5009734,-8,0
5009734,-9,X
5009734,-10,X
5009734,-11,C
5009735,0,C
5009735,-1,C
5009735,-2,0
5009735,-3,0
5009735,-4,C
5009735,-5,C
5009735,-6,C
5009735,-7,C
5009735,-8,C
5009735,-9,0
5009735,-10,C
5009735,-11,1
5009735,-12,C
5009735,-13,C
5009735,-14,0
5009735,-15,C
5009735,-16,0
5009735,-17,C
5009736,0,0
5009736,-1,C
5009736,-2,C
5009736,-3,0
5009736,-4,0
5009736,-5,1
5009736,-6,C
5009736,-7,0
5009736,-8,C
5009736,-9,0
5009736,-10,0
5009736,-11,C
5009736,-12,C
5009736,-13,X
5009737,0,C
5009737,-1,C
5009737,-2,C
5009737,-3,C
5009737,-4,C
5009737,-5,X
5009737,-6,C
5009738,0,1
5009738,-1,C
5009738,-2,0
5009738,-3,0
5009738,-4,0
5009738,-5,C
5009738,-6,0
5009738,-7,C
5009738,-8,0
5009738,-9,C
5009738,-10,C
5009738,-11,C
5009738,-12,1
5009738,-13,C
5009738,-14,X
5009738,-15,C
5009738,-16,C
5009738,-17,0
5009738,-18,0
5009738,-19,C
5009738,-20,C
5009739,0,C
5009739,-1,C
5009739,-2,C
5009739,-3,X
5009739,-4,C
5009739,-5,C
5009739,-6,C
5009739,-7,C
5009739,-8,0
5009739,-9,X
5009740,0,X
5009740,-1,X
5009740,-2,C
5009741,0,C
5009741,-1,C
5009741,-2,C
5009741,-3,C
5009742,0,X
5009742,-1,X
5009742,-2,X
5009742,-3,0
5009742,-4,C
5009742,-5,C
5009742,-6,C
5009742,-7,0
5009742,-8,C
5009743,0,0
5009743,-1,X
5009743,-2,C
5009743,-3,C
5009743,-4,C
5009743,-5,X
5009743,-6,0
5009743,-7,X
5009743,-8,C
5009743,-9,0
5009743,-10,X
5009743,-11,C
5009743,-12,C
5009743,-13,X
5009743,-14,X
5009743,-15,0
5009743,-16,X
5009743,-17,C
5009744,0,C
5009744,-1,0
5009744,-2,X
5009744,-3,C
5009744,-4,C
5009744,-5,X
5009744,-6,0
5009744,-7,C
5009744,-8,X
5009744,-9,C
5009744,-10,C
5009744,-11,C
5009744,-12,C
5009744,-13,0
5009745,0,C
5009745,-1,X
5009745,-2,X
5009745,-3,C
5009745,-4,0
5009745,-5,X
5009745,-6,X
5009745,-7,X
5009745,-8,X
5009745,-9,C
5009745,-10,C
5009745,-11,0
5009745,-12,C
5009745,-13,0
5009745,-14,X
5009745,-15,0
5009745,-16,X
5009745,-17,C
5009745,-18,C
5009745,-19,C
5009745,-20,C
5009745,-21,X
5009746,0,C
5009746,-1,C
5009746,-2,C
5009746,-3,C
5009746,-4,X
5009746,-5,C
5009746,-6,C
5009746,-7,C
5009746,-8,C
5009746,-9,0
5009746,-10,X
5009746,-11,C
5009746,-12,X
5009746,-13,C
5009746,-14,X
5009746,-15,C
5009746,-16,C
5009746,-17,C
5009746,-18,C
5009746,-19,C
5009746,-20,X
5009746,-21,X
5009746,-22,C
5009746,-23,C
5009747,0,C
5009747,-1,0
5009747,-2,C
5009747,-3,C
5009747,-4,C
5009747,-5,0
5009747,-6,C
5009747,-7,C
5009747,-8,C
5009747,-9,X
5009747,-10,C
5009747,-11,0
5009747,-12,C
5009747,-13,C
5009747,-14,X
5009747,-15,C
5009747,-16,X
5009747,-17,C
5009747,-18,C
5009747,-19,X
5009747,-20,C
5009747,-21,X
5009748,0,C
5009748,-1,C
5009748,-2,X
5009748,-3,C
5009748,-4,C
5009748,-5,C
5009748,-6,C
5009748,-7,C
5009748,-8,C
5009748,-9,0
5009748,-10,C
5009748,-11,C
5009749,0,0
5009749,-1,C
5009749,-2,C
5009749,-3,X
5009749,-4,0
5009749,-5,C
5009749,-6,C
5009749,-7,0
5009749,-8,C
5009749,-9,0
5009749,-10,C
5009749,-11,0
5009749,-12,C
5009749,-13,0
5009749,-14,C
5009749,-15,X
5009749,-16,X
5009750,0,C
5009750,-1,0
5009750,-2,X
5009750,-3,C
5009750,-4,C
5009750,-5,X
5009750,-6,C
5009750,-7,0
5009750,-8,0
5009750,-9,0
5009750,-10,C
5009750,-11,0
5009750,-12,C
5009750,-13,C
5009750,-14,0
5009750,-15,C
5009750,-16,0
5009750,-17,0
5009750,-18,X
5009750,-19,C
5009750,-20,C
5009750,-21,C
5009750,-22,C
5009750,-23,0
5009751,0,0
5009751,-1,0
5009751,-2,X
5009751,-3,C
5009751,-4,C
5009751,-5,C
5009751,-6,C
5009751,-7,0
5009751,-8,0
5009751,-9,X
5009751,-10,C
5009751,-11,0
5009751,-12,C
5009751,-13,C
5009751,-14,0
5009751,-15,0
5009752,0,C
5009752,-1,X
5009752,-2,C
5009752,-3,0
5009752,-4,0
5009752,-5,X
5009752,-6,0
5009752,-7,X
5009752,-8,0
5009752,-9,0
5009752,-10,0
5009752,-11,0
5009752,-12,0
5009752,-13,C
5009752,-14,X
5009752,-15,X
5009753,0,C
5009753,-1,0
5009753,-2,C
5009753,-3,C
5009753,-4,X
5009753,-5,0
5009753,-6,0
5009753,-7,C
5009753,-8,X
5009753,-9,0
5009753,-10,X
5009753,-11,C
5009753,-12,C
5009753,-13,C
5009753,-14,C
5009754,0,X
5009754,-1,X
5009754,-2,X
5009754,-3,C
5009754,-4,0
5009754,-5,C
5009754,-6,C
5009754,-7,X
5009754,-8,X
5009754,-9,X
5009754,-10,X
5009754,-11,C
5009754,-12,0
5009754,-13,0
5009754,-14,C
5009755,0,0
5009755,-1,C
5009755,-2,C
5009755,-3,C
5009755,-4,C
5009755,-5,1
5009755,-6,C
5009755,-7,C
5009755,-8,C
5009755,-9,C
5009755,-10,C
5009755,-11,C
5009756,0,C
5009756,-1,0
5009756,-2,0
5009756,-3,1
5009756,-4,0
5009756,-5,C
5009756,-6,0
5009756,-7,2
5009756,-8,0
5009756,-9,0
5009756,-10,0
5009756,-11,0
5009756,-12,2
5009756,-13,1
5009756,-14,1
5009756,-15,3
5009756,-16,0
5009756,-17,X
5009756,-18,X
5009756,-19,0
5009757,0,0
5009757,-1,0
5009757,-2,C
5009757,-3,C
5009757,-4,C
5009757,-5,0
5009757,-6,0
5009757,-7,0
5009757,-8,0
5009757,-9,X
5009758,0,C
5009758,-1,0
5009758,-2,C
5009758,-3,X
5009759,0,C
5009759,-1,0
5009759,-2,C
5009759,-3,0
5009759,-4,C
5009759,-5,C
5009759,-6,C
5009759,-7,C
5009759,-8,0
5009760,0,C
5009760,-1,C
5009760,-2,0
5009761,0,C
5009761,-1,1
5009761,-2,0
5009761,-3,C
5009761,-4,0
5009761,-5,0
5009761,-6,0
5009761,-7,C
5009761,-8,X
5009761,-9,0
5009761,-10,X
5009761,-11,C
5009761,-12,0
5009761,-13,0
5009761,-14,X
5009761,-15,X
5009761,-16,0
5009761,-17,C
5009761,-18,0
5009762,0,C
5009762,-1,C
5009762,-2,C
5009762,-3,C
5009762,-4,0
5009762,-5,0
5009762,-6,C
5009762,-7,0
5009762,-8,C
5009762,-9,C
5009762,-10,X
5009762,-11,0
5009762,-12,C
5009762,-13,C
5009763,0,C
5009763,-1,0
5009763,-2,X
5009763,-3,C
5009763,-4,C
5009763,-5,0
5009763,-6,0
5009763,-7,X
5009763,-8,0
5009763,-9,0
5009763,-10,0
5009763,-11,C
5009763,-12,C
5009763,-13,0
5009763,-14,C
5009763,-15,C
5009763,-16,C
5009763,-17,X
5009763,-18,C
5009763,-19,C
5009763,-20,0
5009763,-21,C
5009763,-22,C
5009764,0,X
5009764,-1,0
5009764,-2,0
5009764,-3,C
5009765,0,C
5009765,-1,X
5009765,-2,0
5009765,-3,C
5009765,-4,C
5009765,-5,X
5009765,-6,C
5009765,-7,0
5009765,-8,C
5009766,0,X
5009766,-1,1
5009766,-2,3
5009766,-3,5
5009766,-4,3
5009766,-5,2
5009766,-6,2
5009766,-7,2
5009766,-8,1
5009766,-9,3
5009766,-10,5
5009766,-11,1
5009766,-12,2
5009766,-13,4
5009766,-14,0
5009767,0,C
5009767,-1,C
5009767,-2,C
5009767,-3,0
5009767,-4,C
5009768,0,X
5009768,-1,C
5009768,-2,X
5009768,-3,X
5009768,-4,C
5009768,-5,X
5009769,0,C
5009769,-1,C
5009769,-2,C
5009769,-3,0
5009769,-4,X
5009769,-5,C
5009769,-6,0
5009769,-7,C
5009769,-8,C
5009769,-9,C
5009770,0,0
5009770,-1,C
5009770,-2,C
5009770,-3,X
5009770,-4,X
5009770,-5,X
5009770,-6,0
5009770,-7,C
5009770,-8,C
5009770,-9,X
5009770,-10,C
5009770,-11,C
5009771,0,C
5009771,-1,C
5009771,-2,C
5009771,-3,C
5009771,-4,C
5009771,-5,0
5009771,-6,0
5009771,-7,0
5009771,-8,C
5009771,-9,C
5009771,-10,0
5009771,-11,0
5009771,-12,0
5009771,-13,0
5009771,-14,0
5009771,-15,C
5009771,-16,0
5009771,-17,0
5009771,-18,0
5009771,-19,0
5009772,0,C
5009772,-1,C
5009772,-2,C
5009772,-3,0
5009772,-4,0
5009772,-5,C
5009772,-6,X
5009772,-7,C
5009772,-8,X
5009772,-9,C
5009772,-10,0
5009772,-11,C
5009772,-12,X
5009772,-13,0
5009772,-14,C
5009772,-15,0
5009772,-16,X
5009772,-17,C
5009772,-18,C
5009772,-19,0
5009772,-20,C
5009772,-21,C
5009773,0,X
5009773,-1,X
5009773,-2,0
5009773,-3,C
5009773,-4,X
5009773,-5,C
5009773,-6,C
5009773,-7,1
5009773,-8,C
5009773,-9,C
5009774,0,C
5009774,-1,C
5009774,-2,0
5009775,0,0
5009775,-1,C
5009775,-2,0
5009775,-3,X
5009775,-4,X
5009775,-5,C
5009775,-6,C
5009775,-7,C
5009775,-8,C
5009775,-9,X
5009775,-10,C
5009775,-11,C
5009775,-12,C
5009775,-13,0
5009775,-14,C
5009775,-15,C
5009775,-16,1
5009776,0,1
5009776,-1,X
5009776,-2,C
5009776,-3,X
5009776,-4,X
5009776,-5,C
5009776,-6,0
5009776,-7,0
5009776,-8,C
5009776,-9,X
5009776,-10,C
5009776,-11,C
5009776,-12,C
5009776,-13,C
5009776,-14,C
5009776,-15,0
5009776,-16,C
5009776,-17,C
5009777,0,X
5009777,-1,C
5009777,-2,0
5009777,-3,0
5009777,-4,X
5009777,-5,X
5009777,-6,0
5009777,-7,C
5009777,-8,X
5009777,-9,C
5009777,-10,C
5009777,-11,C
5009777,-12,C
5009777,-13,C
5009777,-14,X
5009777,-15,C
5009777,-16,C
5009777,-17,C
5009777,-18,0
5009777,-19,0
5009777,-20,C
5009777,-21,0
5009778,0,C
5009778,-1,0
5009778,-2,C
5009778,-3,C
5009778,-4,0
5009778,-5,0
5009778,-6,C
5009779,0,0
5009779,-1,C
5009779,-2,C
5009779,-3,C
5009779,-4,C
5009779,-5,C
5009779,-6,0
5009779,-7,C
5009779,-8,C
5009779,-9,X
5009779,-10,0
5009779,-11,0
5009779,-12,C
5009779,-13,0
5009779,-14,C
5009779,-15,C
5009779,-16,C
5009779,-17,0
5009779,-18,C
5009780,0,C
5009780,-1,X
5009780,-2,C
5009780,-3,C
5009780,-4,0
5009780,-5,C
5009780,-6,X
5009780,-7,0
5009780,-8,0
5009780,-9,X
5009780,-10,0
5009780,-11,0
5009780,-12,C
5009780,-13,C
5009780,-14,0
5009780,-15,0
5009780,-16,X
5009780,-17,C
5009780,-18,0
5009780,-19,0
5009780,-20,X
5009780,-21,0
5009781,0,X
5009781,-1,0
5009781,-2,C
5009781,-3,0
5009781,-4,C
5009781,-5,0
5009781,-6,X
5009781,-7,X
5009781,-8,X
5009781,-9,C
5009781,-10,0
5009782,0,C
5009782,-1,X
5009782,-2,C
5009782,-3,C
5009782,-4,X
5009782,-5,X
5009783,0,C
5009783,-1,C
5009783,-2,C
5009783,-3,C
5009783,-4,X
5009783,-5,C
5009783,-6,0
5009783,-7,C
5009783,-8,C
5009783,-9,1
5009783,-10,X
5009783,-11,X
5009783,-12,0
5009783,-13,0
5009783,-14,X
5009783,-15,C
5009783,-16,C
5009783,-17,0
5009783,-18,0
5009784,0,C
5009784,-1,0
5009784,-2,C
5009784,-3,X
5009784,-4,X
5009784,-5,C
5009784,-6,0
5009785,0,C
5009785,-1,C
5009785,-2,0
5009785,-3,C
5009785,-4,C
5009785,-5,C
5009785,-6,C
5009785,-7,C
5009785,-8,X
5009785,-9,X
5009785,-10,C
5009785,-11,C
5009785,-12,C
5009785,-13,C
5009785,-14,C
5009785,-15,C
5009785,-16,0
5009785,-17,C
5009785,-18,0
5009785,-19,C
5009785,-20,1
5009785,-21,C
5009785,-22,C
5009786,0,0
5009786,-1,X
5009786,-2,X
5009786,-3,0
5009786,-4,C
5009786,-5,0
5009786,-6,0
5009786,-7,C
5009786,-8,0
5009786,-9,C
5009786,-10,X
5009786,-11,C
5009786,-12,C
5009786,-13,0
5009786,-14,C
5009787,0,C
5009787,-1,C
5009787,-2,C
5009787,-3,0
5009787,-4,C
5009787,-5,C
5009787,-6,X
5009787,-7,C
5009787,-8,0
5009787,-9,0
5009787,-10,0
5009787,-11,C
5009787,-12,0
5009787,-13,C
5009787,-14,X
5009787,-15,C
5009787,-16,0
5009787,-17,C
5009787,-18,0
5009787,-19,C
5009788,0,C
5009788,-1,C
5009788,-2,0
5009788,-3,C
5009788,-4,0
5009788,-5,C
5009788,-6,X
5009788,-7,X
5009788,-8,C
5009788,-9,0
5009788,-10,X
5009788,-11,C
5009788,-12,C
5009788,-13,C
5009788,-14,C
5009788,-15,X
5009788,-16,C
5009788,-17,X
5009788,-18,0
5009788,-19,C
5009788,-20,C
5009788,-21,0
5009789,0,C
5009789,-1,C
5009789,-2,X
5009789,-3,C
5009789,-4,0
5009789,-5,X
5009789,-6,C
5009789,-7,X
5009789,-8,C
5009789,-9,C
5009789,-10,X
5009789,-11,X
5009789,-12,0
5009789,-13,C
5009789,-14,C
5009789,-15,0
5009789,-16,1
5009789,-17,0
5009789,-18,C
5009789,-19,C
5009789,-20,X
5009789,-21,C
5009789,-22,C
5009790,0,X
5009790,-1,C
5009790,-2,C
5009790,-3,0
5009790,-4,0
5009790,-5,C
5009790,-6,C
5009790,-7,C
5009790,-8,C
5009790,-9,X
5009791,0,0
5009791,-1,C
5009791,-2,C
5009791,-3,C
5009792,0,0
5009792,-1,0
5009792,-2,0
5009792,-3,X
5009792,-4,0
5009792,-5,X
5009792,-6,C
5009792,-7,C
5009792,-8,0
5009792,-9,C
5009792,-10,C
5009792,-11,C
5009793,0,C
5009793,-1,C
5009793,-2,0
5009793,-3,C
5009793,-4,0
5009793,-5,C
5009793,-6,1
5009793,-7,0
5009793,-8,C
5009793,-9,0
5009793,-10,0
5009793,-11,X
5009793,-12,C
5009793,-13,X
5009794,0,C
5009794,-1,0
5009794,-2,C
5009794,-3,X
5009794,-4,C
5009794,-5,C
5009794,-6,C
5009794,-7,0
5009794,-8,C
5009794,-9,C
5009794,-10,0
5009794,-11,0
5009794,-12,0
5009794,-13,C
5009794,-14,X
5009794,-15,0
5009794,-16,X
5009794,-17,X
5009794,-18,C
5009795,0,0
5009795,-1,C
5009795,-2,C
5009795,-3,C
5009795,-4,C
5009795,-5,C
5009795,-6,C
5009795,-7,0
5009795,-8,C
5009795,-9,C
5009795,-10,0
5009795,-11,C
5009795,-12,0
5009795,-13,X
5009795,-14,C
5009795,-15,X
5009795,-16,C
5009795,-17,0
5009795,-18,C
5009795,-19,C
5009795,-20,0
5009795,-21,C
5009795,-22,C
5009795,-23,C
5009796,0,X
5009796,-1,C
5009796,-2,0
5009796,-3,C
5009796,-4,0
5009796,-5,0
5009796,-6,0
5009796,-7,C
5009796,-8,0
5009796,-9,C
5009796,-10,X
5009796,-11,0
5009796,-12,X
5009796,-13,0
5009796,-14,0
5009796,-15,0
5009796,-16,0
5009796,-17,0
5009796,-18,X
5009796,-19,C
5009797,0,C
5009797,-1,0
5009797,-2,0
5009797,-3,C
5009797,-4,0
5009797,-5,C
5009797,-6,X
5009797,-7,C
5009797,-8,C
5009797,-9,C
5009798,0,C
5009798,-1,C
5009798,-2,X
5009798,-3,C
5009798,-4,X
5009798,-5,C
5009798,-6,0
5009798,-7,C
5009798,-8,C
5009798,-9,1
5009798,-10,C
5009798,-11,C
5009798,-12,0
5009798,-13,1
5009798,-14,C
5009798,-15,X
5009798,-16,X
5009798,-17,C
5009798,-18,C
5009799,0,C
5009799,-1,X
5009799,-2,C
5009799,-3,0
5009799,-4,0
5009799,-5,C
5009799,-6,0
5009800,0,C
5009800,-1,1
5009800,-2,0
5009800,-3,1
5009800,-4,C
5009801,0,C
5009801,-1,C
5009801,-2,X
5009801,-3,0
5009801,-4,C
5009801,-5,X
5009801,-6,C
5009801,-7,C
5009801,-8,0
5009802,0,0
5009802,-1,C
5009802,-2,0
5009802,-3,0
5009802,-4,0
5009802,-5,0
5009803,0,1
5009803,-1,X
5009803,-2,X
5009803,-3,C
5009803,-4,1
5009803,-5,C
5009803,-6,X
5009803,-7,0
5009803,-8,C
5009803,-9,X
5009803,-10,X
5009803,-11,C
5009803,-12,C
5009803,-13,C
5009803,-14,0
5009803,-15,X
5009803,-16,C
5009803,-17,C
5009803,-18,C
5009803,-19,C
5009803,-20,C
5009803,-21,C
5009803,-22,X
